part,stream,views,q,kneg,nn,seeds,seed_ood_frac,alpha,base,AUROC,FPR95
openood,textures_seed125,L14+D3L,0.0,0,0,0,,0.0,none,97.98007041343669,7.1899224806201545
openood,textures_seed125,L14+D3L,0.0,0,0,0,,0.0,TINS,99.21611757105944,3.062015503875969
openood,textures_seed125,L14+D3L,0.0,0,0,0,,0.5,none,98.16957192075797,6.4147286821705425
openood,textures_seed125,L14+D3L,0.0,0,0,0,,0.5,TINS,99.16595004306633,3.1782945736434107
openood,textures_seed125,L14+D3L,0.0,0,0,0,,1.0,none,98.19452799310938,6.24031007751938
openood,textures_seed125,L14+D3L,0.0,0,0,0,,1.0,TINS,99.08488975021532,3.430232558139535
openood,textures_seed125,L14+D3L,0.05,5,0,4591,0.9213678937050751,0.0,none,98.94033139534885,3.817829457364341
openood,textures_seed125,L14+D3L,0.05,5,0,4591,0.9213678937050751,0.0,TINS,99.32536606373816,2.2674418604651163
openood,textures_seed125,L14+D3L,0.05,5,0,4591,0.9213678937050751,0.5,none,98.89582299741602,3.9922480620155043
openood,textures_seed125,L14+D3L,0.05,5,0,4591,0.9213678937050751,0.5,TINS,99.22989922480622,2.6744186046511627
openood,textures_seed125,L14+D3L,0.05,5,0,4591,0.9213678937050751,1.0,none,98.84785271317831,4.2441860465116275
openood,textures_seed125,L14+D3L,0.05,5,0,4591,0.9213678937050751,1.0,TINS,99.14870973298879,3.1589147286821704
openood,textures_seed125,L14+D3L,0.05,5,1,4591,0.9213678937050751,0.0,none,99.03767355727821,3.488372093023256
openood,textures_seed125,L14+D3L,0.05,5,1,4591,0.9213678937050751,0.0,TINS,99.30732515073213,2.422480620155039
openood,textures_seed125,L14+D3L,0.05,5,1,4591,0.9213678937050751,0.5,none,98.97685400516795,3.74031007751938
openood,textures_seed125,L14+D3L,0.05,5,1,4591,0.9213678937050751,0.5,TINS,99.20521274763135,2.8682170542635657
openood,textures_seed125,L14+D3L,0.05,5,1,4591,0.9213678937050751,1.0,none,98.91749913867355,4.108527131782946
openood,textures_seed125,L14+D3L,0.05,5,1,4591,0.9213678937050751,1.0,TINS,99.1212579672696,3.391472868217054
openood,textures_seed125,L14+D3L,0.05,10,0,4591,0.9213678937050751,0.0,none,98.96861240310079,3.662790697674419
openood,textures_seed125,L14+D3L,0.05,10,0,4591,0.9213678937050751,0.0,TINS,99.32626787252367,2.2286821705426356
openood,textures_seed125,L14+D3L,0.05,10,0,4591,0.9213678937050751,0.5,none,98.91788199827734,3.9922480620155043
openood,textures_seed125,L14+D3L,0.05,10,0,4591,0.9213678937050751,0.5,TINS,99.23282472006892,2.558139534883721
openood,textures_seed125,L14+D3L,0.05,10,0,4591,0.9213678937050751,1.0,none,98.86709086993972,4.127906976744186
openood,textures_seed125,L14+D3L,0.05,10,0,4591,0.9213678937050751,1.0,TINS,99.15366795865634,3.0813953488372094
openood,textures_seed125,L14+D3L,0.05,10,1,4591,0.9213678937050751,0.0,none,99.05298062015504,3.372093023255814
openood,textures_seed125,L14+D3L,0.05,10,1,4591,0.9213678937050751,0.0,TINS,99.30998277347115,2.2868217054263567
openood,textures_seed125,L14+D3L,0.05,10,1,4591,0.9213678937050751,0.5,none,98.98966322136089,3.6821705426356592
openood,textures_seed125,L14+D3L,0.05,10,1,4591,0.9213678937050751,0.5,TINS,99.20901076658055,2.7713178294573644
openood,textures_seed125,L14+D3L,0.05,10,1,4591,0.9213678937050751,1.0,none,98.92920241171404,4.147286821705427
openood,textures_seed125,L14+D3L,0.05,10,1,4591,0.9213678937050751,1.0,TINS,99.12618863049096,3.2945736434108532
openood,textures_seed125,L14+D3L,0.05,0,1,4591,0.9213678937050751,0.0,none,98.79504629629629,4.2441860465116275
openood,textures_seed125,L14+D3L,0.05,0,1,4591,0.9213678937050751,0.0,TINS,99.27662833763998,2.5
openood,textures_seed125,L14+D3L,0.05,0,1,4591,0.9213678937050751,0.5,none,98.8011029285099,4.282945736434109
openood,textures_seed125,L14+D3L,0.05,0,1,4591,0.9213678937050751,0.5,TINS,99.19034539190352,2.810077519379845
openood,textures_seed125,L14+D3L,0.05,0,1,4591,0.9213678937050751,1.0,none,98.75886132644271,4.593023255813954
openood,textures_seed125,L14+D3L,0.05,0,1,4591,0.9213678937050751,1.0,TINS,99.10449138673557,3.1782945736434107
openood,textures_seed125,L14+D3L,0.1,5,0,5177,0.868456635116863,0.0,none,98.89817700258398,4.379844961240311
openood,textures_seed125,L14+D3L,0.1,5,0,5177,0.868456635116863,0.0,TINS,99.30259517657191,2.5775193798449614
openood,textures_seed125,L14+D3L,0.1,5,0,5177,0.868456635116863,0.5,none,98.85760163652024,4.437984496124031
openood,textures_seed125,L14+D3L,0.1,5,0,5177,0.868456635116863,0.5,TINS,99.20449526270458,3.062015503875969
openood,textures_seed125,L14+D3L,0.1,5,0,5177,0.868456635116863,1.0,none,98.81102540913005,4.689922480620155
openood,textures_seed125,L14+D3L,0.1,5,0,5177,0.868456635116863,1.0,TINS,99.12091128337639,3.488372093023256
openood,textures_seed125,L14+D3L,0.1,5,1,5177,0.868456635116863,0.0,none,98.97141795865633,4.069767441860465
openood,textures_seed125,L14+D3L,0.1,5,1,5177,0.868456635116863,0.0,TINS,99.27179285099051,2.6937984496124034
openood,textures_seed125,L14+D3L,0.1,5,1,5177,0.868456635116863,0.5,none,98.91531180017226,4.437984496124031
openood,textures_seed125,L14+D3L,0.1,5,1,5177,0.868456635116863,0.5,TINS,99.1635301464255,3.3139534883720927
openood,textures_seed125,L14+D3L,0.1,5,1,5177,0.868456635116863,1.0,none,98.85745693367785,4.767441860465117
openood,textures_seed125,L14+D3L,0.1,5,1,5177,0.868456635116863,1.0,TINS,99.07568690783806,3.8372093023255816
openood,textures_seed125,L14+D3L,0.1,10,0,5177,0.868456635116863,0.0,none,98.93128337639966,4.224806201550388
openood,textures_seed125,L14+D3L,0.1,10,0,5177,0.868456635116863,0.0,TINS,99.30792678725237,2.441860465116279
openood,textures_seed125,L14+D3L,0.1,10,0,5177,0.868456635116863,0.5,none,98.88286347975883,4.4186046511627906
openood,textures_seed125,L14+D3L,0.1,10,0,5177,0.868456635116863,0.5,TINS,99.21139405684754,2.9069767441860463
openood,textures_seed125,L14+D3L,0.1,10,0,5177,0.868456635116863,1.0,none,98.83283290267012,4.689922480620155
openood,textures_seed125,L14+D3L,0.1,10,0,5177,0.868456635116863,1.0,TINS,99.12935529715762,3.372093023255814
openood,textures_seed125,L14+D3L,0.1,10,1,5177,0.868456635116863,0.0,none,98.99277562446167,4.011627906976744
openood,textures_seed125,L14+D3L,0.1,10,1,5177,0.868456635116863,0.0,TINS,99.27873858742466,2.6937984496124034
openood,textures_seed125,L14+D3L,0.1,10,1,5177,0.868456635116863,0.5,none,98.93182084409992,4.4186046511627906
openood,textures_seed125,L14+D3L,0.1,10,1,5177,0.868456635116863,0.5,TINS,99.17128380706288,3.2751937984496124
openood,textures_seed125,L14+D3L,0.1,10,1,5177,0.868456635116863,1.0,none,98.8719074074074,4.709302325581395
openood,textures_seed125,L14+D3L,0.1,10,1,5177,0.868456635116863,1.0,TINS,99.08351981050816,3.817829457364341
openood,textures_seed125,L14+D3L,0.1,0,1,5177,0.868456635116863,0.0,none,98.72373148148147,4.593023255813954
openood,textures_seed125,L14+D3L,0.1,0,1,5177,0.868456635116863,0.0,TINS,99.25331524547803,2.7713178294573644
openood,textures_seed125,L14+D3L,0.1,0,1,5177,0.868456635116863,0.5,none,98.73420198105082,4.767441860465117
openood,textures_seed125,L14+D3L,0.1,0,1,5177,0.868456635116863,0.5,TINS,99.15924504737295,3.12015503875969
openood,textures_seed125,L14+D3L,0.1,0,1,5177,0.868456635116863,1.0,none,98.69216408268733,5.251937984496124
openood,textures_seed125,L14+D3L,0.1,0,1,5177,0.868456635116863,1.0,TINS,99.06651335055987,3.6821705426356592
openood,textures_seed125,L14xD3L+D3L,0.0,0,0,0,,0.0,none,97.7850968992248,7.55813953488372
openood,textures_seed125,L14xD3L+D3L,0.0,0,0,0,,0.0,TINS,99.13485314384151,3.352713178294574
openood,textures_seed125,L14xD3L+D3L,0.0,0,0,0,,0.5,none,98.10545973298879,6.124031007751938
openood,textures_seed125,L14xD3L+D3L,0.0,0,0,0,,0.5,TINS,99.11836003445306,3.372093023255814
openood,textures_seed125,L14xD3L+D3L,0.0,0,0,0,,1.0,none,98.20816472868216,5.717054263565891
openood,textures_seed125,L14xD3L+D3L,0.0,0,0,0,,1.0,TINS,99.06492764857882,3.488372093023256
openood,textures_seed125,L14xD3L+D3L,0.05,5,0,4509,0.9232645819472167,0.0,none,98.87603574504736,3.934108527131783
openood,textures_seed125,L14xD3L+D3L,0.05,5,0,4509,0.9232645819472167,0.0,TINS,99.28833936261843,2.248062015503876
openood,textures_seed125,L14xD3L+D3L,0.05,5,0,4509,0.9232645819472167,0.5,none,98.88763824289406,3.7596899224806206
openood,textures_seed125,L14xD3L+D3L,0.05,5,0,4509,0.9232645819472167,0.5,TINS,99.21997114556417,2.3837209302325584
openood,textures_seed125,L14xD3L+D3L,0.05,5,0,4509,0.9232645819472167,1.0,none,98.87671554694228,3.8565891472868215
openood,textures_seed125,L14xD3L+D3L,0.05,5,0,4509,0.9232645819472167,1.0,TINS,99.16158010335917,2.635658914728682
openood,textures_seed125,L14xD3L+D3L,0.05,5,1,4509,0.9232645819472167,0.0,none,98.99617807924204,3.527131782945737
openood,textures_seed125,L14xD3L+D3L,0.05,5,1,4509,0.9232645819472167,0.0,TINS,99.28552411714038,2.306201550387597
openood,textures_seed125,L14xD3L+D3L,0.05,5,1,4509,0.9232645819472167,0.5,none,98.99351076658053,3.4108527131782944
openood,textures_seed125,L14xD3L+D3L,0.05,5,1,4509,0.9232645819472167,0.5,TINS,99.2187420327304,2.441860465116279
openood,textures_seed125,L14xD3L+D3L,0.05,5,1,4509,0.9232645819472167,1.0,none,98.97093087855299,3.507751937984496
openood,textures_seed125,L14xD3L+D3L,0.05,5,1,4509,0.9232645819472167,1.0,TINS,99.16203402239448,2.7325581395348837
openood,textures_seed125,L14xD3L+D3L,0.05,10,0,4509,0.9232645819472167,0.0,none,98.9298199827735,3.7596899224806206
openood,textures_seed125,L14xD3L+D3L,0.05,10,0,4509,0.9232645819472167,0.0,TINS,99.30128768303186,2.112403100775194
openood,textures_seed125,L14xD3L+D3L,0.05,10,0,4509,0.9232645819472167,0.5,none,98.93324095607234,3.701550387596899
openood,textures_seed125,L14xD3L+D3L,0.05,10,0,4509,0.9232645819472167,0.5,TINS,99.23537467700257,2.248062015503876
openood,textures_seed125,L14xD3L+D3L,0.05,10,0,4509,0.9232645819472167,1.0,none,98.91922609819122,3.643410852713178
openood,textures_seed125,L14xD3L+D3L,0.05,10,0,4509,0.9232645819472167,1.0,TINS,99.17996468561586,2.5387596899224807
openood,textures_seed125,L14xD3L+D3L,0.05,10,1,4509,0.9232645819472167,0.0,none,99.02083613264428,3.391472868217054
openood,textures_seed125,L14xD3L+D3L,0.05,10,1,4509,0.9232645819472167,0.0,TINS,99.29374633936263,2.3255813953488373
openood,textures_seed125,L14xD3L+D3L,0.05,10,1,4509,0.9232645819472167,0.5,none,99.01504586563307,3.391472868217054
openood,textures_seed125,L14xD3L+D3L,0.05,10,1,4509,0.9232645819472167,0.5,TINS,99.22800129198966,2.4612403100775193
openood,textures_seed125,L14xD3L+D3L,0.05,10,1,4509,0.9232645819472167,1.0,none,98.99098255813954,3.391472868217054
openood,textures_seed125,L14xD3L+D3L,0.05,10,1,4509,0.9232645819472167,1.0,TINS,99.17219379844961,2.6744186046511627
openood,textures_seed125,L14xD3L+D3L,0.05,0,1,4509,0.9232645819472167,0.0,none,98.66329457364343,4.496124031007752
openood,textures_seed125,L14xD3L+D3L,0.05,0,1,4509,0.9232645819472167,0.0,TINS,99.21950689061156,2.6744186046511627
openood,textures_seed125,L14xD3L+D3L,0.05,0,1,4509,0.9232645819472167,0.5,none,98.77058527131783,4.127906976744186
openood,textures_seed125,L14xD3L+D3L,0.05,0,1,4509,0.9232645819472167,0.5,TINS,99.1784414298019,2.751937984496124
openood,textures_seed125,L14xD3L+D3L,0.05,0,1,4509,0.9232645819472167,1.0,none,98.7851024978467,4.108527131782946
openood,textures_seed125,L14xD3L+D3L,0.05,0,1,4509,0.9232645819472167,1.0,TINS,99.12454263565891,2.8682170542635657
openood,textures_seed125,L14xD3L+D3L,0.1,5,0,5196,0.8645111624326405,0.0,none,98.83482773471147,4.515503875968992
openood,textures_seed125,L14xD3L+D3L,0.1,5,0,5196,0.8645111624326405,0.0,TINS,99.27302325581397,2.441860465116279
openood,textures_seed125,L14xD3L+D3L,0.1,5,0,5196,0.8645111624326405,0.5,none,98.84979306632215,4.282945736434109
openood,textures_seed125,L14xD3L+D3L,0.1,5,0,5196,0.8645111624326405,0.5,TINS,99.20057751937983,2.810077519379845
openood,textures_seed125,L14xD3L+D3L,0.1,5,0,5196,0.8645111624326405,1.0,none,98.83997049956935,4.282945736434109
openood,textures_seed125,L14xD3L+D3L,0.1,5,0,5196,0.8645111624326405,1.0,TINS,99.13894056847546,3.1589147286821704
openood,textures_seed125,L14xD3L+D3L,0.1,5,1,5196,0.8645111624326405,0.0,none,98.93776248923342,3.9728682170542635
openood,textures_seed125,L14xD3L+D3L,0.1,5,1,5196,0.8645111624326405,0.0,TINS,99.25331610680448,2.7131782945736433
openood,textures_seed125,L14xD3L+D3L,0.1,5,1,5196,0.8645111624326405,0.5,none,98.9361894918174,4.0310077519379846
openood,textures_seed125,L14xD3L+D3L,0.1,5,1,5196,0.8645111624326405,0.5,TINS,99.18002842377263,2.9651162790697674
openood,textures_seed125,L14xD3L+D3L,0.1,5,1,5196,0.8645111624326405,1.0,none,98.91246856158484,4.089147286821706
openood,textures_seed125,L14xD3L+D3L,0.1,5,1,5196,0.8645111624326405,1.0,TINS,99.11838544358312,3.255813953488372
openood,textures_seed125,L14xD3L+D3L,0.1,10,0,5196,0.8645111624326405,0.0,none,98.89066838931957,4.147286821705427
openood,textures_seed125,L14xD3L+D3L,0.1,10,0,5196,0.8645111624326405,0.0,TINS,99.28628854435833,2.3255813953488373
openood,textures_seed125,L14xD3L+D3L,0.1,10,0,5196,0.8645111624326405,0.5,none,98.8956832472007,4.108527131782946
openood,textures_seed125,L14xD3L+D3L,0.1,10,0,5196,0.8645111624326405,0.5,TINS,99.21610508182602,2.6937984496124034
openood,textures_seed125,L14xD3L+D3L,0.1,10,0,5196,0.8645111624326405,1.0,none,98.88184130060293,4.147286821705427
openood,textures_seed125,L14xD3L+D3L,0.1,10,0,5196,0.8645111624326405,1.0,TINS,99.1573303186908,3.062015503875969
openood,textures_seed125,L14xD3L+D3L,0.1,10,1,5196,0.8645111624326405,0.0,none,98.96767894056846,3.8372093023255816
openood,textures_seed125,L14xD3L+D3L,0.1,10,1,5196,0.8645111624326405,0.0,TINS,99.26417183462533,2.5968992248062017
openood,textures_seed125,L14xD3L+D3L,0.1,10,1,5196,0.8645111624326405,0.5,none,98.9602924203273,3.914728682170543
openood,textures_seed125,L14xD3L+D3L,0.1,10,1,5196,0.8645111624326405,0.5,TINS,99.19103229974161,2.9844961240310077
openood,textures_seed125,L14xD3L+D3L,0.1,10,1,5196,0.8645111624326405,1.0,none,98.93481352282514,4.0310077519379846
openood,textures_seed125,L14xD3L+D3L,0.1,10,1,5196,0.8645111624326405,1.0,TINS,99.12979457364341,3.3333333333333335
openood,textures_seed125,L14xD3L+D3L,0.1,0,1,5196,0.8645111624326405,0.0,none,98.63291408268734,4.728682170542635
openood,textures_seed125,L14xD3L+D3L,0.1,0,1,5196,0.8645111624326405,0.0,TINS,99.20165891472867,2.926356589147287
openood,textures_seed125,L14xD3L+D3L,0.1,0,1,5196,0.8645111624326405,0.5,none,98.73237209302326,4.515503875968992
openood,textures_seed125,L14xD3L+D3L,0.1,0,1,5196,0.8645111624326405,0.5,TINS,99.15203359173127,3.1395348837209305
openood,textures_seed125,L14xD3L+D3L,0.1,0,1,5196,0.8645111624326405,1.0,none,98.74099483204132,4.534883720930233
openood,textures_seed125,L14xD3L+D3L,0.1,0,1,5196,0.8645111624326405,1.0,TINS,99.09174806201551,3.4108527131782944
openood,textures_seed125,L14+D3B+D3L,0.0,0,0,0,,0.0,none,98.36586584840657,5.5813953488372094
openood,textures_seed125,L14+D3B+D3L,0.0,0,0,0,,0.0,TINS,99.18351636520242,3.255813953488372
openood,textures_seed125,L14+D3B+D3L,0.0,0,0,0,,0.5,none,98.50934108527132,4.922480620155039
openood,textures_seed125,L14+D3B+D3L,0.0,0,0,0,,0.5,TINS,99.14511154177433,3.3333333333333335
openood,textures_seed125,L14+D3B+D3L,0.0,0,0,0,,1.0,none,98.51386864771749,4.728682170542635
openood,textures_seed125,L14+D3B+D3L,0.0,0,0,0,,1.0,TINS,99.07248880275624,3.372093023255814
openood,textures_seed125,L14+D3B+D3L,0.05,5,0,4704,0.9323979591836735,0.0,none,99.22200322997416,2.8875968992248064
openood,textures_seed125,L14+D3B+D3L,0.05,5,0,4704,0.9323979591836735,0.0,TINS,99.41971016365201,2.0930232558139537
openood,textures_seed125,L14+D3B+D3L,0.05,5,0,4704,0.9323979591836735,0.5,none,99.17069250645996,3.003875968992248
openood,textures_seed125,L14+D3B+D3L,0.05,5,0,4704,0.9323979591836735,0.5,TINS,99.34125753660638,2.4031007751937983
openood,textures_seed125,L14+D3B+D3L,0.05,5,0,4704,0.9323979591836735,1.0,none,99.11809948320413,3.1782945736434107
openood,textures_seed125,L14+D3B+D3L,0.05,5,0,4704,0.9323979591836735,1.0,TINS,99.27211757105944,2.6744186046511627
openood,textures_seed125,L14+D3B+D3L,0.05,5,1,4704,0.9323979591836735,0.0,none,99.30692980189491,2.558139534883721
openood,textures_seed125,L14+D3B+D3L,0.05,5,1,4704,0.9323979591836735,0.0,TINS,99.43695262704566,2.1511627906976747
openood,textures_seed125,L14+D3B+D3L,0.05,5,1,4704,0.9323979591836735,0.5,none,99.24241472868216,2.9069767441860463
openood,textures_seed125,L14+D3B+D3L,0.05,5,1,4704,0.9323979591836735,0.5,TINS,99.35282773471144,2.4031007751937983
openood,textures_seed125,L14+D3B+D3L,0.05,5,1,4704,0.9323979591836735,1.0,none,99.1807118863049,3.1395348837209305
openood,textures_seed125,L14+D3B+D3L,0.05,5,1,4704,0.9323979591836735,1.0,TINS,99.28005469422911,2.8294573643410854
openood,textures_seed125,L14+D3B+D3L,0.05,10,0,4704,0.9323979591836735,0.0,none,99.21432988802756,2.926356589147287
openood,textures_seed125,L14+D3B+D3L,0.05,10,0,4704,0.9323979591836735,0.0,TINS,99.40391429801895,2.1899224806201554
openood,textures_seed125,L14+D3B+D3L,0.05,10,0,4704,0.9323979591836735,0.5,none,99.16246425495262,3.003875968992248
openood,textures_seed125,L14+D3B+D3L,0.05,10,0,4704,0.9323979591836735,0.5,TINS,99.32669853574505,2.422480620155039
openood,textures_seed125,L14+D3B+D3L,0.05,10,0,4704,0.9323979591836735,1.0,none,99.10983807062877,3.255813953488372
openood,textures_seed125,L14+D3B+D3L,0.05,10,0,4704,0.9323979591836735,1.0,TINS,99.25855641688199,2.635658914728682
openood,textures_seed125,L14+D3B+D3L,0.05,10,1,4704,0.9323979591836735,0.0,none,99.30276335055986,2.616279069767442
openood,textures_seed125,L14+D3B+D3L,0.05,10,1,4704,0.9323979591836735,0.0,TINS,99.42856761412574,2.1511627906976747
openood,textures_seed125,L14+D3B+D3L,0.05,10,1,4704,0.9323979591836735,0.5,none,99.23744487510768,2.8488372093023258
openood,textures_seed125,L14+D3B+D3L,0.05,10,1,4704,0.9323979591836735,0.5,TINS,99.3449982773471,2.4806201550387597
openood,textures_seed125,L14+D3B+D3L,0.05,10,1,4704,0.9323979591836735,1.0,none,99.1756856158484,3.1782945736434107
openood,textures_seed125,L14+D3B+D3L,0.05,10,1,4704,0.9323979591836735,1.0,TINS,99.27290439276486,2.7906976744186047
openood,textures_seed125,L14+D3B+D3L,0.05,0,1,4704,0.9323979591836735,0.0,none,99.07084000861327,3.4689922480620154
openood,textures_seed125,L14+D3B+D3L,0.05,0,1,4704,0.9323979591836735,0.0,TINS,99.34628423772611,2.5193798449612403
openood,textures_seed125,L14+D3B+D3L,0.05,0,1,4704,0.9323979591836735,0.5,none,99.06696856158484,3.4108527131782944
openood,textures_seed125,L14+D3B+D3L,0.05,0,1,4704,0.9323979591836735,0.5,TINS,99.28164168819983,2.6937984496124034
openood,textures_seed125,L14+D3B+D3L,0.05,0,1,4704,0.9323979591836735,1.0,none,99.02147372954349,3.643410852713178
openood,textures_seed125,L14+D3B+D3L,0.05,0,1,4704,0.9323979591836735,1.0,TINS,99.21008010335919,2.9651162790697674
openood,textures_seed125,L14+D3B+D3L,0.1,5,0,5515,0.8505893019038985,0.0,none,99.19135723514212,3.2364341085271318
openood,textures_seed125,L14+D3B+D3L,0.1,5,0,5515,0.8505893019038985,0.0,TINS,99.39757708871662,2.441860465116279
openood,textures_seed125,L14+D3B+D3L,0.1,5,0,5515,0.8505893019038985,0.5,none,99.14024978466838,3.6821705426356592
openood,textures_seed125,L14+D3B+D3L,0.1,5,0,5515,0.8505893019038985,0.5,TINS,99.31727347114557,2.8294573643410854
openood,textures_seed125,L14+D3B+D3L,0.1,5,0,5515,0.8505893019038985,1.0,none,99.08733548664944,3.8372093023255816
openood,textures_seed125,L14+D3B+D3L,0.1,5,0,5515,0.8505893019038985,1.0,TINS,99.24712747631352,3.1976744186046515
openood,textures_seed125,L14+D3B+D3L,0.1,5,1,5515,0.8505893019038985,0.0,none,99.25480124892336,3.1395348837209305
openood,textures_seed125,L14+D3B+D3L,0.1,5,1,5515,0.8505893019038985,0.0,TINS,99.40100301464255,2.5968992248062017
openood,textures_seed125,L14+D3B+D3L,0.1,5,1,5515,0.8505893019038985,0.5,none,99.18917441860465,3.5852713178294575
openood,textures_seed125,L14+D3B+D3L,0.1,5,1,5515,0.8505893019038985,0.5,TINS,99.31076959517657,2.9844961240310077
openood,textures_seed125,L14+D3B+D3L,0.1,5,1,5515,0.8505893019038985,1.0,none,99.12533118001721,3.875968992248062
openood,textures_seed125,L14+D3B+D3L,0.1,5,1,5515,0.8505893019038985,1.0,TINS,99.23350689061154,3.4108527131782944
openood,textures_seed125,L14+D3B+D3L,0.1,10,0,5515,0.8505893019038985,0.0,none,99.18840396210163,3.2751937984496124
openood,textures_seed125,L14+D3B+D3L,0.1,10,0,5515,0.8505893019038985,0.0,TINS,99.38537726098191,2.4806201550387597
openood,textures_seed125,L14+D3B+D3L,0.1,10,0,5515,0.8505893019038985,0.5,none,99.13503789836348,3.4689922480620154
openood,textures_seed125,L14+D3B+D3L,0.1,10,0,5515,0.8505893019038985,0.5,TINS,99.3048587424634,2.8294573643410854
openood,textures_seed125,L14+D3B+D3L,0.1,10,0,5515,0.8505893019038985,1.0,none,99.08118949181738,3.7596899224806206
openood,textures_seed125,L14+D3B+D3L,0.1,10,0,5515,0.8505893019038985,1.0,TINS,99.234673126615,3.10077519379845
openood,textures_seed125,L14+D3B+D3L,0.1,10,1,5515,0.8505893019038985,0.0,none,99.25713049095607,3.217054263565892
openood,textures_seed125,L14+D3B+D3L,0.1,10,1,5515,0.8505893019038985,0.0,TINS,99.39713350559863,2.558139534883721
openood,textures_seed125,L14+D3B+D3L,0.1,10,1,5515,0.8505893019038985,0.5,none,99.18813350559863,3.5465116279069764
openood,textures_seed125,L14+D3B+D3L,0.1,10,1,5515,0.8505893019038985,0.5,TINS,99.30554134366925,3.003875968992248
openood,textures_seed125,L14+D3B+D3L,0.1,10,1,5515,0.8505893019038985,1.0,none,99.12343023255814,3.74031007751938
openood,textures_seed125,L14+D3B+D3L,0.1,10,1,5515,0.8505893019038985,1.0,TINS,99.22846554694229,3.3333333333333335
openood,textures_seed125,L14+D3B+D3L,0.1,0,1,5515,0.8505893019038985,0.0,none,99.01512187769164,3.6821705426356592
openood,textures_seed125,L14+D3B+D3L,0.1,0,1,5515,0.8505893019038985,0.0,TINS,99.3187097329888,2.8488372093023258
openood,textures_seed125,L14+D3B+D3L,0.1,0,1,5515,0.8505893019038985,0.5,none,99.00536821705427,3.875968992248062
openood,textures_seed125,L14+D3B+D3L,0.1,0,1,5515,0.8505893019038985,0.5,TINS,99.24275107665807,3.1782945736434107
openood,textures_seed125,L14+D3B+D3L,0.1,0,1,5515,0.8505893019038985,1.0,none,98.95483893195522,4.205426356589148
openood,textures_seed125,L14+D3B+D3L,0.1,0,1,5515,0.8505893019038985,1.0,TINS,99.16236821705427,3.4108527131782944
openood,textures_seed125,B14+L14+D3L,0.0,0,0,0,,0.0,none,98.21703962101637,6.4728682170542635
openood,textures_seed125,B14+L14+D3L,0.0,0,0,0,,0.0,TINS,99.16455943152452,3.4689922480620154
openood,textures_seed125,B14+L14+D3L,0.0,0,0,0,,0.5,none,98.41439750215332,5.503875968992248
openood,textures_seed125,B14+L14+D3L,0.0,0,0,0,,0.5,TINS,99.11944315245478,3.4496124031007755
openood,textures_seed125,B14+L14+D3L,0.0,0,0,0,,1.0,none,98.45158096468559,5.116279069767442
openood,textures_seed125,B14+L14+D3L,0.0,0,0,0,,1.0,TINS,99.04800473729543,3.565891472868217
openood,textures_seed125,B14+L14+D3L,0.05,5,0,4487,0.9438377535101404,0.0,none,99.1115079672696,3.2751937984496124
openood,textures_seed125,B14+L14+D3L,0.05,5,0,4487,0.9438377535101404,0.0,TINS,99.36201851851851,2.2286821705426356
openood,textures_seed125,B14+L14+D3L,0.05,5,0,4487,0.9438377535101404,0.5,none,99.09194788975022,3.2751937984496124
openood,textures_seed125,B14+L14+D3L,0.05,5,0,4487,0.9438377535101404,0.5,TINS,99.29032816537467,2.422480620155039
openood,textures_seed125,B14+L14+D3L,0.05,5,0,4487,0.9438377535101404,1.0,none,99.06170714900948,3.352713178294574
openood,textures_seed125,B14+L14+D3L,0.05,5,0,4487,0.9438377535101404,1.0,TINS,99.23139405684755,2.5968992248062017
openood,textures_seed125,B14+L14+D3L,0.05,5,1,4487,0.9438377535101404,0.0,none,99.19072868217054,2.810077519379845
openood,textures_seed125,B14+L14+D3L,0.05,5,1,4487,0.9438377535101404,0.0,TINS,99.35522825150733,2.248062015503876
openood,textures_seed125,B14+L14+D3L,0.05,5,1,4487,0.9438377535101404,0.5,none,99.15641817398793,3.10077519379845
openood,textures_seed125,B14+L14+D3L,0.05,5,1,4487,0.9438377535101404,0.5,TINS,99.28429629629629,2.5968992248062017
openood,textures_seed125,B14+L14+D3L,0.05,5,1,4487,0.9438377535101404,1.0,none,99.11630921619295,3.2751937984496124
openood,textures_seed125,B14+L14+D3L,0.05,5,1,4487,0.9438377535101404,1.0,TINS,99.22558354866494,2.751937984496124
openood,textures_seed125,B14+L14+D3L,0.05,10,0,4487,0.9438377535101404,0.0,none,99.11218130921618,3.372093023255814
openood,textures_seed125,B14+L14+D3L,0.05,10,0,4487,0.9438377535101404,0.0,TINS,99.35306933677862,2.2286821705426356
openood,textures_seed125,B14+L14+D3L,0.05,10,0,4487,0.9438377535101404,0.5,none,99.08842592592593,3.2945736434108532
openood,textures_seed125,B14+L14+D3L,0.05,10,0,4487,0.9438377535101404,0.5,TINS,99.28098880275624,2.441860465116279
openood,textures_seed125,B14+L14+D3L,0.05,10,0,4487,0.9438377535101404,1.0,none,99.05672222222222,3.507751937984496
openood,textures_seed125,B14+L14+D3L,0.05,10,0,4487,0.9438377535101404,1.0,TINS,99.22237123169681,2.6744186046511627
openood,textures_seed125,B14+L14+D3L,0.05,10,1,4487,0.9438377535101404,0.0,none,99.19197157622742,2.8875968992248064
openood,textures_seed125,B14+L14+D3L,0.05,10,1,4487,0.9438377535101404,0.0,TINS,99.35178940568476,2.2286821705426356
openood,textures_seed125,B14+L14+D3L,0.05,10,1,4487,0.9438377535101404,0.5,none,99.15494616709732,3.1782945736434107
openood,textures_seed125,B14+L14+D3L,0.05,10,1,4487,0.9438377535101404,0.5,TINS,99.28026744186046,2.5387596899224807
openood,textures_seed125,B14+L14+D3L,0.05,10,1,4487,0.9438377535101404,1.0,none,99.1140404823428,3.352713178294574
openood,textures_seed125,B14+L14+D3L,0.05,10,1,4487,0.9438377535101404,1.0,TINS,99.22106546080964,2.8294573643410854
openood,textures_seed125,B14+L14+D3L,0.05,0,1,4487,0.9438377535101404,0.0,none,98.95723320413437,3.662790697674419
openood,textures_seed125,B14+L14+D3L,0.05,0,1,4487,0.9438377535101404,0.0,TINS,99.28124978466838,2.5968992248062017
openood,textures_seed125,B14+L14+D3L,0.05,0,1,4487,0.9438377535101404,0.5,none,98.98445564168821,3.604651162790698
openood,textures_seed125,B14+L14+D3L,0.05,0,1,4487,0.9438377535101404,0.5,TINS,99.22388802756245,2.6937984496124034
openood,textures_seed125,B14+L14+D3L,0.05,0,1,4487,0.9438377535101404,1.0,none,98.96087596899226,3.643410852713178
openood,textures_seed125,B14+L14+D3L,0.05,0,1,4487,0.9438377535101404,1.0,TINS,99.16205770887166,2.926356589147287
openood,textures_seed125,B14+L14+D3L,0.1,5,0,5192,0.8782742681047766,0.0,none,99.0819476744186,3.6240310077519378
openood,textures_seed125,B14+L14+D3L,0.1,5,0,5192,0.8782742681047766,0.0,TINS,99.34259043927648,2.5968992248062017
openood,textures_seed125,B14+L14+D3L,0.1,5,0,5192,0.8782742681047766,0.5,none,99.06398062015504,3.662790697674419
openood,textures_seed125,B14+L14+D3L,0.1,5,0,5192,0.8782742681047766,0.5,TINS,99.26965633074936,2.926356589147287
openood,textures_seed125,B14+L14+D3L,0.1,5,0,5192,0.8782742681047766,1.0,none,99.03416365202412,3.77906976744186
openood,textures_seed125,B14+L14+D3L,0.1,5,0,5192,0.8782742681047766,1.0,TINS,99.20920887166237,3.1782945736434107
openood,textures_seed125,B14+L14+D3L,0.1,5,1,5192,0.8782742681047766,0.0,none,99.14435938845823,3.6821705426356592
openood,textures_seed125,B14+L14+D3L,0.1,5,1,5192,0.8782742681047766,0.0,TINS,99.32647028423773,2.810077519379845
openood,textures_seed125,B14+L14+D3L,0.1,5,1,5192,0.8782742681047766,0.5,none,99.11058742463393,3.77906976744186
openood,textures_seed125,B14+L14+D3L,0.1,5,1,5192,0.8782742681047766,0.5,TINS,99.2498992248062,3.0813953488372094
openood,textures_seed125,B14+L14+D3L,0.1,5,1,5192,0.8782742681047766,1.0,none,99.06854737295434,3.9728682170542635
openood,textures_seed125,B14+L14+D3L,0.1,5,1,5192,0.8782742681047766,1.0,TINS,99.18622265288546,3.565891472868217
openood,textures_seed125,B14+L14+D3L,0.1,10,0,5192,0.8782742681047766,0.0,none,99.08226571920757,3.701550387596899
openood,textures_seed125,B14+L14+D3L,0.1,10,0,5192,0.8782742681047766,0.0,TINS,99.33201291989664,2.5
openood,textures_seed125,B14+L14+D3L,0.1,10,0,5192,0.8782742681047766,0.5,none,99.05942721791558,3.875968992248062
openood,textures_seed125,B14+L14+D3L,0.1,10,0,5192,0.8782742681047766,0.5,TINS,99.25965503875969,2.8875968992248064
openood,textures_seed125,B14+L14+D3L,0.1,10,0,5192,0.8782742681047766,1.0,none,99.02863996554694,3.934108527131783
openood,textures_seed125,B14+L14+D3L,0.1,10,0,5192,0.8782742681047766,1.0,TINS,99.19969336778638,3.1395348837209305
openood,textures_seed125,B14+L14+D3L,0.1,10,1,5192,0.8782742681047766,0.0,none,99.14987489233418,3.643410852713178
openood,textures_seed125,B14+L14+D3L,0.1,10,1,5192,0.8782742681047766,0.0,TINS,99.32533677863911,2.8294573643410854
openood,textures_seed125,B14+L14+D3L,0.1,10,1,5192,0.8782742681047766,0.5,none,99.11111154177432,3.798449612403101
openood,textures_seed125,B14+L14+D3L,0.1,10,1,5192,0.8782742681047766,0.5,TINS,99.2475499569337,3.1395348837209305
openood,textures_seed125,B14+L14+D3L,0.1,10,1,5192,0.8782742681047766,1.0,none,99.06796037898363,3.953488372093023
openood,textures_seed125,B14+L14+D3L,0.1,10,1,5192,0.8782742681047766,1.0,TINS,99.1838587424634,3.604651162790698
openood,textures_seed125,B14+L14+D3L,0.1,0,1,5192,0.8782742681047766,0.0,none,98.91392183462533,4.4186046511627906
openood,textures_seed125,B14+L14+D3L,0.1,0,1,5192,0.8782742681047766,0.0,TINS,99.26583419465977,3.0232558139534884
openood,textures_seed125,B14+L14+D3L,0.1,0,1,5192,0.8782742681047766,0.5,none,98.9374194659776,4.127906976744186
openood,textures_seed125,B14+L14+D3L,0.1,0,1,5192,0.8782742681047766,0.5,TINS,99.1974453057709,3.10077519379845
openood,textures_seed125,B14+L14+D3L,0.1,0,1,5192,0.8782742681047766,1.0,none,98.90904780361758,4.069767441860465
openood,textures_seed125,B14+L14+D3L,0.1,0,1,5192,0.8782742681047766,1.0,TINS,99.12784969853575,3.507751937984496
