setting,n_cal,nominal_level,min_p,max_accepted_rank,effective_grid_level
real_M0,3600,0.01,0.00027770063871146905,36,0.009997222993612885
real_M0,3600,0.05,0.00027770063871146905,180,0.049986114968064425
real_M0,3600,0.1,0.00027770063871146905,360,0.09997222993612885
real_M0,3600,0.3,0.00027770063871146905,1080,0.29991668980838654
real_M0,3600,0.2,0.00027770063871146905,720,0.1999444598722577
real_M0,3600,0.10191613435745239,0.00027770063871146905,366,0.10163843376839767
real_M0,3600,0.102,0.00027770063871146905,367,0.10191613440710913
real_M1_role,900,0.01,0.0011098779134295228,9,0.009988901220865706
real_M1_role,900,0.05,0.0011098779134295228,45,0.049944506104328525
real_M1_role,900,0.1,0.0011098779134295228,90,0.09988901220865705
real_M1_role,900,0.3,0.0011098779134295228,270,0.29966703662597116
real_M1_role,900,0.2,0.0011098779134295228,180,0.1997780244173141
real_M1_role,900,0.10191613435745239,0.0011098779134295228,91,0.10099889012208657
real_M1_role,900,0.102,0.0011098779134295228,91,0.10099889012208657
synthetic_M0,100,0.01,0.009900990099009901,1,0.009900990099009901
synthetic_M0,100,0.05,0.009900990099009901,5,0.04950495049504951
synthetic_M0,100,0.1,0.009900990099009901,10,0.09900990099009901
synthetic_M0,100,0.3,0.009900990099009901,30,0.297029702970297
synthetic_M0,100,0.2,0.009900990099009901,20,0.19801980198019803
synthetic_M0,100,0.10191613435745239,0.009900990099009901,10,0.09900990099009901
synthetic_M0,100,0.102,0.009900990099009901,10,0.09900990099009901
synthetic_M1_role,25,0.01,0.038461538461538464,0,0.0
synthetic_M1_role,25,0.05,0.038461538461538464,1,0.038461538461538464
synthetic_M1_role,25,0.1,0.038461538461538464,2,0.07692307692307693
synthetic_M1_role,25,0.3,0.038461538461538464,7,0.2692307692307692
synthetic_M1_role,25,0.2,0.038461538461538464,5,0.19230769230769232
synthetic_M1_role,25,0.10191613435745239,0.038461538461538464,2,0.07692307692307693
synthetic_M1_role,25,0.102,0.038461538461538464,2,0.07692307692307693
