stage,view,condition,alpha,window,a,b,mean,lo,hi,n,unit
synthetic,synthetic_one_view,ID_shift_mixed,0.01,all,L1_plp,L0_plp,1.020833333333333,0.7720271057598126,1.2696395609068536,200,paired replicate; percentage-point difference
synthetic,synthetic_one_view,ID_shift_mixed,0.01,all,L2_plp,L0_plp,-0.02604166666666669,-0.05303900333422461,0.0009556700008912337,200,paired replicate; percentage-point difference
synthetic,synthetic_one_view,ID_shift_mixed,0.01,all,M1_pt,M0_pt,-10.098958333333329,-11.018650183640398,-9.17926648302626,200,paired replicate; percentage-point difference
synthetic,synthetic_one_view,ID_shift_mixed,0.01,all,M0_pt,static,7.932291666666665,7.0324708000375304,8.8321125332958,200,paired replicate; percentage-point difference
synthetic,synthetic_one_view,ID_shift_mixed,0.01,all,M1_pt,static,-2.166666666666664,-2.563674579671743,-1.7696587536615846,200,paired replicate; percentage-point difference
synthetic,synthetic_one_view,ID_shift_mixed,0.01,early,L1_plp,L0_plp,0.7739667301167842,0.4828615806014898,1.0650718796320786,200,paired replicate; percentage-point difference
synthetic,synthetic_one_view,ID_shift_mixed,0.01,early,L2_plp,L0_plp,-0.0419886795297829,-0.08312679256931162,-0.0008505664902541815,200,paired replicate; percentage-point difference
synthetic,synthetic_one_view,ID_shift_mixed,0.01,early,M1_pt,M0_pt,-7.967771260303348,-8.829374884603165,-7.106167636003531,200,paired replicate; percentage-point difference
synthetic,synthetic_one_view,ID_shift_mixed,0.01,early,M0_pt,static,5.84599892906756,5.065817382473118,6.626180475662001,200,paired replicate; percentage-point difference
synthetic,synthetic_one_view,ID_shift_mixed,0.01,early,M1_pt,static,-2.1217723312357877,-2.5845705887209642,-1.6589740737506111,200,paired replicate; percentage-point difference
synthetic,synthetic_one_view,ID_shift_mixed,0.01,late,L1_plp,L0_plp,1.2754476134861585,0.8861305413368119,1.6647646856355052,200,paired replicate; percentage-point difference
synthetic,synthetic_one_view,ID_shift_mixed,0.01,late,L2_plp,L0_plp,-0.00971001048640801,-0.046743701680262414,0.027323680707446396,200,paired replicate; percentage-point difference
synthetic,synthetic_one_view,ID_shift_mixed,0.01,late,M1_pt,M0_pt,-12.22728883415202,-13.490720228878919,-10.963857439425121,200,paired replicate; percentage-point difference
synthetic,synthetic_one_view,ID_shift_mixed,0.01,late,M0_pt,static,10.025780722463898,8.734021966154582,11.317539478773213,200,paired replicate; percentage-point difference
synthetic,synthetic_one_view,ID_shift_mixed,0.01,late,M1_pt,static,-2.201508111688122,-2.6369481189303174,-1.7660681044459263,200,paired replicate; percentage-point difference
synthetic,synthetic_one_view,ID_shift_mixed,0.05,all,L1_plp,L0_plp,3.78125,3.4437202710303554,4.118779728969645,200,paired replicate; percentage-point difference
synthetic,synthetic_one_view,ID_shift_mixed,0.05,all,L2_plp,L0_plp,-0.04687499999999993,-0.09127496855018624,-0.0024750314498136125,200,paired replicate; percentage-point difference
synthetic,synthetic_one_view,ID_shift_mixed,0.05,all,M1_pt,M0_pt,-6.536458333333334,-8.00056866186249,-5.072348004804178,200,paired replicate; percentage-point difference
synthetic,synthetic_one_view,ID_shift_mixed,0.05,all,M0_pt,static,21.062500000000004,19.863587437004604,22.261412562995403,200,paired replicate; percentage-point difference
synthetic,synthetic_one_view,ID_shift_mixed,0.05,all,M1_pt,static,14.52604166666667,12.89588062230407,16.15620271102927,200,paired replicate; percentage-point difference
synthetic,synthetic_one_view,ID_shift_mixed,0.05,early,L1_plp,L0_plp,2.807994191867624,2.3696564804336675,3.2463319033015803,200,paired replicate; percentage-point difference
synthetic,synthetic_one_view,ID_shift_mixed,0.05,early,L2_plp,L0_plp,-0.05334203734475034,-0.1279843036998147,0.02130022901031401,200,paired replicate; percentage-point difference
synthetic,synthetic_one_view,ID_shift_mixed,0.05,early,M1_pt,M0_pt,-6.000406209411189,-7.395223087705913,-4.605589331116464,200,paired replicate; percentage-point difference
synthetic,synthetic_one_view,ID_shift_mixed,0.05,early,M0_pt,static,15.55102429998733,14.34866790508751,16.75338069488715,200,paired replicate; percentage-point difference
synthetic,synthetic_one_view,ID_shift_mixed,0.05,early,M1_pt,static,9.55061809057614,8.06773193163823,11.033504249514051,200,paired replicate; percentage-point difference
synthetic,synthetic_one_view,ID_shift_mixed,0.05,late,L1_plp,L0_plp,4.750660254311673,4.2094007821303006,5.291919726493045,200,paired replicate; percentage-point difference
synthetic,synthetic_one_view,ID_shift_mixed,0.05,late,L2_plp,L0_plp,-0.04040020263424516,-0.09198051569015116,0.011180110421660838,200,paired replicate; percentage-point difference
synthetic,synthetic_one_view,ID_shift_mixed,0.05,late,M1_pt,M0_pt,-7.082805517253921,-9.076007133436711,-5.089603901071132,200,paired replicate; percentage-point difference
synthetic,synthetic_one_view,ID_shift_mixed,0.05,late,M0_pt,static,26.602529653881437,24.983276390958512,28.22178291680436,200,paired replicate; percentage-point difference
synthetic,synthetic_one_view,ID_shift_mixed,0.05,late,M1_pt,static,19.51972413662751,17.237482399049515,21.801965874205504,200,paired replicate; percentage-point difference
synthetic,synthetic_one_view,ID_shift_mixed,0.1,all,L1_plp,L0_plp,5.15625,4.7757712348934955,5.5367287651065045,200,paired replicate; percentage-point difference
synthetic,synthetic_one_view,ID_shift_mixed,0.1,all,L2_plp,L0_plp,-0.041666666666666845,-0.08960845278612563,0.0062751194527919385,200,paired replicate; percentage-point difference
synthetic,synthetic_one_view,ID_shift_mixed,0.1,all,M1_pt,M0_pt,-8.598958333333336,-10.1383272642778,-7.0595894023888714,200,paired replicate; percentage-point difference
synthetic,synthetic_one_view,ID_shift_mixed,0.1,all,M0_pt,static,27.80208333333334,26.647566606886155,28.956600059780524,200,paired replicate; percentage-point difference
synthetic,synthetic_one_view,ID_shift_mixed,0.1,all,M1_pt,static,19.203125,17.47507596046342,20.93117403953658,200,paired replicate; percentage-point difference
synthetic,synthetic_one_view,ID_shift_mixed,0.1,early,L1_plp,L0_plp,3.626350441815424,3.1529033192717284,4.09979756435912,200,paired replicate; percentage-point difference
synthetic,synthetic_one_view,ID_shift_mixed,0.1,early,L2_plp,L0_plp,-0.030538527658229994,-0.10226094530025916,0.04118388998379917,200,paired replicate; percentage-point difference
synthetic,synthetic_one_view,ID_shift_mixed,0.1,early,M1_pt,M0_pt,-7.790840151028807,-9.349813179843093,-6.2318671222145205,200,paired replicate; percentage-point difference
synthetic,synthetic_one_view,ID_shift_mixed,0.1,early,M0_pt,static,20.80235531581741,19.473453346084767,22.131257285550056,200,paired replicate; percentage-point difference
synthetic,synthetic_one_view,ID_shift_mixed,0.1,early,M1_pt,static,13.011515164788605,11.291179846926909,14.731850482650302,200,paired replicate; percentage-point difference
synthetic,synthetic_one_view,ID_shift_mixed,0.1,late,L1_plp,L0_plp,6.680729353219806,6.087541886507763,7.2739168199318485,200,paired replicate; percentage-point difference
synthetic,synthetic_one_view,ID_shift_mixed,0.1,late,L2_plp,L0_plp,-0.051188629855509635,-0.11292968208336623,0.010552422372346958,200,paired replicate; percentage-point difference
synthetic,synthetic_one_view,ID_shift_mixed,0.1,late,M1_pt,M0_pt,-9.40308115705848,-11.43406776903483,-7.372094545082132,200,paired replicate; percentage-point difference
synthetic,synthetic_one_view,ID_shift_mixed,0.1,late,M0_pt,static,34.83044050272941,33.2723011437951,36.38857986166372,200,paired replicate; percentage-point difference
synthetic,synthetic_one_view,ID_shift_mixed,0.1,late,M1_pt,static,25.427359345670926,23.141529740851382,27.71318895049047,200,paired replicate; percentage-point difference
synthetic,synthetic_one_view,ID_shift_mixed,0.1019161343574523,ID,M1_admit2,M0_admit2,-10.463541666666668,-11.93813987105766,-8.988943462275676,200,paired replicate; percentage-point difference
synthetic,synthetic_one_view,ID_shift_mixed,0.1019161343574523,OOD,M1_admit2,M0_admit2,-9.5,-11.151249212613784,-7.848750787386216,200,paired replicate; percentage-point difference
synthetic,synthetic_one_view,class_balanced_cal_mixed,0.01,all,L1_plp,L0_plp,0.10416666666666645,-0.006728742015017955,0.21506207534835087,200,paired replicate; percentage-point difference
synthetic,synthetic_one_view,class_balanced_cal_mixed,0.01,all,L2_plp,L0_plp,0.00520833333333335,-0.005062273667977899,0.0154789403346446,200,paired replicate; percentage-point difference
synthetic,synthetic_one_view,class_balanced_cal_mixed,0.01,all,M1_pt,M0_pt,-0.9270833333333308,-1.0910449039684624,-0.7631217626981992,200,paired replicate; percentage-point difference
synthetic,synthetic_one_view,class_balanced_cal_mixed,0.01,all,M0_pt,static,-0.05729166666666705,-0.25598646224678473,0.14140312891345064,200,paired replicate; percentage-point difference
synthetic,synthetic_one_view,class_balanced_cal_mixed,0.01,all,M1_pt,static,-0.984374999999998,-1.1692502268977765,-0.7994997731022196,200,paired replicate; percentage-point difference
synthetic,synthetic_one_view,class_balanced_cal_mixed,0.01,early,L1_plp,L0_plp,0.15676172561628657,0.0009906056575505195,0.3125328455750226,200,paired replicate; percentage-point difference
synthetic,synthetic_one_view,class_balanced_cal_mixed,0.01,early,L2_plp,L0_plp,0.0,0.0,0.0,200,paired replicate; percentage-point difference
synthetic,synthetic_one_view,class_balanced_cal_mixed,0.01,early,M1_pt,M0_pt,-0.9508799600713468,-1.1773198859406449,-0.7244400342020487,200,paired replicate; percentage-point difference
synthetic,synthetic_one_view,class_balanced_cal_mixed,0.01,early,M0_pt,static,-0.1106259311649296,-0.3546997523100888,0.1334478899802296,200,paired replicate; percentage-point difference
synthetic,synthetic_one_view,class_balanced_cal_mixed,0.01,early,M1_pt,static,-1.0615058912362765,-1.3119751569136724,-0.8110366255588806,200,paired replicate; percentage-point difference
synthetic,synthetic_one_view,class_balanced_cal_mixed,0.01,late,L1_plp,L0_plp,0.047485012671321006,-0.09416977390997221,0.1891397992526142,200,paired replicate; percentage-point difference
synthetic,synthetic_one_view,class_balanced_cal_mixed,0.01,late,L2_plp,L0_plp,0.009433962264150952,-0.009169401360865602,0.028037325889167505,200,paired replicate; percentage-point difference
synthetic,synthetic_one_view,class_balanced_cal_mixed,0.01,late,M1_pt,M0_pt,-0.8999979013375488,-1.1182198042727878,-0.6817759984023096,200,paired replicate; percentage-point difference
synthetic,synthetic_one_view,class_balanced_cal_mixed,0.01,late,M0_pt,static,-0.007566432448467228,-0.2804406451307642,0.2653077802338298,200,paired replicate; percentage-point difference
synthetic,synthetic_one_view,class_balanced_cal_mixed,0.01,late,M1_pt,static,-0.9075643337860161,-1.1233713199063746,-0.6917573476656577,200,paired replicate; percentage-point difference
synthetic,synthetic_one_view,class_balanced_cal_mixed,0.05,all,L1_plp,L0_plp,0.14062500000000017,-0.004021735972124879,0.2852717359721252,200,paired replicate; percentage-point difference
synthetic,synthetic_one_view,class_balanced_cal_mixed,0.05,all,L2_plp,L0_plp,-0.026041666666666744,-0.056715549334927964,0.004632216001594476,200,paired replicate; percentage-point difference
synthetic,synthetic_one_view,class_balanced_cal_mixed,0.05,all,M1_pt,M0_pt,-1.1979166666666665,-1.6642756338185947,-0.7315576995147384,200,paired replicate; percentage-point difference
synthetic,synthetic_one_view,class_balanced_cal_mixed,0.05,all,M0_pt,static,-0.09895833333333375,-0.5246355222976313,0.32671885563096387,200,paired replicate; percentage-point difference
synthetic,synthetic_one_view,class_balanced_cal_mixed,0.05,all,M1_pt,static,-1.2968750000000002,-1.8652309906114042,-0.7285190093885963,200,paired replicate; percentage-point difference
synthetic,synthetic_one_view,class_balanced_cal_mixed,0.05,early,L1_plp,L0_plp,0.2024475465856411,0.0013229660414453837,0.4035721271298368,200,paired replicate; percentage-point difference
synthetic,synthetic_one_view,class_balanced_cal_mixed,0.05,early,L2_plp,L0_plp,-0.020620748299319702,-0.049303190761649324,0.008061694163009923,200,paired replicate; percentage-point difference
synthetic,synthetic_one_view,class_balanced_cal_mixed,0.05,early,M1_pt,M0_pt,-1.4748399119048998,-1.964542305064064,-0.9851375187457356,200,paired replicate; percentage-point difference
synthetic,synthetic_one_view,class_balanced_cal_mixed,0.05,early,M0_pt,static,-0.08481453159950472,-0.5882530749142746,0.4186240117152652,200,paired replicate; percentage-point difference
synthetic,synthetic_one_view,class_balanced_cal_mixed,0.05,early,M1_pt,static,-1.5596544435044044,-2.1446791666624305,-0.9746297203463782,200,paired replicate; percentage-point difference
synthetic,synthetic_one_view,class_balanced_cal_mixed,0.05,late,L1_plp,L0_plp,0.08488954442334151,-0.1338838426155656,0.30366293146224865,200,paired replicate; percentage-point difference
synthetic,synthetic_one_view,class_balanced_cal_mixed,0.05,late,L2_plp,L0_plp,-0.0306207482993197,-0.07591543259395565,0.014673935995316256,200,paired replicate; percentage-point difference
synthetic,synthetic_one_view,class_balanced_cal_mixed,0.05,late,M1_pt,M0_pt,-0.9431103849358644,-1.5762393105679005,-0.30998145930382826,200,paired replicate; percentage-point difference
synthetic,synthetic_one_view,class_balanced_cal_mixed,0.05,late,M0_pt,static,-0.12768747702118433,-0.7118590609781617,0.456484106935793,200,paired replicate; percentage-point difference
synthetic,synthetic_one_view,class_balanced_cal_mixed,0.05,late,M1_pt,static,-1.0707978619570486,-1.8340471458846386,-0.3075485780294588,200,paired replicate; percentage-point difference
synthetic,synthetic_one_view,class_balanced_cal_mixed,0.1,all,L1_plp,L0_plp,0.24479166666666696,0.03129255465917713,0.4582907786741568,200,paired replicate; percentage-point difference
synthetic,synthetic_one_view,class_balanced_cal_mixed,0.1,all,L2_plp,L0_plp,0.020833333333333256,-0.004218840959174287,0.0458855076258408,200,paired replicate; percentage-point difference
synthetic,synthetic_one_view,class_balanced_cal_mixed,0.1,all,M1_pt,M0_pt,-2.416666666666667,-3.0364642842197567,-1.7968690491135773,200,paired replicate; percentage-point difference
synthetic,synthetic_one_view,class_balanced_cal_mixed,0.1,all,M0_pt,static,-0.10937499999999996,-0.6509680245692971,0.4322180245692972,200,paired replicate; percentage-point difference
synthetic,synthetic_one_view,class_balanced_cal_mixed,0.1,all,M1_pt,static,-2.526041666666666,-3.307676978000108,-1.7444063553332243,200,paired replicate; percentage-point difference
synthetic,synthetic_one_view,class_balanced_cal_mixed,0.1,early,L1_plp,L0_plp,0.43237735566227514,0.14763790621995754,0.7171168051045927,200,paired replicate; percentage-point difference
synthetic,synthetic_one_view,class_balanced_cal_mixed,0.1,early,L2_plp,L0_plp,0.010204081632653047,-0.009917923920936234,0.03032608718624233,200,paired replicate; percentage-point difference
synthetic,synthetic_one_view,class_balanced_cal_mixed,0.1,early,M1_pt,M0_pt,-2.3857862211776073,-3.1531096171604003,-1.6184628251948143,200,paired replicate; percentage-point difference
synthetic,synthetic_one_view,class_balanced_cal_mixed,0.1,early,M0_pt,static,-0.20543819497629962,-0.8527472080906136,0.44187081813801427,200,paired replicate; percentage-point difference
synthetic,synthetic_one_view,class_balanced_cal_mixed,0.1,early,M1_pt,static,-2.591224416153907,-3.4706441707563003,-1.7118046615515135,200,paired replicate; percentage-point difference
synthetic,synthetic_one_view,class_balanced_cal_mixed,0.1,late,L1_plp,L0_plp,0.03917137929164353,-0.26723550586962147,0.34557826445290857,200,paired replicate; percentage-point difference
synthetic,synthetic_one_view,class_balanced_cal_mixed,0.1,late,L2_plp,L0_plp,0.02917673107890505,-0.015787430504316916,0.07414089266212702,200,paired replicate; percentage-point difference
synthetic,synthetic_one_view,class_balanced_cal_mixed,0.1,late,M1_pt,M0_pt,-2.466222355623318,-3.2178798705960103,-1.714564840650626,200,paired replicate; percentage-point difference
synthetic,synthetic_one_view,class_balanced_cal_mixed,0.1,late,M0_pt,static,-0.04093069707888887,-0.8349864117901221,0.7531250176323444,200,paired replicate; percentage-point difference
synthetic,synthetic_one_view,class_balanced_cal_mixed,0.1,late,M1_pt,static,-2.5071530527022063,-3.461256438316089,-1.5530496670883238,200,paired replicate; percentage-point difference
synthetic,synthetic_one_view,class_balanced_cal_mixed,0.1019161343574523,ID,M1_admit2,M0_admit2,-2.307291666666666,-2.881101739457058,-1.7334815938762742,200,paired replicate; percentage-point difference
synthetic,synthetic_one_view,class_balanced_cal_mixed,0.1019161343574523,OOD,M1_admit2,M0_admit2,-8.609375,-10.301523455123911,-6.917226544876089,200,paired replicate; percentage-point difference
synthetic,synthetic_one_view,class_burst_mixed,0.01,all,L1_plp,L0_plp,0.0729166666666665,-0.0325998821593802,0.1784332154927132,200,paired replicate; percentage-point difference
synthetic,synthetic_one_view,class_burst_mixed,0.01,all,L2_plp,L0_plp,-0.005208333333333302,-0.0230273192466835,0.012610652580016899,200,paired replicate; percentage-point difference
synthetic,synthetic_one_view,class_burst_mixed,0.01,all,M1_pt,M0_pt,-0.7864583333333308,-0.9309730822935831,-0.6419435843730785,200,paired replicate; percentage-point difference
synthetic,synthetic_one_view,class_burst_mixed,0.01,all,M0_pt,static,-0.34375,-0.5573148962751562,-0.13018510372484376,200,paired replicate; percentage-point difference
synthetic,synthetic_one_view,class_burst_mixed,0.01,all,M1_pt,static,-1.1302083333333308,-1.3470577762319909,-0.9133588904346708,200,paired replicate; percentage-point difference
synthetic,synthetic_one_view,class_burst_mixed,0.01,early,L1_plp,L0_plp,0.09375,-0.03480227586209944,0.22230227586209944,200,paired replicate; percentage-point difference
synthetic,synthetic_one_view,class_burst_mixed,0.01,early,L2_plp,L0_plp,-0.0078125,-0.023218410501966824,0.007593410501966822,200,paired replicate; percentage-point difference
synthetic,synthetic_one_view,class_burst_mixed,0.01,early,M1_pt,M0_pt,-0.875,-1.064961936466407,-0.6850380635335932,200,paired replicate; percentage-point difference
synthetic,synthetic_one_view,class_burst_mixed,0.01,early,M0_pt,static,-0.234375,-0.4673270468151136,-0.0014229531848863608,200,paired replicate; percentage-point difference
synthetic,synthetic_one_view,class_burst_mixed,0.01,early,M1_pt,static,-1.109375,-1.35512330325091,-0.8636266967490899,200,paired replicate; percentage-point difference
synthetic,synthetic_one_view,class_burst_mixed,0.01,late,L1_plp,L0_plp,0.03125,-0.13214158320192348,0.19464158320192348,200,paired replicate; percentage-point difference
synthetic,synthetic_one_view,class_burst_mixed,0.01,late,L2_plp,L0_plp,0.0,-0.043683841603539275,0.043683841603539275,200,paired replicate; percentage-point difference
synthetic,synthetic_one_view,class_burst_mixed,0.01,late,M1_pt,M0_pt,-0.609375,-0.8032520389825627,-0.4154979610174373,200,paired replicate; percentage-point difference
synthetic,synthetic_one_view,class_burst_mixed,0.01,late,M0_pt,static,-0.5625,-0.8973588005312165,-0.22764119946878353,200,paired replicate; percentage-point difference
synthetic,synthetic_one_view,class_burst_mixed,0.01,late,M1_pt,static,-1.171875,-1.4790239776597933,-0.8647260223402067,200,paired replicate; percentage-point difference
synthetic,synthetic_one_view,class_burst_mixed,0.05,all,L1_plp,L0_plp,0.08333333333333305,-0.08164025589749753,0.24830692256416365,200,paired replicate; percentage-point difference
synthetic,synthetic_one_view,class_burst_mixed,0.05,all,L2_plp,L0_plp,-0.0520833333333335,-0.09515618202647103,-0.009010484640195979,200,paired replicate; percentage-point difference
synthetic,synthetic_one_view,class_burst_mixed,0.05,all,M1_pt,M0_pt,-0.6666666666666664,-1.0851711433934854,-0.2481621899398474,200,paired replicate; percentage-point difference
synthetic,synthetic_one_view,class_burst_mixed,0.05,all,M0_pt,static,-1.145833333333333,-1.6183463257657569,-0.6733203409009093,200,paired replicate; percentage-point difference
synthetic,synthetic_one_view,class_burst_mixed,0.05,all,M1_pt,static,-1.8124999999999993,-2.3377647678560063,-1.2872352321439926,200,paired replicate; percentage-point difference
synthetic,synthetic_one_view,class_burst_mixed,0.05,early,L1_plp,L0_plp,0.234375,0.02176659110362983,0.44698340889637017,200,paired replicate; percentage-point difference
synthetic,synthetic_one_view,class_burst_mixed,0.05,early,L2_plp,L0_plp,-0.0703125,-0.12058451705806464,-0.02004048294193536,200,paired replicate; percentage-point difference
synthetic,synthetic_one_view,class_burst_mixed,0.05,early,M1_pt,M0_pt,-0.7421875,-1.2186906659998813,-0.2656843340001187,200,paired replicate; percentage-point difference
synthetic,synthetic_one_view,class_burst_mixed,0.05,early,M0_pt,static,-0.828125,-1.2924443725153876,-0.36380562748461237,200,paired replicate; percentage-point difference
synthetic,synthetic_one_view,class_burst_mixed,0.05,early,M1_pt,static,-1.5703125,-2.1239513388163473,-1.0166736611836527,200,paired replicate; percentage-point difference
synthetic,synthetic_one_view,class_burst_mixed,0.05,late,L1_plp,L0_plp,-0.21875,-0.48270308372804793,0.04520308372804793,200,paired replicate; percentage-point difference
synthetic,synthetic_one_view,class_burst_mixed,0.05,late,L2_plp,L0_plp,-0.015625,-0.09732079160096174,0.06607079160096174,200,paired replicate; percentage-point difference
synthetic,synthetic_one_view,class_burst_mixed,0.05,late,M1_pt,M0_pt,-0.515625,-1.1346074630852059,0.10335746308520588,200,paired replicate; percentage-point difference
synthetic,synthetic_one_view,class_burst_mixed,0.05,late,M0_pt,static,-1.78125,-2.6511070667742285,-0.9113929332257713,200,paired replicate; percentage-point difference
synthetic,synthetic_one_view,class_burst_mixed,0.05,late,M1_pt,static,-2.296875,-3.137692500491744,-1.456057499508256,200,paired replicate; percentage-point difference
synthetic,synthetic_one_view,class_burst_mixed,0.1,all,L1_plp,L0_plp,0.19791666666666682,-0.03341529509007124,0.4292486284234049,200,paired replicate; percentage-point difference
synthetic,synthetic_one_view,class_burst_mixed,0.1,all,L2_plp,L0_plp,-0.09374999999999996,-0.14458951768959238,-0.04291048231040752,200,paired replicate; percentage-point difference
synthetic,synthetic_one_view,class_burst_mixed,0.1,all,M1_pt,M0_pt,-1.6718749999999998,-2.2761062974346333,-1.0676437025653662,200,paired replicate; percentage-point difference
synthetic,synthetic_one_view,class_burst_mixed,0.1,all,M0_pt,static,-1.4270833333333335,-2.0704728175706024,-0.7836938490960644,200,paired replicate; percentage-point difference
synthetic,synthetic_one_view,class_burst_mixed,0.1,all,M1_pt,static,-3.098958333333334,-3.8877494318733596,-2.310167234793308,200,paired replicate; percentage-point difference
synthetic,synthetic_one_view,class_burst_mixed,0.1,early,L1_plp,L0_plp,0.484375,0.20862129051979234,0.7601287094802076,200,paired replicate; percentage-point difference
synthetic,synthetic_one_view,class_burst_mixed,0.1,early,L2_plp,L0_plp,-0.0546875,-0.10533768518654402,-0.004037314813455976,200,paired replicate; percentage-point difference
synthetic,synthetic_one_view,class_burst_mixed,0.1,early,M1_pt,M0_pt,-1.8515625,-2.515527254237559,-1.187597745762441,200,paired replicate; percentage-point difference
synthetic,synthetic_one_view,class_burst_mixed,0.1,early,M0_pt,static,-1.03125,-1.715512445492056,-0.34698755450794394,200,paired replicate; percentage-point difference
synthetic,synthetic_one_view,class_burst_mixed,0.1,early,M1_pt,static,-2.8828125,-3.7041667435344867,-2.0614582564655133,200,paired replicate; percentage-point difference
synthetic,synthetic_one_view,class_burst_mixed,0.1,late,L1_plp,L0_plp,-0.375,-0.7547229081618454,0.004722908161845396,200,paired replicate; percentage-point difference
synthetic,synthetic_one_view,class_burst_mixed,0.1,late,L2_plp,L0_plp,-0.171875,-0.28907069543761954,-0.054679304562380474,200,paired replicate; percentage-point difference
synthetic,synthetic_one_view,class_burst_mixed,0.1,late,M1_pt,M0_pt,-1.3125,-2.2619178238399336,-0.36308217616006666,200,paired replicate; percentage-point difference
synthetic,synthetic_one_view,class_burst_mixed,0.1,late,M0_pt,static,-2.21875,-3.340659576299882,-1.0968404237001177,200,paired replicate; percentage-point difference
synthetic,synthetic_one_view,class_burst_mixed,0.1,late,M1_pt,static,-3.53125,-4.691391184658892,-2.3711088153411084,200,paired replicate; percentage-point difference
synthetic,synthetic_one_view,class_burst_mixed,0.1019161343574523,ID,M1_admit2,M0_admit2,-2.3906249999999996,-2.9360023038399485,-1.8452476961600506,200,paired replicate; percentage-point difference
synthetic,synthetic_one_view,class_burst_mixed,0.1019161343574523,OOD,M1_admit2,M0_admit2,-6.21875,-7.985646644806807,-4.451853355193193,200,paired replicate; percentage-point difference
synthetic,synthetic_one_view,iid_ID_only,0.01,all,L1_plp,L0_plp,0.0,-0.07326002950788542,0.07326002950788542,200,paired replicate; percentage-point difference
synthetic,synthetic_one_view,iid_ID_only,0.01,all,L2_plp,L0_plp,0.0,0.0,0.0,200,paired replicate; percentage-point difference
synthetic,synthetic_one_view,iid_ID_only,0.01,all,M1_pt,M0_pt,-1.0546875,-1.2306980137092132,-0.8786769862907868,200,paired replicate; percentage-point difference
synthetic,synthetic_one_view,iid_ID_only,0.01,all,M0_pt,static,0.21875,0.012647431690355732,0.42485256830964424,200,paired replicate; percentage-point difference
synthetic,synthetic_one_view,iid_ID_only,0.01,all,M1_pt,static,-0.8359375,-0.9830708457509285,-0.6888041542490715,200,paired replicate; percentage-point difference
synthetic,synthetic_one_view,iid_ID_only,0.01,early,L1_plp,L0_plp,0.0078125,-0.08863262771674563,0.10425762771674563,200,paired replicate; percentage-point difference
synthetic,synthetic_one_view,iid_ID_only,0.01,early,L2_plp,L0_plp,0.0,0.0,0.0,200,paired replicate; percentage-point difference
synthetic,synthetic_one_view,iid_ID_only,0.01,early,M1_pt,M0_pt,-0.9765625,-1.184276181051841,-0.768848818948159,200,paired replicate; percentage-point difference
synthetic,synthetic_one_view,iid_ID_only,0.01,early,M0_pt,static,0.1796875,-0.03227762270236398,0.391652622702364,200,paired replicate; percentage-point difference
synthetic,synthetic_one_view,iid_ID_only,0.01,early,M1_pt,static,-0.796875,-0.9646317586098776,-0.6291182413901224,200,paired replicate; percentage-point difference
synthetic,synthetic_one_view,iid_ID_only,0.01,late,L1_plp,L0_plp,-0.0078125,-0.11591897613280742,0.10029397613280742,200,paired replicate; percentage-point difference
synthetic,synthetic_one_view,iid_ID_only,0.01,late,L2_plp,L0_plp,0.0,0.0,0.0,200,paired replicate; percentage-point difference
synthetic,synthetic_one_view,iid_ID_only,0.01,late,M1_pt,M0_pt,-1.1328125,-1.383697648474363,-0.881927351525637,200,paired replicate; percentage-point difference
synthetic,synthetic_one_view,iid_ID_only,0.01,late,M0_pt,static,0.2578125,-0.053216375525052484,0.5688413755250525,200,paired replicate; percentage-point difference
synthetic,synthetic_one_view,iid_ID_only,0.01,late,M1_pt,static,-0.875,-1.0759456713762807,-0.6740543286237194,200,paired replicate; percentage-point difference
synthetic,synthetic_one_view,iid_ID_only,0.05,all,L1_plp,L0_plp,-0.01953125,-0.16944604639995686,0.13038354639995686,200,paired replicate; percentage-point difference
synthetic,synthetic_one_view,iid_ID_only,0.05,all,L2_plp,L0_plp,-0.00390625,-0.01727048943501265,0.00945798943501265,200,paired replicate; percentage-point difference
synthetic,synthetic_one_view,iid_ID_only,0.05,all,M1_pt,M0_pt,-1.47265625,-1.920705537353538,-1.024606962646462,200,paired replicate; percentage-point difference
synthetic,synthetic_one_view,iid_ID_only,0.05,all,M0_pt,static,0.30859375,-0.14127791203018303,0.758465412030183,200,paired replicate; percentage-point difference
synthetic,synthetic_one_view,iid_ID_only,0.05,all,M1_pt,static,-1.1640625,-1.6822030898760771,-0.645921910123923,200,paired replicate; percentage-point difference
synthetic,synthetic_one_view,iid_ID_only,0.05,early,L1_plp,L0_plp,-0.0625,-0.2636829434761464,0.13868294347614643,200,paired replicate; percentage-point difference
synthetic,synthetic_one_view,iid_ID_only,0.05,early,L2_plp,L0_plp,0.0,-0.021841920801769638,0.021841920801769638,200,paired replicate; percentage-point difference
synthetic,synthetic_one_view,iid_ID_only,0.05,early,M1_pt,M0_pt,-1.3203125,-1.8246185182808792,-0.8160064817191208,200,paired replicate; percentage-point difference
synthetic,synthetic_one_view,iid_ID_only,0.05,early,M0_pt,static,0.4140625,-0.03594335609087118,0.8640683560908712,200,paired replicate; percentage-point difference
synthetic,synthetic_one_view,iid_ID_only,0.05,early,M1_pt,static,-0.90625,-1.4755495155878577,-0.33695048441214215,200,paired replicate; percentage-point difference
synthetic,synthetic_one_view,iid_ID_only,0.05,late,L1_plp,L0_plp,0.0234375,-0.18773840911183662,0.23461340911183662,200,paired replicate; percentage-point difference
synthetic,synthetic_one_view,iid_ID_only,0.05,late,L2_plp,L0_plp,-0.0078125,-0.023218410501966824,0.007593410501966822,200,paired replicate; percentage-point difference
synthetic,synthetic_one_view,iid_ID_only,0.05,late,M1_pt,M0_pt,-1.625,-2.225092613380591,-1.0249073866194094,200,paired replicate; percentage-point difference
synthetic,synthetic_one_view,iid_ID_only,0.05,late,M0_pt,static,0.203125,-0.44932721234321016,0.8555772123432102,200,paired replicate; percentage-point difference
synthetic,synthetic_one_view,iid_ID_only,0.05,late,M1_pt,static,-1.421875,-2.106747225997896,-0.7370027740021041,200,paired replicate; percentage-point difference
synthetic,synthetic_one_view,iid_ID_only,0.1,all,L1_plp,L0_plp,0.046875,-0.15439092262732426,0.24814092262732426,200,paired replicate; percentage-point difference
synthetic,synthetic_one_view,iid_ID_only,0.1,all,L2_plp,L0_plp,0.0,-0.036220728000064234,0.036220728000064234,200,paired replicate; percentage-point difference
synthetic,synthetic_one_view,iid_ID_only,0.1,all,M1_pt,M0_pt,-2.7109375,-3.261543471567374,-2.160331528432626,200,paired replicate; percentage-point difference
synthetic,synthetic_one_view,iid_ID_only,0.1,all,M0_pt,static,0.19921875,-0.3748330437732005,0.7732705437732005,200,paired replicate; percentage-point difference
synthetic,synthetic_one_view,iid_ID_only,0.1,all,M1_pt,static,-2.51171875,-3.180388162087697,-1.843049337912303,200,paired replicate; percentage-point difference
synthetic,synthetic_one_view,iid_ID_only,0.1,early,L1_plp,L0_plp,-0.1171875,-0.4069018695343352,0.17252686953433521,200,paired replicate; percentage-point difference
synthetic,synthetic_one_view,iid_ID_only,0.1,early,L2_plp,L0_plp,-0.0078125,-0.059024701670583324,0.043399701670583324,200,paired replicate; percentage-point difference
synthetic,synthetic_one_view,iid_ID_only,0.1,early,M1_pt,M0_pt,-2.578125,-3.231468660703973,-1.9247813392960271,200,paired replicate; percentage-point difference
synthetic,synthetic_one_view,iid_ID_only,0.1,early,M0_pt,static,0.53125,-0.10082363945193706,1.163323639451937,200,paired replicate; percentage-point difference
synthetic,synthetic_one_view,iid_ID_only,0.1,early,M1_pt,static,-2.046875,-2.865405171196525,-1.228344828803475,200,paired replicate; percentage-point difference
synthetic,synthetic_one_view,iid_ID_only,0.1,late,L1_plp,L0_plp,0.2109375,-0.042539378959037755,0.46441437895903775,200,paired replicate; percentage-point difference
synthetic,synthetic_one_view,iid_ID_only,0.1,late,L2_plp,L0_plp,0.0078125,-0.038508338675888855,0.054133338675888855,200,paired replicate; percentage-point difference
synthetic,synthetic_one_view,iid_ID_only,0.1,late,M1_pt,M0_pt,-2.84375,-3.5700587326245534,-2.1174412673754466,200,paired replicate; percentage-point difference
synthetic,synthetic_one_view,iid_ID_only,0.1,late,M0_pt,static,-0.1328125,-0.9532019944584537,0.6875769944584537,200,paired replicate; percentage-point difference
synthetic,synthetic_one_view,iid_ID_only,0.1,late,M1_pt,static,-2.9765625,-3.8204065314776807,-2.1327184685223193,200,paired replicate; percentage-point difference
synthetic,synthetic_one_view,iid_ID_only,0.1019161343574523,ID,M1_admit2,M0_admit2,-2.27734375,-2.809540594403785,-1.745146905596215,200,paired replicate; percentage-point difference
synthetic,synthetic_one_view,iid_mixed_25pct_OOD,0.01,all,L1_plp,L0_plp,-0.09375000000000011,-0.19690924781371957,0.009409247813719351,200,paired replicate; percentage-point difference
synthetic,synthetic_one_view,iid_mixed_25pct_OOD,0.01,all,L2_plp,L0_plp,0.0052083333333333495,-0.005062273667977898,0.015478940334644597,200,paired replicate; percentage-point difference
synthetic,synthetic_one_view,iid_mixed_25pct_OOD,0.01,all,M1_pt,M0_pt,-0.8333333333333311,-0.9908376641441389,-0.6758290025225234,200,paired replicate; percentage-point difference
synthetic,synthetic_one_view,iid_mixed_25pct_OOD,0.01,all,M0_pt,static,-0.20312499999999997,-0.40734533724405386,0.0010953372440539177,200,paired replicate; percentage-point difference
synthetic,synthetic_one_view,iid_mixed_25pct_OOD,0.01,all,M1_pt,static,-1.0364583333333313,-1.2502155013797038,-0.8227011652869587,200,paired replicate; percentage-point difference
synthetic,synthetic_one_view,iid_mixed_25pct_OOD,0.01,early,L1_plp,L0_plp,-0.1328260180112748,-0.26415140174964,-0.0015006342729095845,200,paired replicate; percentage-point difference
synthetic,synthetic_one_view,iid_mixed_25pct_OOD,0.01,early,L2_plp,L0_plp,0.01041666666666665,-0.01012454733595575,0.03095788066928905,200,paired replicate; percentage-point difference
synthetic,synthetic_one_view,iid_mixed_25pct_OOD,0.01,early,M1_pt,M0_pt,-0.8783423181758604,-1.0741315852239508,-0.68255305112777,200,paired replicate; percentage-point difference
synthetic,synthetic_one_view,iid_mixed_25pct_OOD,0.01,early,M0_pt,static,-0.266861814982559,-0.5071258130330243,-0.02659781693209376,200,paired replicate; percentage-point difference
synthetic,synthetic_one_view,iid_mixed_25pct_OOD,0.01,early,M1_pt,static,-1.1452041331584195,-1.4037279701605039,-0.8866802961563351,200,paired replicate; percentage-point difference
synthetic,synthetic_one_view,iid_mixed_25pct_OOD,0.01,late,L1_plp,L0_plp,-0.05822136331778759,-0.20278761191016823,0.08634488527459303,200,paired replicate; percentage-point difference
synthetic,synthetic_one_view,iid_mixed_25pct_OOD,0.01,late,L2_plp,L0_plp,0.0,0.0,0.0,200,paired replicate; percentage-point difference
synthetic,synthetic_one_view,iid_mixed_25pct_OOD,0.01,late,M1_pt,M0_pt,-0.7886583676185385,-1.0101930926920486,-0.5671236425450283,200,paired replicate; percentage-point difference
synthetic,synthetic_one_view,iid_mixed_25pct_OOD,0.01,late,M0_pt,static,-0.12869899176636423,-0.40935839295008963,0.15196040941736116,200,paired replicate; percentage-point difference
synthetic,synthetic_one_view,iid_mixed_25pct_OOD,0.01,late,M1_pt,static,-0.9173573593849027,-1.156062544845431,-0.6786521739243745,200,paired replicate; percentage-point difference
synthetic,synthetic_one_view,iid_mixed_25pct_OOD,0.05,all,L1_plp,L0_plp,-0.1302083333333333,-0.3042978662019399,0.04388119953527328,200,paired replicate; percentage-point difference
synthetic,synthetic_one_view,iid_mixed_25pct_OOD,0.05,all,L2_plp,L0_plp,9.547918011776346e-17,-0.025220877709040274,0.025220877709040468,200,paired replicate; percentage-point difference
synthetic,synthetic_one_view,iid_mixed_25pct_OOD,0.05,all,M1_pt,M0_pt,-0.8333333333333328,-1.249541499744701,-0.4171251669219646,200,paired replicate; percentage-point difference
synthetic,synthetic_one_view,iid_mixed_25pct_OOD,0.05,all,M0_pt,static,-0.39583333333333337,-0.8369127640108962,0.04524609734422952,200,paired replicate; percentage-point difference
synthetic,synthetic_one_view,iid_mixed_25pct_OOD,0.05,all,M1_pt,static,-1.2291666666666663,-1.7733690803332158,-0.6849642530001168,200,paired replicate; percentage-point difference
synthetic,synthetic_one_view,iid_mixed_25pct_OOD,0.05,early,L1_plp,L0_plp,-0.038844862191782396,-0.2849979475801401,0.20730822319657527,200,paired replicate; percentage-point difference
synthetic,synthetic_one_view,iid_mixed_25pct_OOD,0.05,early,L2_plp,L0_plp,-2.7185712397752583e-05,-0.041279850618029315,0.04122547919323381,200,paired replicate; percentage-point difference
synthetic,synthetic_one_view,iid_mixed_25pct_OOD,0.05,early,M1_pt,M0_pt,-0.9433828761004687,-1.4495379444668726,-0.43722780773406467,200,paired replicate; percentage-point difference
synthetic,synthetic_one_view,iid_mixed_25pct_OOD,0.05,early,M0_pt,static,-0.1772988501403345,-0.7056489076068941,0.3510512073262251,200,paired replicate; percentage-point difference
synthetic,synthetic_one_view,iid_mixed_25pct_OOD,0.05,early,M1_pt,static,-1.120681726240803,-1.745511280521184,-0.495852171960422,200,paired replicate; percentage-point difference
synthetic,synthetic_one_view,iid_mixed_25pct_OOD,0.05,late,L1_plp,L0_plp,-0.2294302280217516,-0.4672548956412085,0.008394439597705305,200,paired replicate; percentage-point difference
synthetic,synthetic_one_view,iid_mixed_25pct_OOD,0.05,late,L2_plp,L0_plp,0.0006382978723404475,-0.02822528316639549,0.029501878911076383,200,paired replicate; percentage-point difference
synthetic,synthetic_one_view,iid_mixed_25pct_OOD,0.05,late,M1_pt,M0_pt,-0.7291478222808404,-1.2490246812449097,-0.2092709633167712,200,paired replicate; percentage-point difference
synthetic,synthetic_one_view,iid_mixed_25pct_OOD,0.05,late,M0_pt,static,-0.5883048855536398,-1.2169626130810274,0.04035284197374789,200,paired replicate; percentage-point difference
synthetic,synthetic_one_view,iid_mixed_25pct_OOD,0.05,late,M1_pt,static,-1.3174527078344804,-2.0399860432829464,-0.5949193723860144,200,paired replicate; percentage-point difference
synthetic,synthetic_one_view,iid_mixed_25pct_OOD,0.1,all,L1_plp,L0_plp,-0.3125000000000002,-0.5680494362503572,-0.056950563749643246,200,paired replicate; percentage-point difference
synthetic,synthetic_one_view,iid_mixed_25pct_OOD,0.1,all,L2_plp,L0_plp,-0.03125,-0.06351564231270657,0.001015642312706573,200,paired replicate; percentage-point difference
synthetic,synthetic_one_view,iid_mixed_25pct_OOD,0.1,all,M1_pt,M0_pt,-1.7760416666666663,-2.3820074797440283,-1.1700758535893045,200,paired replicate; percentage-point difference
synthetic,synthetic_one_view,iid_mixed_25pct_OOD,0.1,all,M0_pt,static,-0.45833333333333365,-1.090306328923758,0.17363966225709065,200,paired replicate; percentage-point difference
synthetic,synthetic_one_view,iid_mixed_25pct_OOD,0.1,all,M1_pt,static,-2.2343750000000004,-2.993714367066741,-1.4750356329332597,200,paired replicate; percentage-point difference
synthetic,synthetic_one_view,iid_mixed_25pct_OOD,0.1,early,L1_plp,L0_plp,-0.3650849409176985,-0.6870466651218965,-0.043123216713500556,200,paired replicate; percentage-point difference
synthetic,synthetic_one_view,iid_mixed_25pct_OOD,0.1,early,L2_plp,L0_plp,-0.018205334436445442,-0.06726057977791926,0.03084991090502837,200,paired replicate; percentage-point difference
synthetic,synthetic_one_view,iid_mixed_25pct_OOD,0.1,early,M1_pt,M0_pt,-2.0477306799982418,-2.7311552617473787,-1.3643060982491049,200,paired replicate; percentage-point difference
synthetic,synthetic_one_view,iid_mixed_25pct_OOD,0.1,early,M0_pt,static,-0.24858341769834852,-0.9769901020255791,0.47982326662888214,200,paired replicate; percentage-point difference
synthetic,synthetic_one_view,iid_mixed_25pct_OOD,0.1,early,M1_pt,static,-2.2963140976965906,-3.1799857519031836,-1.4126424434899976,200,paired replicate; percentage-point difference
synthetic,synthetic_one_view,iid_mixed_25pct_OOD,0.1,late,L1_plp,L0_plp,-0.24772138182092562,-0.5611033441269734,0.06566058048512213,200,paired replicate; percentage-point difference
synthetic,synthetic_one_view,iid_mixed_25pct_OOD,0.1,late,L2_plp,L0_plp,-0.0400400544833318,-0.07923997686532967,-0.0008401321013339208,200,paired replicate; percentage-point difference
synthetic,synthetic_one_view,iid_mixed_25pct_OOD,0.1,late,M1_pt,M0_pt,-1.5013873069676213,-2.294235169374583,-0.7085394445606599,200,paired replicate; percentage-point difference
synthetic,synthetic_one_view,iid_mixed_25pct_OOD,0.1,late,M0_pt,static,-0.6558725944928292,-1.5088625714654433,0.19711738247978494,200,paired replicate; percentage-point difference
synthetic,synthetic_one_view,iid_mixed_25pct_OOD,0.1,late,M1_pt,static,-2.1572599014604505,-3.1245568263357777,-1.1899629765851234,200,paired replicate; percentage-point difference
synthetic,synthetic_one_view,iid_mixed_25pct_OOD,0.1019161343574523,ID,M1_admit2,M0_admit2,-2.604166666666666,-3.200468439160789,-2.007864894172543,200,paired replicate; percentage-point difference
synthetic,synthetic_one_view,iid_mixed_25pct_OOD,0.1019161343574523,OOD,M1_admit2,M0_admit2,-9.484375,-11.180398392213938,-7.788351607786062,200,paired replicate; percentage-point difference
real_calibration,B14,ID_only,0.01,all,L1_plp,L0_plp,-0.0071111111111106,-0.02874314300085337,0.014520920778632172,50,paired replicate; percentage-point difference
real_calibration,B14,ID_only,0.01,all,L2_plp,L0_plp,-0.004,-0.008890289957508108,0.0008902899575081082,50,paired replicate; percentage-point difference
real_calibration,B14,ID_only,0.01,all,M1_pt,M0_pt,-0.0537777777777774,-0.11629906801924851,0.008743512463693717,50,paired replicate; percentage-point difference
real_calibration,B14,ID_only,0.01,all,M0_pt,static,-0.13066666666666601,-0.17555369771935664,-0.08577963561397539,50,paired replicate; percentage-point difference
real_calibration,B14,ID_only,0.01,all,M1_pt,static,-0.1844444444444434,-0.2545997859693952,-0.11428910291949163,50,paired replicate; percentage-point difference
real_calibration,B14,ID_only,0.01,early,L1_plp,L0_plp,0.011284722222222798,-0.016555868314745432,0.039125312759191025,50,paired replicate; percentage-point difference
real_calibration,B14,ID_only,0.01,early,L2_plp,L0_plp,-0.0052083333333334016,-0.012945683791288107,0.0025290171246213043,50,paired replicate; percentage-point difference
real_calibration,B14,ID_only,0.01,early,M1_pt,M0_pt,-0.105902777777778,-0.17291761228905758,-0.038887943266498415,50,paired replicate; percentage-point difference
real_calibration,B14,ID_only,0.01,early,M0_pt,static,0.0008680555555559905,-0.04887843693907659,0.05061454805018857,50,paired replicate; percentage-point difference
real_calibration,B14,ID_only,0.01,early,M1_pt,static,-0.10503472222222204,-0.1757878295930344,-0.034281614851409695,50,paired replicate; percentage-point difference
real_calibration,B14,ID_only,0.01,late,L1_plp,L0_plp,-0.0264116575591982,-0.05372006420640786,0.000896749088011458,50,paired replicate; percentage-point difference
real_calibration,B14,ID_only,0.01,late,L2_plp,L0_plp,-0.0027322404371586018,-0.007560394057829817,0.002095913183512613,50,paired replicate; percentage-point difference
real_calibration,B14,ID_only,0.01,late,M1_pt,M0_pt,0.0009107468123866003,-0.07123919623929859,0.0730606898640718,50,paired replicate; percentage-point difference
real_calibration,B14,ID_only,0.01,late,M0_pt,static,-0.26867030965391764,-0.3176023091255848,-0.21973831018225048,50,paired replicate; percentage-point difference
real_calibration,B14,ID_only,0.01,late,M1_pt,static,-0.267759562841531,-0.3504666679768308,-0.18505245770623127,50,paired replicate; percentage-point difference
real_calibration,B14,ID_only,0.05,all,L1_plp,L0_plp,0.08311111111111082,0.036898641178847676,0.12932358104337396,50,paired replicate; percentage-point difference
real_calibration,B14,ID_only,0.05,all,L2_plp,L0_plp,-0.01777777777777781,-0.027066621306081357,-0.00848893424947426,50,paired replicate; percentage-point difference
real_calibration,B14,ID_only,0.05,all,M1_pt,M0_pt,-0.03511111111111179,-0.1629141164079126,0.09269189418568902,50,paired replicate; percentage-point difference
real_calibration,B14,ID_only,0.05,all,M0_pt,static,-0.3751111111111118,-0.47109088997722176,-0.2791313322450018,50,paired replicate; percentage-point difference
real_calibration,B14,ID_only,0.05,all,M1_pt,static,-0.41022222222222365,-0.5825055967033533,-0.23793884774109395,50,paired replicate; percentage-point difference
real_calibration,B14,ID_only,0.05,early,L1_plp,L0_plp,0.05555555555555621,-0.004203369823819733,0.11531448093493216,50,paired replicate; percentage-point difference
real_calibration,B14,ID_only,0.05,early,L2_plp,L0_plp,-0.013020833333333204,-0.027172859109184894,0.0011311924425184867,50,paired replicate; percentage-point difference
real_calibration,B14,ID_only,0.05,early,M1_pt,M0_pt,-0.05208333333333344,-0.19083384659863445,0.08666717993196756,50,paired replicate; percentage-point difference
real_calibration,B14,ID_only,0.05,early,M0_pt,static,-0.020833333333333197,-0.12900707724071275,0.08734041057404635,50,paired replicate; percentage-point difference
real_calibration,B14,ID_only,0.05,early,M1_pt,static,-0.07291666666666664,-0.25342036586941197,0.10758703253607867,50,paired replicate; percentage-point difference
real_calibration,B14,ID_only,0.05,late,L1_plp,L0_plp,0.11202185792349674,0.052159124829966805,0.1718845910170267,50,paired replicate; percentage-point difference
real_calibration,B14,ID_only,0.05,late,L2_plp,L0_plp,-0.022768670309654432,-0.03362788551851953,-0.011909455100789331,50,paired replicate; percentage-point difference
real_calibration,B14,ID_only,0.05,late,M1_pt,M0_pt,-0.017304189435337018,-0.16264092453486756,0.12803254566419353,50,paired replicate; percentage-point difference
real_calibration,B14,ID_only,0.05,late,M0_pt,static,-0.7468123861566487,-0.8533068627545493,-0.6403179095587481,50,paired replicate; percentage-point difference
real_calibration,B14,ID_only,0.05,late,M1_pt,static,-0.7641165755919858,-0.9578310078279836,-0.5704021433559879,50,paired replicate; percentage-point difference
real_calibration,B14,ID_only,0.1,all,L1_plp,L0_plp,0.1488888888888899,0.09730869631753788,0.20046908146024192,50,paired replicate; percentage-point difference
real_calibration,B14,ID_only,0.1,all,L2_plp,L0_plp,-0.055555555555555684,-0.06747363923053411,-0.04363747188057727,50,paired replicate; percentage-point difference
real_calibration,B14,ID_only,0.1,all,M1_pt,M0_pt,-0.06222222222222187,-0.23420668924030727,0.10976224479586352,50,paired replicate; percentage-point difference
real_calibration,B14,ID_only,0.1,all,M0_pt,static,0.3168888888888888,0.21931798254613533,0.4144597952316422,50,paired replicate; percentage-point difference
real_calibration,B14,ID_only,0.1,all,M1_pt,static,0.2546666666666669,0.06680185626734952,0.4425314770659842,50,paired replicate; percentage-point difference
real_calibration,B14,ID_only,0.1,early,L1_plp,L0_plp,0.19791666666666752,0.1310874280432528,0.26474590529008224,50,paired replicate; percentage-point difference
real_calibration,B14,ID_only,0.1,early,L2_plp,L0_plp,-0.06597222222222132,-0.08291804515436274,-0.049026399290079896,50,paired replicate; percentage-point difference
real_calibration,B14,ID_only,0.1,early,M1_pt,M0_pt,-0.11805555555555522,-0.2906913852328225,0.05458027412171207,50,paired replicate; percentage-point difference
real_calibration,B14,ID_only,0.1,early,M0_pt,static,0.5086805555555539,0.4106628520903305,0.6066982590207773,50,paired replicate; percentage-point difference
real_calibration,B14,ID_only,0.1,early,M1_pt,static,0.3906249999999987,0.20021673456759947,0.581033265432398,50,paired replicate; percentage-point difference
real_calibration,B14,ID_only,0.1,late,L1_plp,L0_plp,0.09744990892531835,0.03245166226617552,0.16244815558446118,50,paired replicate; percentage-point difference
real_calibration,B14,ID_only,0.1,late,L2_plp,L0_plp,-0.044626593806921085,-0.062261041361844204,-0.026992146251997966,50,paired replicate; percentage-point difference
real_calibration,B14,ID_only,0.1,late,M1_pt,M0_pt,-0.0036429872495454475,-0.21123301225513205,0.20394703775604114,50,paired replicate; percentage-point difference
real_calibration,B14,ID_only,0.1,late,M0_pt,static,0.11566484517304207,-0.0077541339820526994,0.23908382432813685,50,paired replicate; percentage-point difference
real_calibration,B14,ID_only,0.1,late,M1_pt,static,0.1120218579234966,-0.12056235666108113,0.34460607250807435,50,paired replicate; percentage-point difference
real_calibration,B14,ID_only,0.1019161343574523,ID,M1_admit2,M0_admit2,-0.031111111111110444,-0.21040862819398634,0.14818640597176544,50,paired replicate; percentage-point difference
real_calibration,B14,class_burst,0.01,all,L1_plp,L0_plp,0.07155555555555562,0.04843743418973671,0.09467367692137454,50,paired replicate; percentage-point difference
real_calibration,B14,class_burst,0.01,all,L2_plp,L0_plp,-0.05466666666666678,-0.06665013750697724,-0.042683195826356324,50,paired replicate; percentage-point difference
real_calibration,B14,class_burst,0.01,all,M1_pt,M0_pt,-0.015999999999999813,-0.06603887390330308,0.03403887390330346,50,paired replicate; percentage-point difference
real_calibration,B14,class_burst,0.01,all,M0_pt,static,-0.279555555555555,-0.32463168985593893,-0.23447942125517107,50,paired replicate; percentage-point difference
real_calibration,B14,class_burst,0.01,all,M1_pt,static,-0.2955555555555548,-0.35827390866719744,-0.23283720244391215,50,paired replicate; percentage-point difference
real_calibration,B14,class_burst,0.01,early,L1_plp,L0_plp,0.0549498473615344,0.014356663620185353,0.09554303110288345,50,paired replicate; percentage-point difference
real_calibration,B14,class_burst,0.01,early,L2_plp,L0_plp,-0.0898386393371138,-0.11311495155608332,-0.06656232711814426,50,paired replicate; percentage-point difference
real_calibration,B14,class_burst,0.01,early,M1_pt,M0_pt,0.014827736589621013,-0.0349764443089971,0.06463191748823913,50,paired replicate; percentage-point difference
real_calibration,B14,class_burst,0.01,early,M0_pt,static,-0.4989097252507627,-0.533710648829704,-0.46410880167182145,50,paired replicate; percentage-point difference
real_calibration,B14,class_burst,0.01,early,M1_pt,static,-0.48408198866114155,-0.5427656502846159,-0.4253983270376672,50,paired replicate; percentage-point difference
real_calibration,B14,class_burst,0.01,late,L1_plp,L0_plp,0.0888083371091978,0.06583787097953753,0.11177880323885808,50,paired replicate; percentage-point difference
real_calibration,B14,class_burst,0.01,late,L2_plp,L0_plp,-0.0181241504304484,-0.026351006380738062,-0.00989729448015874,50,paired replicate; percentage-point difference
real_calibration,B14,class_burst,0.01,late,M1_pt,M0_pt,-0.0480289986406894,-0.11230438752281022,0.01624639024143141,50,paired replicate; percentage-point difference
real_calibration,B14,class_burst,0.01,late,M0_pt,static,-0.051653828726777214,-0.11521980125233475,0.011912143798780327,50,paired replicate; percentage-point difference
real_calibration,B14,class_burst,0.01,late,M1_pt,static,-0.0996828273674666,-0.18028922442982506,-0.01907643030510814,50,paired replicate; percentage-point difference
real_calibration,B14,class_burst,0.05,all,L1_plp,L0_plp,0.10222222222222126,0.05776594870664286,0.14667849573779965,50,paired replicate; percentage-point difference
real_calibration,B14,class_burst,0.05,all,L2_plp,L0_plp,-0.24844444444444508,-0.2712577510957771,-0.22563113779311303,50,paired replicate; percentage-point difference
real_calibration,B14,class_burst,0.05,all,M1_pt,M0_pt,-0.07822222222222237,-0.20883588420455856,0.0523914397601138,50,paired replicate; percentage-point difference
real_calibration,B14,class_burst,0.05,all,M0_pt,static,-0.22666666666666746,-0.3172660273477426,-0.1360673059855923,50,paired replicate; percentage-point difference
real_calibration,B14,class_burst,0.05,all,M1_pt,static,-0.3048888888888898,-0.48292917637521326,-0.12684860140256637,50,paired replicate; percentage-point difference
real_calibration,B14,class_burst,0.05,early,L1_plp,L0_plp,0.19101613606628937,0.11606822790716248,0.26596404422541625,50,paired replicate; percentage-point difference
real_calibration,B14,class_burst,0.05,early,L2_plp,L0_plp,-0.39249890972525114,-0.4305562261690418,-0.35444159328146047,50,paired replicate; percentage-point difference
real_calibration,B14,class_burst,0.05,early,M1_pt,M0_pt,-0.04273877017008345,-0.1293162909541824,0.043838750614015494,50,paired replicate; percentage-point difference
real_calibration,B14,class_burst,0.05,early,M0_pt,static,0.09419973833406005,0.03455645702414832,0.1538430196439718,50,paired replicate; percentage-point difference
real_calibration,B14,class_burst,0.05,early,M1_pt,static,0.05146096816397657,-0.06327768861255867,0.1661996249405118,50,paired replicate; percentage-point difference
real_calibration,B14,class_burst,0.05,late,L1_plp,L0_plp,0.009968282736747379,-0.02976751666720137,0.04970408214069613,50,paired replicate; percentage-point difference
real_calibration,B14,class_burst,0.05,late,L2_plp,L0_plp,-0.09877661984594559,-0.11836448571717416,-0.07918875397471702,50,paired replicate; percentage-point difference
real_calibration,B14,class_burst,0.05,late,M1_pt,M0_pt,-0.11508835523334782,-0.3114365392638895,0.08125982879719387,50,paired replicate; percentage-point difference
real_calibration,B14,class_burst,0.05,late,M0_pt,static,-0.560036248300861,-0.6921217448466287,-0.42795075175509323,50,paired replicate; percentage-point difference
real_calibration,B14,class_burst,0.05,late,M1_pt,static,-0.6751246035342088,-0.9366849357161344,-0.4135642713522832,50,paired replicate; percentage-point difference
real_calibration,B14,class_burst,0.1,all,L1_plp,L0_plp,0.27555555555555444,0.22680269079672324,0.3243084203143856,50,paired replicate; percentage-point difference
real_calibration,B14,class_burst,0.1,all,L2_plp,L0_plp,-0.39644444444444527,-0.42734070226258697,-0.36554818662630356,50,paired replicate; percentage-point difference
real_calibration,B14,class_burst,0.1,all,M1_pt,M0_pt,-0.05511111111111099,-0.23345380324380502,0.12323158102158302,50,paired replicate; percentage-point difference
real_calibration,B14,class_burst,0.1,all,M0_pt,static,-0.5471111111111113,-0.6420784531630127,-0.45214376905920994,50,paired replicate; percentage-point difference
real_calibration,B14,class_burst,0.1,all,M1_pt,static,-0.6022222222222223,-0.804753296723517,-0.3996911477209276,50,paired replicate; percentage-point difference
real_calibration,B14,class_burst,0.1,early,L1_plp,L0_plp,0.5704317488006986,0.49153269328467875,0.6493308043167184,50,paired replicate; percentage-point difference
real_calibration,B14,class_burst,0.1,early,L2_plp,L0_plp,-0.5765372873964233,-0.6306077670663831,-0.5224668077264635,50,paired replicate; percentage-point difference
real_calibration,B14,class_burst,0.1,early,M1_pt,M0_pt,-0.04971652856519872,-0.23007335037535287,0.13064029324495546,50,paired replicate; percentage-point difference
real_calibration,B14,class_burst,0.1,early,M0_pt,static,0.663759267335368,0.5842092723521137,0.7433092623186224,50,paired replicate; percentage-point difference
real_calibration,B14,class_burst,0.1,early,M1_pt,static,0.6140427387701695,0.4302793905752788,0.7978060869650601,50,paired replicate; percentage-point difference
real_calibration,B14,class_burst,0.1,late,L1_plp,L0_plp,-0.030811055731762408,-0.0982732810445296,0.0366511695810048,50,paired replicate; percentage-point difference
real_calibration,B14,class_burst,0.1,late,L2_plp,L0_plp,-0.20933393747168139,-0.23793808977615288,-0.1807297851672099,50,paired replicate; percentage-point difference
real_calibration,B14,class_burst,0.1,late,M1_pt,M0_pt,-0.06071590394200148,-0.26567213272905804,0.14424032484505506,50,paired replicate; percentage-point difference
real_calibration,B14,class_burst,0.1,late,M0_pt,static,-1.8051653828726788,-1.9581795958070154,-1.6521511699383422,50,paired replicate; percentage-point difference
real_calibration,B14,class_burst,0.1,late,M1_pt,static,-1.86588128681468,-2.136689716500348,-1.5950728571290118,50,paired replicate; percentage-point difference
real_calibration,B14,class_burst,0.1019161343574523,ID,M1_admit2,M0_admit2,-0.0773333333333329,-0.24337588172774566,0.08870921506107987,50,paired replicate; percentage-point difference
real_calibration,B14,class_burst,0.1019161343574523,OOD,M1_admit2,M0_admit2,-0.22399999999999995,-0.6187564470304359,0.17075644703043594,50,paired replicate; percentage-point difference
real_calibration,B14,mixed,0.01,all,L1_plp,L0_plp,0.0466666666666658,0.02856612144070827,0.06476721189262333,50,paired replicate; percentage-point difference
real_calibration,B14,mixed,0.01,all,L2_plp,L0_plp,-0.005333333333333996,-0.009855208117785915,-0.0008114585488820762,50,paired replicate; percentage-point difference
real_calibration,B14,mixed,0.01,all,M1_pt,M0_pt,-0.029777777777777,-0.0882284595793021,0.0286729040237481,50,paired replicate; percentage-point difference
real_calibration,B14,mixed,0.01,all,M0_pt,static,-0.20488888888888815,-0.25095104298562315,-0.15882673479215315,50,paired replicate; percentage-point difference
real_calibration,B14,mixed,0.01,all,M1_pt,static,-0.2346666666666652,-0.304518639485726,-0.16481469384760442,50,paired replicate; percentage-point difference
real_calibration,B14,mixed,0.01,early,L1_plp,L0_plp,0.041866550370693784,0.017465836943258213,0.06626726379812936,50,paired replicate; percentage-point difference
real_calibration,B14,mixed,0.01,early,L2_plp,L0_plp,-0.006105538595726207,-0.012735197437140463,0.0005241202456880483,50,paired replicate; percentage-point difference
real_calibration,B14,mixed,0.01,early,M1_pt,M0_pt,-0.054949847361535006,-0.12549878109115367,0.015599086368083659,50,paired replicate; percentage-point difference
real_calibration,B14,mixed,0.01,early,M0_pt,static,-0.2372437854339296,-0.28789370457886876,-0.18659386628899044,50,paired replicate; percentage-point difference
real_calibration,B14,mixed,0.01,early,M1_pt,static,-0.2921936327954645,-0.37426371201244313,-0.2101235535784859,50,paired replicate; percentage-point difference
real_calibration,B14,mixed,0.01,late,L1_plp,L0_plp,0.0516538287267776,0.024867862910270145,0.07843979454328506,50,paired replicate; percentage-point difference
real_calibration,B14,mixed,0.01,late,L2_plp,L0_plp,-0.004531037607611999,-0.010491961058225809,0.0014298858430018112,50,paired replicate; percentage-point difference
real_calibration,B14,mixed,0.01,late,M1_pt,M0_pt,-0.0036248300860897953,-0.06236711640205241,0.05511745622987282,50,paired replicate; percentage-point difference
real_calibration,B14,mixed,0.01,late,M0_pt,static,-0.171273221567739,-0.21790505567220955,-0.12464138746326844,50,paired replicate; percentage-point difference
real_calibration,B14,mixed,0.01,late,M1_pt,static,-0.17489805165382882,-0.24441425423562768,-0.10538184907202995,50,paired replicate; percentage-point difference
real_calibration,B14,mixed,0.05,all,L1_plp,L0_plp,0.00355555555555602,-0.029725193972390332,0.03683630508350237,50,paired replicate; percentage-point difference
real_calibration,B14,mixed,0.05,all,L2_plp,L0_plp,-0.02577777777777779,-0.035441140550791436,-0.01611441500476414,50,paired replicate; percentage-point difference
real_calibration,B14,mixed,0.05,all,M1_pt,M0_pt,-0.19422222222222174,-0.34011197789598513,-0.04833246654845835,50,paired replicate; percentage-point difference
real_calibration,B14,mixed,0.05,all,M0_pt,static,-0.2537777777777785,-0.35049636060673306,-0.15705919494882395,50,paired replicate; percentage-point difference
real_calibration,B14,mixed,0.05,all,M1_pt,static,-0.4480000000000002,-0.6392875488408756,-0.2567124511591248,50,paired replicate; percentage-point difference
real_calibration,B14,mixed,0.05,early,L1_plp,L0_plp,0.057566506759704456,0.019555348388015988,0.09557766513139293,50,paired replicate; percentage-point difference
real_calibration,B14,mixed,0.05,early,L2_plp,L0_plp,-0.03052769297863015,-0.046995100278501484,-0.014060285678758822,50,paired replicate; percentage-point difference
real_calibration,B14,mixed,0.05,early,M1_pt,M0_pt,-0.2424771042302666,-0.3841275735235483,-0.10082663493698488,50,paired replicate; percentage-point difference
real_calibration,B14,mixed,0.05,early,M0_pt,static,-0.1735717400784996,-0.2742149103089494,-0.07292856984804982,50,paired replicate; percentage-point difference
real_calibration,B14,mixed,0.05,early,M1_pt,static,-0.41604884430876615,-0.5973280342817342,-0.23476965433579813,50,paired replicate; percentage-point difference
real_calibration,B14,mixed,0.05,late,L1_plp,L0_plp,-0.05256003624830021,-0.10349749697010002,-0.001622575526500393,50,paired replicate; percentage-point difference
real_calibration,B14,mixed,0.05,late,L2_plp,L0_plp,-0.0208427729950158,-0.02993335575562843,-0.011752190234403171,50,paired replicate; percentage-point difference
real_calibration,B14,mixed,0.05,late,M1_pt,M0_pt,-0.14408699592206617,-0.3375439232090138,0.049369931364881436,50,paired replicate; percentage-point difference
real_calibration,B14,mixed,0.05,late,M0_pt,static,-0.33710919800634165,-0.4486175464607413,-0.22560084955194198,50,paired replicate; percentage-point difference
real_calibration,B14,mixed,0.05,late,M1_pt,static,-0.48119619392840784,-0.7268596727630268,-0.23553271509378898,50,paired replicate; percentage-point difference
real_calibration,B14,mixed,0.1,all,L1_plp,L0_plp,0.21066666666666756,0.15889760571160416,0.26243572762173095,50,paired replicate; percentage-point difference
real_calibration,B14,mixed,0.1,all,L2_plp,L0_plp,-0.05155555555555527,-0.06496426287894153,-0.03814684823216902,50,paired replicate; percentage-point difference
real_calibration,B14,mixed,0.1,all,M1_pt,M0_pt,-0.10533333333333314,-0.29431098558444424,0.08364431891777796,50,paired replicate; percentage-point difference
real_calibration,B14,mixed,0.1,all,M0_pt,static,0.2888888888888884,0.1842633844796204,0.3935143932981564,50,paired replicate; percentage-point difference
real_calibration,B14,mixed,0.1,all,M1_pt,static,0.18355555555555525,-0.028450153641570247,0.3955612647526807,50,paired replicate; percentage-point difference
real_calibration,B14,mixed,0.1,early,L1_plp,L0_plp,0.2171827300479714,0.15779597790359579,0.276569482192347,50,paired replicate; percentage-point difference
real_calibration,B14,mixed,0.1,early,L2_plp,L0_plp,-0.06628870475359819,-0.08927089156648046,-0.04330651794071591,50,paired replicate; percentage-point difference
real_calibration,B14,mixed,0.1,early,M1_pt,M0_pt,-0.0907108591365024,-0.312406968454239,0.13098525018123416,50,paired replicate; percentage-point difference
real_calibration,B14,mixed,0.1,early,M0_pt,static,0.1299607501090277,0.028233191905208663,0.2316883083128467,50,paired replicate; percentage-point difference
real_calibration,B14,mixed,0.1,early,M1_pt,static,0.03924989097252528,-0.19768145801942583,0.27618123996447635,50,paired replicate; percentage-point difference
real_calibration,B14,mixed,0.1,late,L1_plp,L0_plp,0.20389669234254737,0.12952436748227586,0.2782690172028189,50,paired replicate; percentage-point difference
real_calibration,B14,mixed,0.1,late,L2_plp,L0_plp,-0.03624830086089681,-0.04899329129574457,-0.02350331042604905,50,paired replicate; percentage-point difference
real_calibration,B14,mixed,0.1,late,M1_pt,M0_pt,-0.12052560036248337,-0.3107530328203332,0.06970183209536641,50,paired replicate; percentage-point difference
real_calibration,B14,mixed,0.1,late,M0_pt,static,0.4540099682827367,0.32154762365342715,0.5864723129120463,50,paired replicate; percentage-point difference
real_calibration,B14,mixed,0.1,late,M1_pt,static,0.33348436792025316,0.1036065210881402,0.5633622147523661,50,paired replicate; percentage-point difference
real_calibration,B14,mixed,0.1019161343574523,ID,M1_admit2,M0_admit2,-0.07244444444444437,-0.29135620048205346,0.1464673115931647,50,paired replicate; percentage-point difference
real_calibration,B14,mixed,0.1019161343574523,OOD,M1_admit2,M0_admit2,-0.2146666666666666,-0.6350813263461369,0.2057479930128037,50,paired replicate; percentage-point difference
real_calibration,L14,ID_only,0.01,all,L1_plp,L0_plp,0.030666666666666197,0.012492519792816344,0.048840813540516045,50,paired replicate; percentage-point difference
real_calibration,L14,ID_only,0.01,all,L2_plp,L0_plp,0.001333333333333202,-0.0029765601268140754,0.0056432267934804796,50,paired replicate; percentage-point difference
real_calibration,L14,ID_only,0.01,all,M1_pt,M0_pt,-0.045333333333333614,-0.0958887863214013,0.00522211965473407,50,paired replicate; percentage-point difference
real_calibration,L14,ID_only,0.01,all,M0_pt,static,-0.17644444444444457,-0.21846100217546913,-0.13442788671342001,50,paired replicate; percentage-point difference
real_calibration,L14,ID_only,0.01,all,M1_pt,static,-0.22177777777777818,-0.27838740810332313,-0.16516814745223324,50,paired replicate; percentage-point difference
real_calibration,L14,ID_only,0.01,early,L1_plp,L0_plp,0.006944444444444011,-0.016079564994113397,0.029968453883001418,50,paired replicate; percentage-point difference
real_calibration,L14,ID_only,0.01,early,L2_plp,L0_plp,-0.0008680555555559966,-0.007216628293420886,0.005480517182308893,50,paired replicate; percentage-point difference
real_calibration,L14,ID_only,0.01,early,M1_pt,M0_pt,-0.051215277777777776,-0.11038151039013376,0.007950954834578208,50,paired replicate; percentage-point difference
real_calibration,L14,ID_only,0.01,early,M0_pt,static,-0.054687500000001193,-0.09546937096308583,-0.013905629036916549,50,paired replicate; percentage-point difference
real_calibration,L14,ID_only,0.01,early,M1_pt,static,-0.10590277777777896,-0.16939633034164053,-0.04240922521391739,50,paired replicate; percentage-point difference
real_calibration,L14,ID_only,0.01,late,L1_plp,L0_plp,0.05555555555555441,0.029371753685728596,0.08173935742538022,50,paired replicate; percentage-point difference
real_calibration,L14,ID_only,0.01,late,L2_plp,L0_plp,0.0036429872495441985,-0.0014805453351021615,0.008766519834190559,50,paired replicate; percentage-point difference
real_calibration,L14,ID_only,0.01,late,M1_pt,M0_pt,-0.03916211293260499,-0.1009799319686622,0.022655706103452224,50,paired replicate; percentage-point difference
real_calibration,L14,ID_only,0.01,late,M0_pt,static,-0.3041894353369768,-0.35396565969287075,-0.2544132109810828,50,paired replicate; percentage-point difference
real_calibration,L14,ID_only,0.01,late,M1_pt,static,-0.3433515482695818,-0.40788537254423374,-0.2788177239949299,50,paired replicate; percentage-point difference
real_calibration,L14,ID_only,0.05,all,L1_plp,L0_plp,-0.038222222222222,-0.07415338394365752,-0.0022910605007864793,50,paired replicate; percentage-point difference
real_calibration,L14,ID_only,0.05,all,L2_plp,L0_plp,-0.015111111111110812,-0.025193307659731795,-0.00502891456248983,50,paired replicate; percentage-point difference
real_calibration,L14,ID_only,0.05,all,M1_pt,M0_pt,-0.10044444444444439,-0.23052104858702543,0.02963215969813665,50,paired replicate; percentage-point difference
real_calibration,L14,ID_only,0.05,all,M0_pt,static,0.061777777777777626,-0.03456302892387304,0.15811858447942828,50,paired replicate; percentage-point difference
real_calibration,L14,ID_only,0.05,all,M1_pt,static,-0.03866666666666676,-0.1828164114350746,0.10548307810174107,50,paired replicate; percentage-point difference
real_calibration,L14,ID_only,0.05,early,L1_plp,L0_plp,-0.019097222222222213,-0.07680056286463142,0.038606118420187005,50,paired replicate; percentage-point difference
real_calibration,L14,ID_only,0.05,early,L2_plp,L0_plp,-0.021701388888889547,-0.03827855880196646,-0.005124218975812632,50,paired replicate; percentage-point difference
real_calibration,L14,ID_only,0.05,early,M1_pt,M0_pt,-0.1119791666666676,-0.22974162544899643,0.005783292115661226,50,paired replicate; percentage-point difference
real_calibration,L14,ID_only,0.05,early,M0_pt,static,-0.14670138888888803,-0.23501538826551907,-0.058387389512257,50,paired replicate; percentage-point difference
real_calibration,L14,ID_only,0.05,early,M1_pt,static,-0.25868055555555564,-0.3887436595510141,-0.12861745156009716,50,paired replicate; percentage-point difference
real_calibration,L14,ID_only,0.05,late,L1_plp,L0_plp,-0.05828779599271387,-0.1006925734475776,-0.015883018537850145,50,paired replicate; percentage-point difference
real_calibration,L14,ID_only,0.05,late,L2_plp,L0_plp,-0.008196721311475003,-0.017136178440516257,0.0007427358175662521,50,paired replicate; percentage-point difference
real_calibration,L14,ID_only,0.05,late,M1_pt,M0_pt,-0.0883424408014578,-0.25990050927683517,0.08321562767391956,50,paired replicate; percentage-point difference
real_calibration,L14,ID_only,0.05,late,M0_pt,static,0.2805100182149359,0.1594355029061202,0.40158453352375156,50,paired replicate; percentage-point difference
real_calibration,L14,ID_only,0.05,late,M1_pt,static,0.19216757741347812,0.010584414036942907,0.37375074079001336,50,paired replicate; percentage-point difference
real_calibration,L14,ID_only,0.1,all,L1_plp,L0_plp,0.0595555555555558,0.004743804413562244,0.11436730669754935,50,paired replicate; percentage-point difference
real_calibration,L14,ID_only,0.1,all,L2_plp,L0_plp,-0.022666666666665974,-0.03480402032223857,-0.010529313011093383,50,paired replicate; percentage-point difference
real_calibration,L14,ID_only,0.1,all,M1_pt,M0_pt,-0.0626666666666659,-0.25460981331677884,0.12927647998344705,50,paired replicate; percentage-point difference
real_calibration,L14,ID_only,0.1,all,M0_pt,static,-1.0328888888888894,-1.1608456148996436,-0.9049321628781353,50,paired replicate; percentage-point difference
real_calibration,L14,ID_only,0.1,all,M1_pt,static,-1.0955555555555554,-1.3335318849285316,-0.8575792261825792,50,paired replicate; percentage-point difference
real_calibration,L14,ID_only,0.1,early,L1_plp,L0_plp,0.14149305555555633,0.058848816834775663,0.224137294276337,50,paired replicate; percentage-point difference
real_calibration,L14,ID_only,0.1,early,L2_plp,L0_plp,-0.023437499999999386,-0.04109579883126996,-0.00577920116872881,50,paired replicate; percentage-point difference
real_calibration,L14,ID_only,0.1,early,M1_pt,M0_pt,-0.09114583333333327,-0.2981083683861324,0.11581670171946588,50,paired replicate; percentage-point difference
real_calibration,L14,ID_only,0.1,early,M0_pt,static,-0.9652777777777776,-1.0809510570645515,-0.8496044984910037,50,paired replicate; percentage-point difference
real_calibration,L14,ID_only,0.1,early,M1_pt,static,-1.0564236111111107,-1.3019945708472451,-0.8108526513749762,50,paired replicate; percentage-point difference
real_calibration,L14,ID_only,0.1,late,L1_plp,L0_plp,-0.026411657559198002,-0.09008595930189406,0.03726264418349806,50,paired replicate; percentage-point difference
real_calibration,L14,ID_only,0.1,late,L2_plp,L0_plp,-0.021857923497266788,-0.03599607315544566,-0.007719773839087918,50,paired replicate; percentage-point difference
real_calibration,L14,ID_only,0.1,late,M1_pt,M0_pt,-0.032786885245901946,-0.23806214697985897,0.17248837648805507,50,paired replicate; percentage-point difference
real_calibration,L14,ID_only,0.1,late,M0_pt,static,-1.1038251366120222,-1.26657292130124,-0.9410773519228044,50,paired replicate; percentage-point difference
real_calibration,L14,ID_only,0.1,late,M1_pt,static,-1.136612021857924,-1.3980314543943606,-0.8751925893214876,50,paired replicate; percentage-point difference
real_calibration,L14,ID_only,0.1019161343574523,ID,M1_admit2,M0_admit2,-0.1479999999999996,-0.31718637447830805,0.021186374478308845,50,paired replicate; percentage-point difference
real_calibration,L14,class_burst,0.01,all,L1_plp,L0_plp,0.08933333333333301,0.06053339588109559,0.11813327078557044,50,paired replicate; percentage-point difference
real_calibration,L14,class_burst,0.01,all,L2_plp,L0_plp,-0.04577777777777919,-0.0593655853426944,-0.032189970212863975,50,paired replicate; percentage-point difference
real_calibration,L14,class_burst,0.01,all,M1_pt,M0_pt,-0.039555555555555406,-0.0952782461395971,0.01616713502848629,50,paired replicate; percentage-point difference
real_calibration,L14,class_burst,0.01,all,M0_pt,static,-0.22755555555555557,-0.27126510819985566,-0.18384600291125547,50,paired replicate; percentage-point difference
real_calibration,L14,class_burst,0.01,all,M1_pt,static,-0.26711111111111097,-0.33697858073708487,-0.19724364148513707,50,paired replicate; percentage-point difference
real_calibration,L14,class_burst,0.01,early,L1_plp,L0_plp,0.11164413432184939,0.06539418892838905,0.15789407971530972,50,paired replicate; percentage-point difference
real_calibration,L14,class_burst,0.01,early,L2_plp,L0_plp,-0.07413868294810304,-0.09933457200491676,-0.04894279389128932,50,paired replicate; percentage-point difference
real_calibration,L14,class_burst,0.01,early,M1_pt,M0_pt,-0.0183166157871786,-0.08230758505099964,0.04567435347664244,50,paired replicate; percentage-point difference
real_calibration,L14,class_burst,0.01,early,M0_pt,static,-0.4683820322721315,-0.5062585175369163,-0.4305055470073466,50,paired replicate; percentage-point difference
real_calibration,L14,class_burst,0.01,early,M1_pt,static,-0.4866986480593101,-0.5611205965417954,-0.41227669957682483,50,paired replicate; percentage-point difference
real_calibration,L14,class_burst,0.01,late,L1_plp,L0_plp,0.0661531490711378,0.04158114024210531,0.09072515790017029,50,paired replicate; percentage-point difference
real_calibration,L14,class_burst,0.01,late,L2_plp,L0_plp,-0.016311735387404002,-0.02560480585216557,-0.007018664922642434,50,paired replicate; percentage-point difference
real_calibration,L14,class_burst,0.01,late,M1_pt,M0_pt,-0.06162211146352422,-0.12485447769200853,0.0016102547649600937,50,paired replicate; percentage-point difference
real_calibration,L14,class_burst,0.01,late,M0_pt,static,0.0226551880380596,-0.030230763674264843,0.07554113975038404,50,paired replicate; percentage-point difference
real_calibration,L14,class_burst,0.01,late,M1_pt,static,-0.038966923425464615,-0.11817621015628302,0.04024236330535378,50,paired replicate; percentage-point difference
real_calibration,L14,class_burst,0.05,all,L1_plp,L0_plp,0.1742222222222218,0.1333059273114381,0.21513851713300552,50,paired replicate; percentage-point difference
real_calibration,L14,class_burst,0.05,all,L2_plp,L0_plp,-0.17022222222222225,-0.18972378552595154,-0.15072065891849296,50,paired replicate; percentage-point difference
real_calibration,L14,class_burst,0.05,all,M1_pt,M0_pt,-0.12222222222222275,-0.22303813239573397,-0.021406312048711518,50,paired replicate; percentage-point difference
real_calibration,L14,class_burst,0.05,all,M0_pt,static,-0.7551111111111121,-0.8649329121983266,-0.6452893100238976,50,paired replicate; percentage-point difference
real_calibration,L14,class_burst,0.05,all,M1_pt,static,-0.8773333333333345,-1.028012177360022,-0.7266544893066471,50,paired replicate; percentage-point difference
real_calibration,L14,class_burst,0.05,early,L1_plp,L0_plp,0.3654600959441771,0.29790392158636375,0.43301627030199047,50,paired replicate; percentage-point difference
real_calibration,L14,class_burst,0.05,early,L2_plp,L0_plp,-0.24596598342782466,-0.2763004262972856,-0.21563154055836378,50,paired replicate; percentage-point difference
real_calibration,L14,class_burst,0.05,early,M1_pt,M0_pt,-0.18403837767117337,-0.29304929820613,-0.07502745713621675,50,paired replicate; percentage-point difference
real_calibration,L14,class_burst,0.05,early,M0_pt,static,-0.29132141299607506,-0.36502717123187023,-0.21761565476027991,50,paired replicate; percentage-point difference
real_calibration,L14,class_burst,0.05,early,M1_pt,static,-0.4753597906672484,-0.608218691468112,-0.3425008898663848,50,paired replicate; percentage-point difference
real_calibration,L14,class_burst,0.05,late,L1_plp,L0_plp,-0.0244676030811058,-0.07638225829177601,0.027447052129564414,50,paired replicate; percentage-point difference
real_calibration,L14,class_burst,0.05,late,L2_plp,L0_plp,-0.09152695967376578,-0.11037525940297162,-0.07267865994455995,50,paired replicate; percentage-point difference
real_calibration,L14,class_burst,0.05,late,M1_pt,M0_pt,-0.057997281377435594,-0.16889334660730865,0.05289878385243746,50,paired replicate; percentage-point difference
real_calibration,L14,class_burst,0.05,late,M0_pt,static,-1.2369732668781142,-1.3901176874831869,-1.0838288462730414,50,paired replicate; percentage-point difference
real_calibration,L14,class_burst,0.05,late,M1_pt,static,-1.29497054825555,-1.4846899447192003,-1.1052511517918997,50,paired replicate; percentage-point difference
real_calibration,L14,class_burst,0.1,all,L1_plp,L0_plp,0.2715555555555548,0.21249971671749546,0.3306113943936141,50,paired replicate; percentage-point difference
real_calibration,L14,class_burst,0.1,all,L2_plp,L0_plp,-0.36000000000000104,-0.38945691875409844,-0.33054308124590365,50,paired replicate; percentage-point difference
real_calibration,L14,class_burst,0.1,all,M1_pt,M0_pt,-0.14933333333333354,-0.3650999510728929,0.06643328440622581,50,paired replicate; percentage-point difference
real_calibration,L14,class_burst,0.1,all,M0_pt,static,-1.849333333333333,-1.9876592122608474,-1.7110074544058187,50,paired replicate; percentage-point difference
real_calibration,L14,class_burst,0.1,all,M1_pt,static,-1.998666666666666,-2.2734681632296914,-1.7238651701036407,50,paired replicate; percentage-point difference
real_calibration,L14,class_burst,0.1,early,L1_plp,L0_plp,0.6288704753597912,0.5417658920644788,0.7159750586551037,50,paired replicate; percentage-point difference
real_calibration,L14,class_burst,0.1,early,L2_plp,L0_plp,-0.48320976886175315,-0.5325224334999306,-0.43389710422357575,50,paired replicate; percentage-point difference
real_calibration,L14,class_burst,0.1,early,M1_pt,M0_pt,-0.09856083733100754,-0.27549214656059984,0.07837047189858476,50,paired replicate; percentage-point difference
real_calibration,L14,class_burst,0.1,early,M0_pt,static,-0.4430876580898376,-0.5222453555064276,-0.3639299606732475,50,paired replicate; percentage-point difference
real_calibration,L14,class_burst,0.1,early,M1_pt,static,-0.5416484954208451,-0.7480276626546453,-0.335269328187045,50,paired replicate; percentage-point difference
real_calibration,L14,class_burst,0.1,late,L1_plp,L0_plp,-0.09968282736746756,-0.17050071966219266,-0.02886493507274246,50,paired replicate; percentage-point difference
real_calibration,L14,class_burst,0.1,late,L2_plp,L0_plp,-0.23198912550974146,-0.25860144682833053,-0.2053768041911524,50,paired replicate; percentage-point difference
real_calibration,L14,class_burst,0.1,late,M1_pt,M0_pt,-0.20208427729950182,-0.4751515839911703,0.07098302939216664,50,paired replicate; percentage-point difference
real_calibration,L14,class_burst,0.1,late,M0_pt,static,-3.3103760761214307,-3.517415330400749,-3.1033368218421122,50,paired replicate; percentage-point difference
real_calibration,L14,class_burst,0.1,late,M1_pt,static,-3.512460353420932,-3.8792548897266985,-3.1456658171151655,50,paired replicate; percentage-point difference
real_calibration,L14,class_burst,0.1019161343574523,ID,M1_admit2,M0_admit2,0.018666666666666377,-0.1395339277670991,0.17686726110043188,50,paired replicate; percentage-point difference
real_calibration,L14,class_burst,0.1019161343574523,OOD,M1_admit2,M0_admit2,-0.13066666666666626,-0.4507820457769856,0.18944871244365308,50,paired replicate; percentage-point difference
real_calibration,L14,mixed,0.01,all,L1_plp,L0_plp,0.029333333333333787,0.011495979005864652,0.04717068766080292,50,paired replicate; percentage-point difference
real_calibration,L14,mixed,0.01,all,L2_plp,L0_plp,-0.0026666666666666002,-0.007202919467638826,0.0018695861343056251,50,paired replicate; percentage-point difference
real_calibration,L14,mixed,0.01,all,M1_pt,M0_pt,-0.05599999999999862,-0.10122306790068825,-0.010776932099308988,50,paired replicate; percentage-point difference
real_calibration,L14,mixed,0.01,all,M0_pt,static,-0.08088888888888998,-0.12265965922355922,-0.039118118554220746,50,paired replicate; percentage-point difference
real_calibration,L14,mixed,0.01,all,M1_pt,static,-0.1368888888888886,-0.19174398661823544,-0.08203379115954172,50,paired replicate; percentage-point difference
real_calibration,L14,mixed,0.01,early,L1_plp,L0_plp,0.04797208896641861,0.024988538104105448,0.07095563982873176,50,paired replicate; percentage-point difference
real_calibration,L14,mixed,0.01,early,L2_plp,L0_plp,-0.005233318796336801,-0.011179959831864188,0.0007133222391905855,50,paired replicate; percentage-point difference
real_calibration,L14,mixed,0.01,early,M1_pt,M0_pt,-0.055822067160924804,-0.11170308187849984,5.894755665022261e-05,50,paired replicate; percentage-point difference
real_calibration,L14,mixed,0.01,early,M0_pt,static,-0.040122110771915985,-0.08483354196569173,0.004589320421859763,50,paired replicate; percentage-point difference
real_calibration,L14,mixed,0.01,early,M1_pt,static,-0.0959441779328408,-0.15525222206725575,-0.03663613379842583,50,paired replicate; percentage-point difference
real_calibration,L14,mixed,0.01,late,L1_plp,L0_plp,0.009968282736747802,-0.015560169592828731,0.035496735066324336,50,paired replicate; percentage-point difference
real_calibration,L14,mixed,0.01,late,L2_plp,L0_plp,2.0289325775024735e-16,-0.005817265630294569,0.005817265630294975,50,paired replicate; percentage-point difference
real_calibration,L14,mixed,0.01,late,M1_pt,M0_pt,-0.0561848663343918,-0.10060684137777234,-0.011762891291011247,50,paired replicate; percentage-point difference
real_calibration,L14,mixed,0.01,late,M0_pt,static,-0.12324422292704863,-0.1659953868054675,-0.08049305904862979,50,paired replicate; percentage-point difference
real_calibration,L14,mixed,0.01,late,M1_pt,static,-0.1794290892614404,-0.2372493151465885,-0.12160886337629231,50,paired replicate; percentage-point difference
real_calibration,L14,mixed,0.05,all,L1_plp,L0_plp,0.029777777777778222,-0.011242827434029955,0.0707983829895864,50,paired replicate; percentage-point difference
real_calibration,L14,mixed,0.05,all,L2_plp,L0_plp,-0.011111111111111014,-0.018898410125720355,-0.0033238120965016736,50,paired replicate; percentage-point difference
real_calibration,L14,mixed,0.05,all,M1_pt,M0_pt,-0.16266666666666738,-0.30023223049130954,-0.025101102842025186,50,paired replicate; percentage-point difference
real_calibration,L14,mixed,0.05,all,M0_pt,static,-0.0151111111111114,-0.12054602829642168,0.09032380607419889,50,paired replicate; percentage-point difference
real_calibration,L14,mixed,0.05,all,M1_pt,static,-0.17777777777777878,-0.3323380840885821,-0.023217471466975476,50,paired replicate; percentage-point difference
real_calibration,L14,mixed,0.05,early,L1_plp,L0_plp,0.03227213257740901,-0.018479810569722394,0.08302407572454042,50,paired replicate; percentage-point difference
real_calibration,L14,mixed,0.05,early,L2_plp,L0_plp,-0.010466637592673522,-0.024972486432362266,0.004039211247015222,50,paired replicate; percentage-point difference
real_calibration,L14,mixed,0.05,early,M1_pt,M0_pt,-0.1203663323157442,-0.26341307475987086,0.022680410128382456,50,paired replicate; percentage-point difference
real_calibration,L14,mixed,0.05,early,M0_pt,static,-0.134321849105975,-0.25096145052895014,-0.017682247682999835,50,paired replicate; percentage-point difference
real_calibration,L14,mixed,0.05,early,M1_pt,static,-0.2546881814217192,-0.41453910898761626,-0.09483725385582209,50,paired replicate; percentage-point difference
real_calibration,L14,mixed,0.05,late,L1_plp,L0_plp,0.027186225645672423,-0.024974895746012752,0.0793473470373576,50,paired replicate; percentage-point difference
real_calibration,L14,mixed,0.05,late,L2_plp,L0_plp,-0.011780697779791209,-0.019502556424342003,-0.004058839135240416,50,paired replicate; percentage-point difference
real_calibration,L14,mixed,0.05,late,M1_pt,M0_pt,-0.2066153149071142,-0.36390023614797395,-0.04933039366625447,50,paired replicate; percentage-point difference
real_calibration,L14,mixed,0.05,late,M0_pt,static,0.108744902582692,0.006090353587843614,0.21139945157754036,50,paired replicate; percentage-point difference
real_calibration,L14,mixed,0.05,late,M1_pt,static,-0.0978704123244222,-0.27159854833755115,0.07585772368870677,50,paired replicate; percentage-point difference
real_calibration,L14,mixed,0.1,all,L1_plp,L0_plp,0.07822222222222308,0.035364956590292845,0.12107948785415332,50,paired replicate; percentage-point difference
real_calibration,L14,mixed,0.1,all,L2_plp,L0_plp,-0.0408888888888885,-0.05174246838346652,-0.030035309394310483,50,paired replicate; percentage-point difference
real_calibration,L14,mixed,0.1,all,M1_pt,M0_pt,-0.10800000000000035,-0.2800412998714071,0.06404129987140639,50,paired replicate; percentage-point difference
real_calibration,L14,mixed,0.1,all,M0_pt,static,-0.5048888888888889,-0.6344438020372435,-0.3753339757405344,50,paired replicate; percentage-point difference
real_calibration,L14,mixed,0.1,all,M1_pt,static,-0.6128888888888894,-0.8274412953618754,-0.39833648241590336,50,paired replicate; percentage-point difference
real_calibration,L14,mixed,0.1,early,L1_plp,L0_plp,0.15351068469254195,0.09568862851405457,0.21133274087102932,50,paired replicate; percentage-point difference
real_calibration,L14,mixed,0.1,early,L2_plp,L0_plp,-0.04273877017008263,-0.06188895553629914,-0.02358858480386612,50,paired replicate; percentage-point difference
real_calibration,L14,mixed,0.1,early,M1_pt,M0_pt,-0.05320540776275558,-0.24687699086710807,0.14046617534159694,50,paired replicate; percentage-point difference
real_calibration,L14,mixed,0.1,early,M0_pt,static,-0.5564762320104674,-0.6662971425451825,-0.44665532147575226,50,paired replicate; percentage-point difference
real_calibration,L14,mixed,0.1,early,M1_pt,static,-0.6096816397732231,-0.8327683848568898,-0.38659489468955643,50,paired replicate; percentage-point difference
real_calibration,L14,mixed,0.1,late,L1_plp,L0_plp,5.8508753397745745e-16,-0.06990407475459665,0.06990407475459781,50,paired replicate; percentage-point difference
real_calibration,L14,mixed,0.1,late,L2_plp,L0_plp,-0.038966923425464206,-0.05197732611815106,-0.02595652073277735,50,paired replicate; percentage-point difference
real_calibration,L14,mixed,0.1,late,M1_pt,M0_pt,-0.16492976891708222,-0.34514786948741505,0.015288331653250609,50,paired replicate; percentage-point difference
real_calibration,L14,mixed,0.1,late,M0_pt,static,-0.4512913457181684,-0.6095586075165905,-0.2930240839197463,50,paired replicate; percentage-point difference
real_calibration,L14,mixed,0.1,late,M1_pt,static,-0.6162211146352506,-0.8521182294701094,-0.3803239998003919,50,paired replicate; percentage-point difference
real_calibration,L14,mixed,0.1019161343574523,ID,M1_admit2,M0_admit2,-0.08177777777777774,-0.2868736204121547,0.12331806485659923,50,paired replicate; percentage-point difference
real_calibration,L14,mixed,0.1019161343574523,OOD,M1_admit2,M0_admit2,-0.4039999999999997,-0.8096960433866225,0.0016960433866230473,50,paired replicate; percentage-point difference
