capacity,a,b,stream,metric,mean,lo,hi,n,unit
all,REPRISE_L0_M0@cfg0,L1_plp@cfg0,near,FPR95,-3.0146666666666673,-3.7213711843071797,-2.307962149026155,5,"support/calibration draw, after averaging matched orders"
all,REPRISE_L0_M0@cfg0,L1_plp@cfg0,near,AUROC,1.2130248518518394,1.0517136382685646,1.3743360654351142,5,"support/calibration draw, after averaging matched orders"
all,REPRISE_L0_M0@cfg0,L1_plp@cfg0,far,FPR95,-5.830969937606353,-7.795745245319525,-3.866194629893181,5,"support/calibration draw, after averaging matched orders"
all,REPRISE_L0_M0@cfg0,L1_plp@cfg0,far,AUROC,1.4396078863889377,1.0051988371426877,1.8740169356351877,5,"support/calibration draw, after averaging matched orders"
all,REPRISE_L1_M0@cfg0,L1_plp@cfg0,near,FPR95,-4.122666666666666,-4.868000699139883,-3.377332634193448,5,"support/calibration draw, after averaging matched orders"
all,REPRISE_L1_M0@cfg0,L1_plp@cfg0,near,AUROC,1.4734690370370336,1.3006840557194888,1.6462540183545784,5,"support/calibration draw, after averaging matched orders"
all,REPRISE_L1_M0@cfg0,L1_plp@cfg0,far,FPR95,-5.188126299867649,-7.317406392502827,-3.0588462072324716,5,"support/calibration draw, after averaging matched orders"
all,REPRISE_L1_M0@cfg0,L1_plp@cfg0,far,AUROC,1.3130298733219852,0.8911450062160532,1.734914740427917,5,"support/calibration draw, after averaging matched orders"
all,REPRISE_L2_M0@cfg0,L1_plp@cfg0,near,FPR95,-3.0026666666666677,-3.7207498215301738,-2.2845835118031617,5,"support/calibration draw, after averaging matched orders"
all,REPRISE_L2_M0@cfg0,L1_plp@cfg0,near,AUROC,1.2068901111111072,1.0454361021348237,1.3683441200873907,5,"support/calibration draw, after averaging matched orders"
all,REPRISE_L2_M0@cfg0,L1_plp@cfg0,far,FPR95,-5.849877103422197,-7.801565115013328,-3.8981890918310667,5,"support/calibration draw, after averaging matched orders"
all,REPRISE_L2_M0@cfg0,L1_plp@cfg0,far,AUROC,1.4399304636457202,1.0055203339619556,1.8743405933294848,5,"support/calibration draw, after averaging matched orders"
all,REPRISE_L1_M1@cfg0,L1_plp@cfg0,near,FPR95,-4.0680000000000005,-4.780882881676355,-3.3551171183236455,5,"support/calibration draw, after averaging matched orders"
all,REPRISE_L1_M1@cfg0,L1_plp@cfg0,near,AUROC,1.4681999999999924,1.2928173313251663,1.6435826686748185,5,"support/calibration draw, after averaging matched orders"
all,REPRISE_L1_M1@cfg0,L1_plp@cfg0,far,FPR95,-5.150311968235961,-7.37330015513357,-2.9273237813383517,5,"support/calibration draw, after averaging matched orders"
all,REPRISE_L1_M1@cfg0,L1_plp@cfg0,far,AUROC,1.3072174954307731,0.889971913051681,1.7244630778098653,5,"support/calibration draw, after averaging matched orders"
all,REPRISE_L2_M1@cfg0,L1_plp@cfg0,near,FPR95,-2.9386666666666668,-3.6335154685486417,-2.243817864784692,5,"support/calibration draw, after averaging matched orders"
all,REPRISE_L2_M1@cfg0,L1_plp@cfg0,near,AUROC,1.1978624814814753,1.0357133135969239,1.3600116493660268,5,"support/calibration draw, after averaging matched orders"
all,REPRISE_L2_M1@cfg0,L1_plp@cfg0,far,FPR95,-5.812062771790507,-7.878221401785574,-3.745904141795441,5,"support/calibration draw, after averaging matched orders"
all,REPRISE_L2_M1@cfg0,L1_plp@cfg0,far,AUROC,1.4338263902018913,1.0067671118127934,1.8608856685909891,5,"support/calibration draw, after averaging matched orders"
all,REPRISE_L0_M0+TINS@cfg0,L1_plp+TINS@cfg0,near,FPR95,-3.3306666666666667,-4.013182911619021,-2.648150421714312,5,"support/calibration draw, after averaging matched orders"
all,REPRISE_L0_M0+TINS@cfg0,L1_plp+TINS@cfg0,near,AUROC,1.2429547407407435,1.0835287266870242,1.402380754794463,5,"support/calibration draw, after averaging matched orders"
all,REPRISE_L0_M0+TINS@cfg0,L1_plp+TINS@cfg0,far,FPR95,-4.152013613159388,-5.895090886366033,-2.4089363399527444,5,"support/calibration draw, after averaging matched orders"
all,REPRISE_L0_M0+TINS@cfg0,L1_plp+TINS@cfg0,far,AUROC,1.0082176845024304,0.6652109604387488,1.351224408566112,5,"support/calibration draw, after averaging matched orders"
all,REPRISE_L1_M0+TINS@cfg0,L1_plp+TINS@cfg0,near,FPR95,-4.514666666666666,-5.179144482661423,-3.850188850671909,5,"support/calibration draw, after averaging matched orders"
all,REPRISE_L1_M0+TINS@cfg0,L1_plp+TINS@cfg0,near,AUROC,1.5152909629629676,1.3442560994397992,1.686325826486136,5,"support/calibration draw, after averaging matched orders"
all,REPRISE_L1_M0+TINS@cfg0,L1_plp+TINS@cfg0,far,FPR95,-3.7171487993949723,-5.191642823505325,-2.2426547752846195,5,"support/calibration draw, after averaging matched orders"
all,REPRISE_L1_M0+TINS@cfg0,L1_plp+TINS@cfg0,far,AUROC,0.9165660385286032,0.5860165167150276,1.2471155603421789,5,"support/calibration draw, after averaging matched orders"
all,REPRISE_L2_M0+TINS@cfg0,L1_plp+TINS@cfg0,near,FPR95,-3.317333333333334,-4.011743167519233,-2.6229234991474346,5,"support/calibration draw, after averaging matched orders"
all,REPRISE_L2_M0+TINS@cfg0,L1_plp+TINS@cfg0,near,AUROC,1.236830518518523,1.0771865041067068,1.3964745329303394,5,"support/calibration draw, after averaging matched orders"
all,REPRISE_L2_M0+TINS@cfg0,L1_plp+TINS@cfg0,far,FPR95,-4.189827944791077,-5.915666816940941,-2.4639890726412115,5,"support/calibration draw, after averaging matched orders"
all,REPRISE_L2_M0+TINS@cfg0,L1_plp+TINS@cfg0,far,AUROC,1.0083830171635033,0.6653615942699636,1.351404440057043,5,"support/calibration draw, after averaging matched orders"
all,REPRISE_L1_M1+TINS@cfg0,L1_plp+TINS@cfg0,near,FPR95,-4.4786666666666655,-5.0559002209375254,-3.9014331123958055,5,"support/calibration draw, after averaging matched orders"
all,REPRISE_L1_M1+TINS@cfg0,L1_plp+TINS@cfg0,near,AUROC,1.5093009629629666,1.3350033362793985,1.6835985896465346,5,"support/calibration draw, after averaging matched orders"
all,REPRISE_L1_M1+TINS@cfg0,L1_plp+TINS@cfg0,far,FPR95,-3.637738702968426,-5.2151675555259835,-2.060309850410868,5,"support/calibration draw, after averaging matched orders"
all,REPRISE_L1_M1+TINS@cfg0,L1_plp+TINS@cfg0,far,AUROC,0.9117367282199987,0.5858063142110065,1.2376671422289909,5,"support/calibration draw, after averaging matched orders"
all,REPRISE_L2_M1+TINS@cfg0,L1_plp+TINS@cfg0,near,FPR95,-3.242666666666667,-3.836119134260638,-2.649214199072696,5,"support/calibration draw, after averaging matched orders"
all,REPRISE_L2_M1+TINS@cfg0,L1_plp+TINS@cfg0,near,AUROC,1.2266738518518576,1.0655846139711223,1.387763089732593,5,"support/calibration draw, after averaging matched orders"
all,REPRISE_L2_M1+TINS@cfg0,L1_plp+TINS@cfg0,far,FPR95,-4.091510682548687,-5.750675666519185,-2.4323456985781897,5,"support/calibration draw, after averaging matched orders"
all,REPRISE_L2_M1+TINS@cfg0,L1_plp+TINS@cfg0,far,AUROC,1.0029482573895478,0.6670263588278463,1.3388701559512493,5,"support/calibration draw, after averaging matched orders"
8192,REPRISE_L0_M0@cfg0,L1_plp@cfg0,near,FPR95,-5.118666666666667,-5.980178290540232,-4.2571550427931015,5,"support/calibration draw, after averaging matched orders"
8192,REPRISE_L0_M0@cfg0,L1_plp@cfg0,near,AUROC,1.8183907037037017,1.5622692731704695,2.074512134236934,5,"support/calibration draw, after averaging matched orders"
8192,REPRISE_L0_M0@cfg0,L1_plp@cfg0,far,FPR95,-6.799016827377576,-8.713642113836384,-4.884391540918768,5,"support/calibration draw, after averaging matched orders"
8192,REPRISE_L0_M0@cfg0,L1_plp@cfg0,far,AUROC,1.586627486817512,1.1539771312980767,2.0192778423369475,5,"support/calibration draw, after averaging matched orders"
8192,REPRISE_L1_M0@cfg0,L1_plp@cfg0,near,FPR95,-6.565333333333333,-7.4914885406779215,-5.639178125988745,5,"support/calibration draw, after averaging matched orders"
8192,REPRISE_L1_M0@cfg0,L1_plp@cfg0,near,AUROC,2.1377554444444478,1.8727267275940964,2.402784161294799,5,"support/calibration draw, after averaging matched orders"
8192,REPRISE_L1_M0@cfg0,L1_plp@cfg0,far,FPR95,-6.337681981470977,-8.198795217311169,-4.476568745630786,5,"support/calibration draw, after averaging matched orders"
8192,REPRISE_L1_M0@cfg0,L1_plp@cfg0,far,AUROC,1.4803762525997437,1.0604526538060661,1.9002998513934213,5,"support/calibration draw, after averaging matched orders"
8192,REPRISE_L2_M0@cfg0,L1_plp@cfg0,near,FPR95,-5.089333333333333,-5.980656299151594,-4.198010367515073,5,"support/calibration draw, after averaging matched orders"
8192,REPRISE_L2_M0@cfg0,L1_plp@cfg0,near,AUROC,1.8021826296296286,1.5456103991869155,2.0587548600723418,5,"support/calibration draw, after averaging matched orders"
8192,REPRISE_L2_M0@cfg0,L1_plp@cfg0,far,FPR95,-6.814142560030251,-8.705671924662612,-4.92261319539789,5,"support/calibration draw, after averaging matched orders"
8192,REPRISE_L2_M0@cfg0,L1_plp@cfg0,far,AUROC,1.586287893111494,1.15397209822176,2.018603688001228,5,"support/calibration draw, after averaging matched orders"
8192,REPRISE_L1_M1@cfg0,L1_plp@cfg0,near,FPR95,-6.5586666666666655,-7.529962247896028,-5.587371085437303,5,"support/calibration draw, after averaging matched orders"
8192,REPRISE_L1_M1@cfg0,L1_plp@cfg0,near,AUROC,2.1296109629629596,1.8665331462612487,2.3926887796646708,5,"support/calibration draw, after averaging matched orders"
8192,REPRISE_L1_M1@cfg0,L1_plp@cfg0,far,FPR95,-6.216676120249575,-8.085178038975187,-4.348174201523963,5,"support/calibration draw, after averaging matched orders"
8192,REPRISE_L1_M1@cfg0,L1_plp@cfg0,far,AUROC,1.4757652150164966,1.059059882581614,1.8924705474513792,5,"support/calibration draw, after averaging matched orders"
8192,REPRISE_L2_M1@cfg0,L1_plp@cfg0,near,FPR95,-4.998666666666666,-5.991228425357923,-4.006104907975409,5,"support/calibration draw, after averaging matched orders"
8192,REPRISE_L2_M1@cfg0,L1_plp@cfg0,near,AUROC,1.7898804444444454,1.5355327251103246,2.044228163778566,5,"support/calibration draw, after averaging matched orders"
8192,REPRISE_L2_M1@cfg0,L1_plp@cfg0,far,FPR95,-6.81792399319342,-8.744529838576069,-4.891318147810772,5,"support/calibration draw, after averaging matched orders"
8192,REPRISE_L2_M1@cfg0,L1_plp@cfg0,far,AUROC,1.581572445957024,1.155186111075002,2.007958780839046,5,"support/calibration draw, after averaging matched orders"
8192,REPRISE_L0_M0+TINS@cfg0,L1_plp+TINS@cfg0,near,FPR95,-5.504,-6.357545036170701,-4.650454963829298,5,"support/calibration draw, after averaging matched orders"
8192,REPRISE_L0_M0+TINS@cfg0,L1_plp+TINS@cfg0,near,AUROC,1.8386803703703731,1.5940957313057575,2.0832650094349887,5,"support/calibration draw, after averaging matched orders"
8192,REPRISE_L0_M0+TINS@cfg0,L1_plp+TINS@cfg0,far,FPR95,-4.825108716203442,-6.2377334074508015,-3.4124840249560817,5,"support/calibration draw, after averaging matched orders"
8192,REPRISE_L0_M0+TINS@cfg0,L1_plp+TINS@cfg0,far,AUROC,1.118384697800467,0.7655790422436024,1.4711903533573316,5,"support/calibration draw, after averaging matched orders"
8192,REPRISE_L1_M0+TINS@cfg0,L1_plp+TINS@cfg0,near,FPR95,-6.9799999999999995,-7.723087464578918,-6.236912535421081,5,"support/calibration draw, after averaging matched orders"
8192,REPRISE_L1_M0+TINS@cfg0,L1_plp+TINS@cfg0,near,AUROC,2.169637851851844,1.9164634346938123,2.4228122690098757,5,"support/calibration draw, after averaging matched orders"
8192,REPRISE_L1_M0+TINS@cfg0,L1_plp+TINS@cfg0,far,FPR95,-4.420495367744375,-5.626891829340425,-3.214098906148325,5,"support/calibration draw, after averaging matched orders"
8192,REPRISE_L1_M0+TINS@cfg0,L1_plp+TINS@cfg0,far,AUROC,1.0386991869918736,0.6982369780977618,1.3791613958859854,5,"support/calibration draw, after averaging matched orders"
8192,REPRISE_L2_M0+TINS@cfg0,L1_plp+TINS@cfg0,near,FPR95,-5.477333333333333,-6.335342223079473,-4.619324443587193,5,"support/calibration draw, after averaging matched orders"
8192,REPRISE_L2_M0+TINS@cfg0,L1_plp+TINS@cfg0,near,AUROC,1.8225245925925908,1.577550148776257,2.0674990364089245,5,"support/calibration draw, after averaging matched orders"
8192,REPRISE_L2_M0+TINS@cfg0,L1_plp+TINS@cfg0,far,FPR95,-4.79863868406126,-6.218462848044741,-3.378814520077778,5,"support/calibration draw, after averaging matched orders"
8192,REPRISE_L2_M0+TINS@cfg0,L1_plp+TINS@cfg0,far,AUROC,1.1183355391693501,0.7661614671267267,1.4705096112119735,5,"support/calibration draw, after averaging matched orders"
8192,REPRISE_L1_M1+TINS@cfg0,L1_plp+TINS@cfg0,near,FPR95,-6.958666666666668,-7.801158030563599,-6.1161753027697365,5,"support/calibration draw, after averaging matched orders"
8192,REPRISE_L1_M1+TINS@cfg0,L1_plp+TINS@cfg0,near,AUROC,2.1608046666666683,1.9084853154335657,2.413124017899771,5,"support/calibration draw, after averaging matched orders"
8192,REPRISE_L1_M1+TINS@cfg0,L1_plp+TINS@cfg0,far,FPR95,-4.36755530346001,-5.580285315963784,-3.1548252909562366,5,"support/calibration draw, after averaging matched orders"
8192,REPRISE_L1_M1+TINS@cfg0,L1_plp+TINS@cfg0,far,AUROC,1.034348858217267,0.6968307891982247,1.3718669272363093,5,"support/calibration draw, after averaging matched orders"
8192,REPRISE_L2_M1+TINS@cfg0,L1_plp+TINS@cfg0,near,FPR95,-5.356000000000001,-6.290866626924244,-4.421133373075757,5,"support/calibration draw, after averaging matched orders"
8192,REPRISE_L2_M1+TINS@cfg0,L1_plp+TINS@cfg0,near,AUROC,1.8092294074074045,1.5650533031525726,2.0534055116622363,5,"support/calibration draw, after averaging matched orders"
8192,REPRISE_L2_M1+TINS@cfg0,L1_plp+TINS@cfg0,far,FPR95,-4.7797315182454145,-6.1304275973773015,-3.4290354391135276,5,"support/calibration draw, after averaging matched orders"
8192,REPRISE_L2_M1+TINS@cfg0,L1_plp+TINS@cfg0,far,AUROC,1.1133787105312876,0.7662375438936627,1.4605198771689123,5,"support/calibration draw, after averaging matched orders"
