method,stream,metric,mean,lo,hi,n,unit
M0_pt,near,FPR95,0.0,0.0,0.0,5,"support/calibration draw, after averaging matched orders"
M0_pt,near,AUROC,4.444444444591985e-06,-1.3581856085920651e-05,2.2470744975104622e-05,5,"support/calibration draw, after averaging matched orders"
M0_pt,far,FPR95,0.0,0.0,0.0,5,"support/calibration draw, after averaging matched orders"
M0_pt,far,AUROC,4.09655259545616e-06,-3.214765176691649e-06,1.1407870367603969e-05,5,"support/calibration draw, after averaging matched orders"
M1_pt,near,FPR95,0.0,0.0,0.0,5,"support/calibration draw, after averaging matched orders"
M1_pt,near,AUROC,-8.518518484379443e-07,-7.045041258014369e-05,6.87467088832678e-05,5,"support/calibration draw, after averaging matched orders"
M1_pt,far,FPR95,0.0,0.0,0.0,5,"support/calibration draw, after averaging matched orders"
M1_pt,far,AUROC,6.512468219928754e-06,-5.194870248018267e-06,1.8219806687875776e-05,5,"support/calibration draw, after averaging matched orders"
static,near,FPR95,0.0,0.0,0.0,5,"support/calibration draw, after averaging matched orders"
static,near,AUROC,0.0,0.0,0.0,5,"support/calibration draw, after averaging matched orders"
static,far,FPR95,0.0,0.0,0.0,5,"support/calibration draw, after averaging matched orders"
static,far,AUROC,0.0,0.0,0.0,5,"support/calibration draw, after averaging matched orders"
L0_raw,near,FPR95,-4.445333333333333,-5.040825974498794,-3.849840692167872,5,"support/calibration draw, after averaging matched orders"
L0_raw,near,AUROC,5.506477185185181,5.3865981070919275,5.626356263278435,5,"support/calibration draw, after averaging matched orders"
L0_raw,far,FPR95,-17.398373983739837,-18.243261590829604,-16.55348637665007,5,"support/calibration draw, after averaging matched orders"
L0_raw,far,AUROC,6.88565135186236,6.809287830185845,6.962014873538875,5,"support/calibration draw, after averaging matched orders"
L0_norm,near,FPR95,1.9279999999999997,1.230051792728689,2.6259482072713105,5,"support/calibration draw, after averaging matched orders"
L0_norm,near,AUROC,-0.18240281481481874,-0.29688936448261516,-0.06791626514702231,5,"support/calibration draw, after averaging matched orders"
L0_norm,far,FPR95,-2.9154849688031748,-3.6276352276325734,-2.203334709973776,5,"support/calibration draw, after averaging matched orders"
L0_norm,far,AUROC,0.44868679229428493,0.3986520431941875,0.49872154139438235,5,"support/calibration draw, after averaging matched orders"
L0_cdf,near,FPR95,-30.813333333333333,-65.85599764910464,4.229330982437972,5,"support/calibration draw, after averaging matched orders"
L0_cdf,near,AUROC,9.87994614814816,8.465720378637098,11.294171917659224,5,"support/calibration draw, after averaging matched orders"
L0_cdf,far,FPR95,-34.3807903195311,-73.83612015138084,5.07453951231863,5,"support/calibration draw, after averaging matched orders"
L0_cdf,far,AUROC,9.895883069683412,8.642566824225755,11.14919931514107,5,"support/calibration draw, after averaging matched orders"
L0_plp,near,FPR95,5.691999999999998,5.385980270325384,5.9980197296746125,5,"support/calibration draw, after averaging matched orders"
L0_plp,near,AUROC,-1.4888973703703745,-1.6225875748397198,-1.3552071659010292,5,"support/calibration draw, after averaging matched orders"
L0_plp,far,FPR95,0.850822461712991,0.47962882180421007,1.2220161016217719,5,"support/calibration draw, after averaging matched orders"
L0_plp,far,AUROC,-0.156593769038462,-0.21085413011106105,-0.10233340796586296,5,"support/calibration draw, after averaging matched orders"
L1_raw,near,FPR95,-4.704,-5.048478163871424,-4.359521836128575,5,"support/calibration draw, after averaging matched orders"
L1_raw,near,AUROC,5.116574111111111,5.0172170798297095,5.215931142392513,5,"support/calibration draw, after averaging matched orders"
L1_raw,far,FPR95,-15.802609188882588,-16.519964307313792,-15.085254070451384,5,"support/calibration draw, after averaging matched orders"
L1_raw,far,AUROC,6.546527804037728,6.466846949654381,6.626208658421075,5,"support/calibration draw, after averaging matched orders"
L1_norm,near,FPR95,0.8560000000000011,0.3681175058123805,1.3438824941876217,5,"support/calibration draw, after averaging matched orders"
L1_norm,near,AUROC,0.2053168518518523,0.10509479865030329,0.3055389050534013,5,"support/calibration draw, after averaging matched orders"
L1_norm,far,FPR95,-4.136887880506711,-5.015198236170884,-3.258577524842538,5,"support/calibration draw, after averaging matched orders"
L1_norm,far,AUROC,0.7012457721476457,0.6601116942062895,0.742379850089002,5,"support/calibration draw, after averaging matched orders"
L1_cdf,near,FPR95,-21.836,-59.002785423731865,15.330785423731868,5,"support/calibration draw, after averaging matched orders"
L1_cdf,near,AUROC,9.958010518518511,8.365577183733807,11.550443853303216,5,"support/calibration draw, after averaging matched orders"
L1_cdf,far,FPR95,-35.03875968992248,-75.14316164322003,5.065642263375075,5,"support/calibration draw, after averaging matched orders"
L1_cdf,far,AUROC,9.86725310392639,8.570935953416129,11.163570254436653,5,"support/calibration draw, after averaging matched orders"
L1_plp,near,FPR95,4.8919999999999995,4.473322061346931,5.310677938653068,5,"support/calibration draw, after averaging matched orders"
L1_plp,near,AUROC,-1.301101148148149,-1.4348633745251052,-1.1673389217711927,5,"support/calibration draw, after averaging matched orders"
L1_plp,far,FPR95,1.0247683872187563,0.6324955568988482,1.4170412175386644,5,"support/calibration draw, after averaging matched orders"
L1_plp,far,AUROC,-0.1455228881746213,-0.19896460991881476,-0.09208116643042785,5,"support/calibration draw, after averaging matched orders"
L2_raw,near,FPR95,-4.366666666666667,-4.951494949975691,-3.781838383357643,5,"support/calibration draw, after averaging matched orders"
L2_raw,near,AUROC,5.5346626296296275,5.414204242122611,5.655121017136644,5,"support/calibration draw, after averaging matched orders"
L2_raw,far,FPR95,-17.470221213840045,-18.335190011205828,-16.60525241647426,5,"support/calibration draw, after averaging matched orders"
L2_raw,far,AUROC,6.936509947270016,6.859424558337541,7.013595336202491,5,"support/calibration draw, after averaging matched orders"
L2_norm,near,FPR95,1.970666666666666,1.2645635502563843,2.6767697830769475,5,"support/calibration draw, after averaging matched orders"
L2_norm,near,AUROC,-0.19906248148147937,-0.31425702044859183,-0.08386794251436694,5,"support/calibration draw, after averaging matched orders"
L2_norm,far,FPR95,-2.949517867271696,-3.701311000056519,-2.197724734486873,5,"support/calibration draw, after averaging matched orders"
L2_norm,far,AUROC,0.44892586290204317,0.39892481772479377,0.4989269080792926,5,"support/calibration draw, after averaging matched orders"
L2_cdf,near,FPR95,-30.642666666666667,-65.48670029005304,4.201366956719699,5,"support/calibration draw, after averaging matched orders"
L2_cdf,near,AUROC,9.909591333333333,8.507231851296838,11.311950815369828,5,"support/calibration draw, after averaging matched orders"
L2_cdf,far,FPR95,-34.30894308943089,-73.66342286555206,5.045536686690276,5,"support/calibration draw, after averaging matched orders"
L2_cdf,far,AUROC,9.946413730803977,8.700995835127756,11.191831626480198,5,"support/calibration draw, after averaging matched orders"
L2_plp,near,FPR95,5.753333333333334,5.500827730731718,6.00583893593495,5,"support/calibration draw, after averaging matched orders"
L2_plp,near,AUROC,-1.5118322962962936,-1.6462777088802043,-1.3773868837123828,5,"support/calibration draw, after averaging matched orders"
L2_plp,far,FPR95,0.8546038948761601,0.43714717650061,1.27206061325171,5,"support/calibration draw, after averaging matched orders"
L2_plp,far,AUROC,-0.15899067246486615,-0.2137642297475429,-0.1042171151821894,5,"support/calibration draw, after averaging matched orders"
class_L2_raw,near,FPR95,4.454666666666666,3.640802457212335,5.268530876120997,5,"support/calibration draw, after averaging matched orders"
class_L2_raw,near,AUROC,-1.1815095185185167,-1.2486759110349515,-1.114343126002082,5,"support/calibration draw, after averaging matched orders"
class_L2_raw,far,FPR95,0.022688598979012386,-1.1572635278321017,1.2026407257901266,5,"support/calibration draw, after averaging matched orders"
class_L2_raw,far,AUROC,-0.01923257914750328,-0.05123555196558569,0.012770393670579132,5,"support/calibration draw, after averaging matched orders"
class_L2_norm,near,FPR95,5.218666666666665,4.716567468006807,5.7207658653265225,5,"support/calibration draw, after averaging matched orders"
class_L2_norm,near,AUROC,-1.9390066296296322,-1.9997756019454935,-1.878237657313771,5,"support/calibration draw, after averaging matched orders"
class_L2_norm,far,FPR95,1.9512195121951226,0.9074589023216311,2.994980122068614,5,"support/calibration draw, after averaging matched orders"
class_L2_norm,far,AUROC,-0.45277221066784057,-0.4974709445645238,-0.40807347677115735,5,"support/calibration draw, after averaging matched orders"
class_L2_cdf,near,FPR95,4.246666666666667,3.567663251979679,4.925670081353656,5,"support/calibration draw, after averaging matched orders"
class_L2_cdf,near,AUROC,-1.1835355555555567,-1.2473890662764133,-1.1196820448347,5,"support/calibration draw, after averaging matched orders"
class_L2_cdf,far,FPR95,-0.45377197958026017,-1.494439018506079,0.5868950593455586,5,"support/calibration draw, after averaging matched orders"
class_L2_cdf,far,AUROC,0.012527047751092368,-0.019881350472976497,0.044935445975161234,5,"support/calibration draw, after averaging matched orders"
class_L2_plp,near,FPR95,5.458666666666664,5.06092912837646,5.856404204956868,5,"support/calibration draw, after averaging matched orders"
class_L2_plp,near,AUROC,-2.2685914814814803,-2.3215590179441845,-2.215623945018776,5,"support/calibration draw, after averaging matched orders"
class_L2_plp,far,FPR95,2.2575155984117976,1.8069776455016975,2.7080535513218975,5,"support/calibration draw, after averaging matched orders"
class_L2_plp,far,AUROC,-0.535547152370746,-0.587403970504101,-0.483690334237391,5,"support/calibration draw, after averaging matched orders"
REPRISE_L0_M0,near,FPR95,2.7880000000000003,2.5599931619114016,3.016006838088599,5,"support/calibration draw, after averaging matched orders"
REPRISE_L0_M0,near,AUROC,-0.6957352962962868,-0.7338262818684501,-0.6576443107241235,5,"support/calibration draw, after averaging matched orders"
REPRISE_L0_M0,far,FPR95,0.0567214974475327,-0.22006055287302995,0.3335035477680953,5,"support/calibration draw, after averaging matched orders"
REPRISE_L0_M0,far,AUROC,0.0014967122539530915,-0.01555590714540122,0.018549331653307403,5,"support/calibration draw, after averaging matched orders"
REPRISE_L1_M0,near,FPR95,2.4493333333333323,2.2470271823801857,2.6516394842864788,5,"support/calibration draw, after averaging matched orders"
REPRISE_L1_M0,near,AUROC,-0.636814740740735,-0.6780576395782112,-0.5955718419032587,5,"support/calibration draw, after averaging matched orders"
REPRISE_L1_M0,far,FPR95,-0.1247872943845721,-0.41593186105812635,0.16635727228898217,5,"support/calibration draw, after averaging matched orders"
REPRISE_L1_M0,far,AUROC,0.02182349110313737,0.004850370623914583,0.038796611582360155,5,"support/calibration draw, after averaging matched orders"
REPRISE_L2_M0,near,FPR95,2.805333333333334,2.591917975320511,3.0187486913461568,5,"support/calibration draw, after averaging matched orders"
REPRISE_L2_M0,near,AUROC,-0.7058086296296275,-0.7440115276361768,-0.6676057316230782,5,"support/calibration draw, after averaging matched orders"
REPRISE_L2_M0,far,FPR95,0.06050293061070148,-0.22959861358197106,0.35060447480337403,5,"support/calibration draw, after averaging matched orders"
REPRISE_L2_M0,far,AUROC,0.0008345412911523912,-0.016228899754565616,0.0178979823368704,5,"support/calibration draw, after averaging matched orders"
REPRISE_L1_M1,near,FPR95,2.401333333333334,2.157919329792841,2.644747336873827,5,"support/calibration draw, after averaging matched orders"
REPRISE_L1_M1,near,AUROC,-0.6396901851851813,-0.6751874002989808,-0.6041929700713817,5,"support/calibration draw, after averaging matched orders"
REPRISE_L1_M1,far,FPR95,-0.0415957647948576,-0.37911673465845,0.2959252050687348,5,"support/calibration draw, after averaging matched orders"
REPRISE_L1_M1,far,AUROC,0.023024831411101822,0.005562623416954699,0.04048703940524895,5,"support/calibration draw, after averaging matched orders"
REPRISE_L2_M1,near,FPR95,2.832,2.5785193640921964,3.0854806359078033,5,"support/calibration draw, after averaging matched orders"
REPRISE_L2_M1,near,AUROC,-0.7090831851851789,-0.7399690180915253,-0.6781973522788325,5,"support/calibration draw, after averaging matched orders"
REPRISE_L2_M1,far,FPR95,0.018907165815844118,-0.2578748845047191,0.29568921613640736,5,"support/calibration draw, after averaging matched orders"
REPRISE_L2_M1,far,AUROC,0.0022231675805111694,-0.015463148915200276,0.019909484076222613,5,"support/calibration draw, after averaging matched orders"
M0_pt+TINS,near,FPR95,0.0,0.0,0.0,5,"support/calibration draw, after averaging matched orders"
M0_pt+TINS,near,AUROC,1.9259259251687887e-06,-2.097661545313327e-05,2.482846730347085e-05,5,"support/calibration draw, after averaging matched orders"
M0_pt+TINS,far,FPR95,0.0,0.0,0.0,5,"support/calibration draw, after averaging matched orders"
M0_pt+TINS,far,AUROC,4.2015924085111074e-07,-5.0824416991618455e-06,5.922760180864067e-06,5,"support/calibration draw, after averaging matched orders"
M1_pt+TINS,near,FPR95,0.0,0.0,0.0,5,"support/calibration draw, after averaging matched orders"
M1_pt+TINS,near,AUROC,2.222222235559443e-07,-6.369684049758828e-05,6.414128494470018e-05,5,"support/calibration draw, after averaging matched orders"
M1_pt+TINS,far,FPR95,0.0,0.0,0.0,5,"support/calibration draw, after averaging matched orders"
M1_pt+TINS,far,AUROC,6.512468223718315e-06,-7.486120567571114e-06,2.0511057015007743e-05,5,"support/calibration draw, after averaging matched orders"
static+TINS,near,FPR95,0.0,0.0,0.0,5,"support/calibration draw, after averaging matched orders"
static+TINS,near,AUROC,0.0,0.0,0.0,5,"support/calibration draw, after averaging matched orders"
static+TINS,far,FPR95,0.0,0.0,0.0,5,"support/calibration draw, after averaging matched orders"
static+TINS,far,AUROC,0.0,0.0,0.0,5,"support/calibration draw, after averaging matched orders"
L0_raw+TINS,near,FPR95,0.027999999999999192,-0.5947439767515983,0.6507439767515966,5,"support/calibration draw, after averaging matched orders"
L0_raw+TINS,near,AUROC,4.572905259259263,4.507758150692613,4.638052367825914,5,"support/calibration draw, after averaging matched orders"
L0_raw+TINS,far,FPR95,-2.091132539232369,-2.870921945957093,-1.3113431325076448,5,"support/calibration draw, after averaging matched orders"
L0_raw+TINS,far,AUROC,2.4571286317514383,2.3845083272624423,2.529748936240434,5,"support/calibration draw, after averaging matched orders"
L0_norm+TINS,near,FPR95,4.502666666666667,4.081410818370134,4.9239225149632,5,"support/calibration draw, after averaging matched orders"
L0_norm+TINS,near,AUROC,-0.4660510370370351,-0.5496842252298351,-0.38241784884423513,5,"support/calibration draw, after averaging matched orders"
L0_norm+TINS,far,FPR95,-0.22688598979013008,-0.4017808366683015,-0.051991142911958665,5,"support/calibration draw, after averaging matched orders"
L0_norm+TINS,far,AUROC,0.15698094577844682,0.13301135644118564,0.180950535115708,5,"support/calibration draw, after averaging matched orders"
L0_cdf+TINS,near,FPR95,-26.558666666666664,-38.42450342616718,-14.692829907166153,5,"support/calibration draw, after averaging matched orders"
L0_cdf+TINS,near,AUROC,8.598617888888885,7.937683103558334,9.259552674219435,5,"support/calibration draw, after averaging matched orders"
L0_cdf+TINS,far,FPR95,-7.872943845717525,-8.819393004768726,-6.926494686666325,5,"support/calibration draw, after averaging matched orders"
L0_cdf+TINS,far,AUROC,3.7787773366105752,3.5708391441404155,3.986715529080735,5,"support/calibration draw, after averaging matched orders"
L0_plp+TINS,near,FPR95,5.642666666666669,5.194955387637736,6.090377945695601,5,"support/calibration draw, after averaging matched orders"
L0_plp+TINS,near,AUROC,-1.4758222962962937,-1.6015390826214417,-1.3501055099711456,5,"support/calibration draw, after averaging matched orders"
L0_plp+TINS,far,FPR95,0.605029306107015,0.2272132554052928,0.9828453568087372,5,"support/calibration draw, after averaging matched orders"
L0_plp+TINS,far,AUROC,-0.10903573454338393,-0.1462528401664294,-0.07181862892033847,5,"support/calibration draw, after averaging matched orders"
L1_raw+TINS,near,FPR95,-0.8239999999999998,-1.3762140778350611,-0.2717859221649387,5,"support/calibration draw, after averaging matched orders"
L1_raw+TINS,near,AUROC,4.276895444444447,4.226988902539831,4.326801986349063,5,"support/calibration draw, after averaging matched orders"
L1_raw+TINS,far,FPR95,-2.1781055019852538,-2.9004372618376832,-1.4557737421328243,5,"support/calibration draw, after averaging matched orders"
L1_raw+TINS,far,AUROC,2.4150051469506884,2.339811048780663,2.4901992451207136,5,"support/calibration draw, after averaging matched orders"
L1_norm+TINS,near,FPR95,3.472,2.9702079520379163,3.9737920479620836,5,"support/calibration draw, after averaging matched orders"
L1_norm+TINS,near,AUROC,-0.12562240740741212,-0.19506012784212307,-0.056184686972701195,5,"support/calibration draw, after averaging matched orders"
L1_norm+TINS,far,FPR95,-0.3062960862166783,-0.6478749196707353,0.035282747237378675,5,"support/calibration draw, after averaging matched orders"
L1_norm+TINS,far,AUROC,0.2429261990294293,0.21344808378961094,0.27240431426924766,5,"support/calibration draw, after averaging matched orders"
L1_cdf+TINS,near,FPR95,-27.906666666666666,-41.52864191416393,-14.284691419169409,5,"support/calibration draw, after averaging matched orders"
L1_cdf+TINS,near,AUROC,8.602556851851853,7.820409005153106,9.3847046985506,5,"support/calibration draw, after averaging matched orders"
L1_cdf+TINS,far,FPR95,-7.532614861032333,-8.566454121683858,-6.498775600380808,5,"support/calibration draw, after averaging matched orders"
L1_cdf+TINS,far,AUROC,3.668107917900881,3.473331996751483,3.862883839050279,5,"support/calibration draw, after averaging matched orders"
L1_plp+TINS,near,FPR95,4.905333333333334,4.5964719269293965,5.214194739737271,5,"support/calibration draw, after averaging matched orders"
L1_plp+TINS,near,AUROC,-1.2965674814814745,-1.4206082172227343,-1.1725267457402146,5,"support/calibration draw, after averaging matched orders"
L1_plp+TINS,far,FPR95,0.620155038759689,0.3310049616894257,0.9093051158299523,5,"support/calibration draw, after averaging matched orders"
L1_plp+TINS,far,AUROC,-0.11189869960715082,-0.15134803449055606,-0.07244936472374557,5,"support/calibration draw, after averaging matched orders"
L2_raw+TINS,near,FPR95,0.1226666666666683,-0.4654796853495619,0.7108130186828985,5,"support/calibration draw, after averaging matched orders"
L2_raw+TINS,near,AUROC,4.593540703703701,4.527930319014584,4.659151088392817,5,"support/calibration draw, after averaging matched orders"
L2_raw+TINS,far,FPR95,-2.091132539232369,-2.9157507186325393,-1.2665143598321984,5,"support/calibration draw, after averaging matched orders"
L2_raw+TINS,far,AUROC,2.4771372450158613,2.403365025494098,2.5509094645376247,5,"support/calibration draw, after averaging matched orders"
L2_norm+TINS,near,FPR95,4.6000000000000005,4.2127547445703835,4.987245255429618,5,"support/calibration draw, after averaging matched orders"
L2_norm+TINS,near,AUROC,-0.48289699999999885,-0.5671232708474299,-0.39867072915256785,5,"support/calibration draw, after averaging matched orders"
L2_norm+TINS,far,FPR95,-0.25713745509548125,-0.45744449434149315,-0.05683041584946938,5,"support/calibration draw, after averaging matched orders"
L2_norm+TINS,far,AUROC,0.15801894918173598,0.13413245188365724,0.18190544647981471,5,"support/calibration draw, after averaging matched orders"
L2_cdf+TINS,near,FPR95,-27.003999999999998,-38.72576791214992,-15.282232087850076,5,"support/calibration draw, after averaging matched orders"
L2_cdf+TINS,near,AUROC,8.643827814814816,7.9739499943116465,9.313705635317985,5,"support/calibration draw, after averaging matched orders"
L2_cdf+TINS,far,FPR95,-7.990168273775763,-9.021071319294064,-6.959265228257461,5,"support/calibration draw, after averaging matched orders"
L2_cdf+TINS,far,AUROC,3.822302472637129,3.6139572237210476,4.03064772155321,5,"support/calibration draw, after averaging matched orders"
L2_plp+TINS,near,FPR95,5.752000000000001,5.302158768085425,6.201841231914576,5,"support/calibration draw, after averaging matched orders"
L2_plp+TINS,near,AUROC,-1.4981074074074079,-1.624592029488699,-1.3716227853261167,5,"support/calibration draw, after averaging matched orders"
L2_plp+TINS,far,FPR95,0.6125921724333515,0.2449043080639544,0.9802800368027487,5,"support/calibration draw, after averaging matched orders"
L2_plp+TINS,far,AUROC,-0.10992962332724687,-0.14747054900615575,-0.07238869764833798,5,"support/calibration draw, after averaging matched orders"
class_L2_raw+TINS,near,FPR95,3.8560000000000003,3.1160636333820815,4.595936366617919,5,"support/calibration draw, after averaging matched orders"
class_L2_raw+TINS,near,AUROC,-1.1322049259259255,-1.1891540576664772,-1.0752557941853738,5,"support/calibration draw, after averaging matched orders"
class_L2_raw+TINS,far,FPR95,-0.6163736055965214,-1.006250639080407,-0.22649657211263607,5,"support/calibration draw, after averaging matched orders"
class_L2_raw+TINS,far,AUROC,0.09764269658200533,0.07951483312884176,0.1157705600351689,5,"support/calibration draw, after averaging matched orders"
class_L2_norm+TINS,near,FPR95,4.730666666666668,4.210727125953078,5.250606207380258,5,"support/calibration draw, after averaging matched orders"
class_L2_norm+TINS,near,AUROC,-1.854689888888894,-1.9059951828633226,-1.8033845949144656,5,"support/calibration draw, after averaging matched orders"
class_L2_norm+TINS,far,FPR95,0.25713745509548025,-0.005650864310721426,0.5199257745016819,5,"support/calibration draw, after averaging matched orders"
class_L2_norm+TINS,far,AUROC,-0.1372399739501295,-0.15876848710763775,-0.11571146079262123,5,"support/calibration draw, after averaging matched orders"
class_L2_cdf+TINS,near,FPR95,3.9693333333333314,3.248226877593013,4.69043978907365,5,"support/calibration draw, after averaging matched orders"
class_L2_cdf+TINS,near,AUROC,-1.165716185185183,-1.227102958703318,-1.104329411667048,5,"support/calibration draw, after averaging matched orders"
class_L2_cdf+TINS,far,FPR95,-1.3310644734354324,-1.726207033516543,-0.9359219133543221,5,"support/calibration draw, after averaging matched orders"
class_L2_cdf+TINS,far,AUROC,0.16470284237725916,0.14580268165895516,0.18360300309556316,5,"support/calibration draw, after averaging matched orders"
class_L2_plp+TINS,near,FPR95,5.246666666666668,4.598274424210054,5.895058909123282,5,"support/calibration draw, after averaging matched orders"
class_L2_plp+TINS,near,AUROC,-2.2050975555555565,-2.252929230953026,-2.157265880158087,5,"support/calibration draw, after averaging matched orders"
class_L2_plp+TINS,far,FPR95,0.8432595953866515,0.6415815131745841,1.044937677598719,5,"support/calibration draw, after averaging matched orders"
class_L2_plp+TINS,far,AUROC,-0.23318354656414614,-0.2633370514046538,-0.2030300417236385,5,"support/calibration draw, after averaging matched orders"
REPRISE_L0_M0+TINS,near,FPR95,2.732,2.533644419179117,2.9303555808208834,5,"support/calibration draw, after averaging matched orders"
REPRISE_L0_M0+TINS,near,AUROC,-0.7008418518518453,-0.7394292238188405,-0.6622544798848502,5,"support/calibration draw, after averaging matched orders"
REPRISE_L0_M0+TINS,far,FPR95,-0.052940064284364284,-0.3372850531685781,0.23140492459984954,5,"support/calibration draw, after averaging matched orders"
REPRISE_L0_M0+TINS,far,AUROC,-0.0017316863091139112,-0.016431022106892353,0.01296764948866453,5,"support/calibration draw, after averaging matched orders"
REPRISE_L1_M0+TINS,near,FPR95,2.440000000000001,2.2371526512206312,2.6428473487793704,5,"support/calibration draw, after averaging matched orders"
REPRISE_L1_M0+TINS,near,AUROC,-0.6422205925925983,-0.6838052033220372,-0.6006359818631595,5,"support/calibration draw, after averaging matched orders"
REPRISE_L1_M0+TINS,far,FPR95,-0.08319152958971424,-0.3056601134762851,0.13927705429685663,5,"support/calibration draw, after averaging matched orders"
REPRISE_L1_M0+TINS,far,AUROC,0.010234448856119608,-0.0050996289759748376,0.025568526688214053,5,"support/calibration draw, after averaging matched orders"
REPRISE_L2_M0+TINS,near,FPR95,2.745333333333334,2.5730445302332416,2.917622136433426,5,"support/calibration draw, after averaging matched orders"
REPRISE_L2_M0+TINS,near,AUROC,-0.7108734074074069,-0.7498021618530472,-0.6719446529617666,5,"support/calibration draw, after averaging matched orders"
REPRISE_L2_M0+TINS,far,FPR95,0.01134429948950597,-0.19169556782224237,0.2143841668012543,5,"support/calibration draw, after averaging matched orders"
REPRISE_L2_M0+TINS,far,AUROC,-0.0019461776013040809,-0.016715826214087345,0.012823471011479183,5,"support/calibration draw, after averaging matched orders"
REPRISE_L1_M1+TINS,near,FPR95,2.4253333333333327,2.172868438838914,2.6777982278277515,5,"support/calibration draw, after averaging matched orders"
REPRISE_L1_M1+TINS,near,AUROC,-0.6450637777777739,-0.6799657408950469,-0.6101618146605009,5,"support/calibration draw, after averaging matched orders"
REPRISE_L1_M1+TINS,far,FPR95,-0.1096615617318959,-0.41995813141023064,0.20063500794643885,5,"support/calibration draw, after averaging matched orders"
REPRISE_L1_M1+TINS,far,AUROC,0.010713430390117651,-0.005145550485626963,0.026572411265862267,5,"support/calibration draw, after averaging matched orders"
REPRISE_L2_M1+TINS,near,FPR95,2.792,2.5701622098397645,3.013837790160235,5,"support/calibration draw, after averaging matched orders"
REPRISE_L2_M1+TINS,near,AUROC,-0.7140119259259279,-0.7442698165915224,-0.6837540352603334,5,"support/calibration draw, after averaging matched orders"
REPRISE_L2_M1+TINS,far,FPR95,-0.06806579693703915,-0.34514637193576725,0.20901477806168897,5,"support/calibration draw, after averaging matched orders"
REPRISE_L2_M1+TINS,far,AUROC,-0.0014682464654110084,-0.016872415862093648,0.013935922931271633,5,"support/calibration draw, after averaging matched orders"
