run,component,state,max_abs,changed_count,n,delta_AUROC,delta_FPR95
draw3_near_seed125,B14_M0_pt,COMPARED,0.00027770063871151995,11.0,23000.0,,
draw3_near_seed125,B14_L0_plp,COMPARED,0.0005554012774229289,44.0,23000.0,,
draw3_near_seed125,L14_M0_pt,COMPARED,0.00027770063871157546,11.0,23000.0,,
draw3_near_seed125,L14_L0_plp,COMPARED,0.026381560677589566,412.0,23000.0,,
draw3_near_seed125,REPRISE+TINS,COMPARED,,,,2.2222222071377473e-06,0.0
draw2_near_seed125,B14_M0_pt,COMPARED,0.00027770063871151995,17.0,23000.0,,
draw2_near_seed125,B14_L0_plp,COMPARED,0.004443210219383542,24.0,23000.0,,
draw2_near_seed125,L14_M0_pt,COMPARED,0.0002777006387114783,9.0,23000.0,,
draw2_near_seed125,L14_L0_plp,COMPARED,0.0055540127742294,235.0,23000.0,,
draw2_near_seed125,REPRISE+TINS,COMPARED,,,,2.0000000006348273e-05,0.0
draw4_far_seed124,B14_M0_pt,COMPARED,0.00027770063871146444,13.0,19763.0,,
draw4_far_seed124,B14_L0_plp,COMPARED,0.0049986114968064155,56.0,19763.0,,
draw4_far_seed124,L14_M0_pt,COMPARED,0.00027770063871151995,7.0,19763.0,,
draw4_far_seed124,L14_L0_plp,COMPARED,0.09386281588447654,388.0,19763.0,,
draw4_far_seed124,REPRISE+TINS,COMPARED,,,,2.8360748729028273e-05,0.0
draw2_far_seed123,B14_M0_pt,COMPARED,0.00027770063871151995,4.0,19763.0,,
draw2_far_seed123,B14_L0_plp,COMPARED,0.05442932518744792,182.0,19763.0,,
draw2_far_seed123,L14_M0_pt,COMPARED,0.00027770063871151995,14.0,19763.0,,
draw2_far_seed123,L14_L0_plp,COMPARED,0.04526520410996948,236.0,19763.0,,
draw2_far_seed123,REPRISE+TINS,COMPARED,,,,-9.45358290493914e-06,0.0
draw4_far_seed125,B14_M0_pt,COMPARED,0.0002777006387114714,11.0,19763.0,,
draw4_far_seed125,B14_L0_plp,COMPARED,0.0033324076645376843,31.0,19763.0,,
draw4_far_seed125,L14_M0_pt,COMPARED,0.00027770063871146444,6.0,19763.0,,
draw4_far_seed125,L14_L0_plp,COMPARED,0.010830324909747335,673.0,19763.0,,
draw4_far_seed125,REPRISE+TINS,COMPARED,,,,-4.726791453890655e-05,0.0
draw0_near_seed125,B14_M0_pt,COMPARED,0.00027770063871157546,16.0,23000.0,,
draw0_near_seed125,B14_L0_plp,COMPARED,0.03026936961955018,122.0,23000.0,,
draw0_near_seed125,L14_M0_pt,COMPARED,0.0002777006387114714,10.0,23000.0,,
draw0_near_seed125,L14_L0_plp,COMPARED,0.004443210219383542,255.0,23000.0,,
draw0_near_seed125,REPRISE+TINS,COMPARED,,,,-7.777777781825534e-06,0.0
draw4_far_seed123,B14_M0_pt,COMPARED,0.00027770063871146444,14.0,19763.0,,
draw4_far_seed123,B14_L0_plp,COMPARED,0.0047209108580948955,38.0,19763.0,,
draw4_far_seed123,L14_M0_pt,COMPARED,0.0002777006387114679,13.0,19763.0,,
draw4_far_seed123,L14_L0_plp,COMPARED,0.036934184948625326,176.0,19763.0,,
draw4_far_seed123,REPRISE+TINS,COMPARED,,,,2.8360748729028273e-05,0.0
draw4_near_seed125,B14_M0_pt,COMPARED,0.00027770063871151995,11.0,23000.0,,
draw4_near_seed125,B14_L0_plp,COMPARED,0.004165509580672078,31.0,23000.0,,
draw4_near_seed125,L14_M0_pt,COMPARED,0.0002777006387114922,13.0,23000.0,,
draw4_near_seed125,L14_L0_plp,COMPARED,0.026936961955012495,213.0,23000.0,,
draw4_near_seed125,REPRISE+TINS,COMPARED,,,,-7.77777776761468e-06,0.0
draw3_far_seed124,B14_M0_pt,COMPARED,0.00027770063871151995,17.0,19763.0,,
draw3_far_seed124,B14_L0_plp,COMPARED,0.0072202166064981865,34.0,19763.0,,
draw3_far_seed124,L14_M0_pt,COMPARED,0.0002777006387114922,9.0,19763.0,,
draw3_far_seed124,L14_L0_plp,COMPARED,0.006387114690363793,668.0,19763.0,,
draw3_far_seed124,REPRISE+TINS,COMPARED,,,,-9.453582919149994e-06,0.0
draw1_near_seed124,B14_M0_pt,COMPARED,0.00027770063871151995,16.0,23000.0,,
draw1_near_seed124,B14_L0_plp,COMPARED,0.0083310191613441,390.0,23000.0,,
draw1_near_seed124,L14_M0_pt,COMPARED,0.0002777006387114922,12.0,23000.0,,
draw1_near_seed124,L14_L0_plp,COMPARED,0.0011108025548458578,69.0,23000.0,,
draw1_near_seed124,REPRISE+TINS,COMPARED,,,,6.666666678256661e-06,0.0
draw2_near_seed124,B14_M0_pt,COMPARED,0.00027770063871157546,12.0,23000.0,,
draw2_near_seed124,B14_L0_plp,COMPARED,0.0002777006387114922,22.0,23000.0,,
draw2_near_seed124,L14_M0_pt,COMPARED,0.00027770063871146444,8.0,23000.0,,
draw2_near_seed124,L14_L0_plp,COMPARED,0.0016662038322688144,93.0,23000.0,,
draw2_near_seed124,REPRISE+TINS,COMPARED,,,,-2.6666666684604934e-05,0.01999999999999602
draw1_far_seed124,B14_M0_pt,COMPARED,0.00027770063871151995,14.0,19763.0,,
draw1_far_seed124,B14_L0_plp,COMPARED,0.0055540127742294,230.0,19763.0,,
draw1_far_seed124,L14_M0_pt,COMPARED,0.00027770063871157546,10.0,19763.0,,
draw1_far_seed124,L14_L0_plp,COMPARED,0.0055540127742294,205.0,19763.0,,
draw1_far_seed124,REPRISE+TINS,COMPARED,,,,-5.672149745805655e-05,0.0
draw0_near_seed123,B14_M0_pt,COMPARED,0.00027770063871146965,13.0,23000.0,,
draw0_near_seed123,B14_L0_plp,COMPARED,0.014995834490419302,239.0,23000.0,,
draw0_near_seed123,L14_M0_pt,COMPARED,0.0002777006387114922,11.0,23000.0,,
draw0_near_seed123,L14_L0_plp,COMPARED,0.04332129963898912,163.0,23000.0,,
draw0_near_seed123,REPRISE+TINS,COMPARED,,,,-4.222222220562344e-05,0.0
draw1_near_seed125,B14_M0_pt,COMPARED,0.0002777006387114714,11.0,23000.0,,
draw1_near_seed125,B14_L0_plp,COMPARED,0.062482643710080554,344.0,23000.0,,
draw1_near_seed125,L14_M0_pt,COMPARED,0.0002777006387114714,13.0,23000.0,,
draw1_near_seed125,L14_L0_plp,COMPARED,0.006664815329075258,79.0,23000.0,,
draw1_near_seed125,REPRISE+TINS,COMPARED,,,,-4.444444442697204e-06,0.0
draw2_far_seed125,B14_M0_pt,COMPARED,0.0002777006387114922,17.0,19763.0,,
draw2_far_seed125,B14_L0_plp,COMPARED,0.03665648430991397,123.0,19763.0,,
draw2_far_seed125,L14_M0_pt,COMPARED,0.00027770063871151995,15.0,19763.0,,
draw2_far_seed125,L14_L0_plp,COMPARED,0.0530408219938906,183.0,19763.0,,
draw2_far_seed125,REPRISE+TINS,COMPARED,,,,-1.2604777197111616e-05,0.0
draw1_far_seed123,B14_M0_pt,COMPARED,0.00027770063871151995,18.0,19763.0,,
draw1_far_seed123,B14_L0_plp,COMPARED,0.004165509580672078,122.0,19763.0,,
draw1_far_seed123,L14_M0_pt,COMPARED,0.0002777006387114922,15.0,19763.0,,
draw1_far_seed123,L14_L0_plp,COMPARED,0.0030547070258261644,19.0,19763.0,,
draw1_far_seed123,REPRISE+TINS,COMPARED,,,,0.0,0.0
draw0_far_seed124,B14_M0_pt,COMPARED,0.00027770063871146444,13.0,19763.0,,
draw0_far_seed124,B14_L0_plp,COMPARED,0.005831713412940864,409.0,19763.0,,
draw0_far_seed124,L14_M0_pt,COMPARED,0.0002777006387114922,10.0,19763.0,,
draw0_far_seed124,L14_L0_plp,COMPARED,0.05887253540683146,617.0,19763.0,,
draw0_far_seed124,REPRISE+TINS,COMPARED,,,,3.1511943063833314e-06,0.0
draw0_near_seed124,B14_M0_pt,COMPARED,0.00027770063871146444,15.0,23000.0,,
draw0_near_seed124,B14_L0_plp,COMPARED,0.009719522354901478,257.0,23000.0,,
draw0_near_seed124,L14_M0_pt,COMPARED,0.00027770063871157546,6.0,23000.0,,
draw0_near_seed124,L14_L0_plp,COMPARED,0.00527631213551788,369.0,23000.0,,
draw0_near_seed124,REPRISE+TINS,COMPARED,,,,-4.4444444441182895e-05,0.0
draw4_near_seed123,B14_M0_pt,COMPARED,0.00027770063871151995,14.0,23000.0,,
draw4_near_seed123,B14_L0_plp,COMPARED,0.029991668980838604,30.0,23000.0,,
draw4_near_seed123,L14_M0_pt,COMPARED,0.00027770063871146444,11.0,23000.0,,
draw4_near_seed123,L14_L0_plp,COMPARED,0.03276867536795336,107.0,23000.0,,
draw4_near_seed123,REPRISE+TINS,COMPARED,,,,9.999999974752427e-06,0.0
draw4_near_seed124,B14_M0_pt,COMPARED,0.00027770063871157546,15.0,23000.0,,
draw4_near_seed124,B14_L0_plp,COMPARED,0.005831713412940809,105.0,23000.0,,
draw4_near_seed124,L14_M0_pt,COMPARED,0.00027770063871151995,10.0,23000.0,,
draw4_near_seed124,L14_L0_plp,COMPARED,0.00805331852263258,102.0,23000.0,,
draw4_near_seed124,REPRISE+TINS,COMPARED,,,,-3.111111109888043e-05,0.0
draw3_near_seed124,B14_M0_pt,COMPARED,0.00027770063871146444,18.0,23000.0,,
draw3_near_seed124,B14_L0_plp,COMPARED,0.0002777006387114922,31.0,23000.0,,
draw3_near_seed124,L14_M0_pt,COMPARED,0.00027770063871157546,15.0,23000.0,,
draw3_near_seed124,L14_L0_plp,COMPARED,0.007775617883921115,209.0,23000.0,,
draw3_near_seed124,REPRISE+TINS,COMPARED,,,,1.0000000003174137e-05,0.0
draw1_near_seed123,B14_M0_pt,COMPARED,0.00027770063871157546,22.0,23000.0,,
draw1_near_seed123,B14_L0_plp,COMPARED,0.0047209108580950065,228.0,23000.0,,
draw1_near_seed123,L14_M0_pt,COMPARED,0.0002777006387114922,12.0,23000.0,,
draw1_near_seed123,L14_L0_plp,COMPARED,0.028880866425992746,261.0,23000.0,,
draw1_near_seed123,REPRISE+TINS,COMPARED,,,,0.0,0.0
draw3_near_seed123,B14_M0_pt,COMPARED,0.0002777006387114922,17.0,23000.0,,
draw3_near_seed123,B14_L0_plp,COMPARED,0.0016662038322687867,503.0,23000.0,,
draw3_near_seed123,L14_M0_pt,COMPARED,0.0002777006387114922,13.0,23000.0,,
draw3_near_seed123,L14_L0_plp,COMPARED,0.03721188558733679,599.0,23000.0,,
draw3_near_seed123,REPRISE+TINS,COMPARED,,,,3.3333333334439885e-05,0.0
draw1_far_seed125,B14_M0_pt,COMPARED,0.0002777006387114714,13.0,19763.0,,
draw1_far_seed125,B14_L0_plp,COMPARED,0.0027770063871147554,180.0,19763.0,,
draw1_far_seed125,L14_M0_pt,COMPARED,0.00027770063871151995,16.0,19763.0,,
draw1_far_seed125,L14_L0_plp,COMPARED,0.0072202166064981865,287.0,19763.0,,
draw1_far_seed125,REPRISE+TINS,COMPARED,,,,0.0,0.0
draw0_far_seed125,B14_M0_pt,COMPARED,0.00027770063871157546,11.0,19763.0,,
draw0_far_seed125,B14_L0_plp,COMPARED,0.00305470702582622,75.0,19763.0,,
draw0_far_seed125,L14_M0_pt,COMPARED,0.0002777006387114922,13.0,19763.0,,
draw0_far_seed125,L14_L0_plp,COMPARED,0.043321299638989175,145.0,19763.0,,
draw0_far_seed125,REPRISE+TINS,COMPARED,,,,1.5755971503494948e-05,0.0
draw3_far_seed123,B14_M0_pt,COMPARED,0.00027770063871146444,3.0,19763.0,,
draw3_far_seed123,B14_L0_plp,COMPARED,0.0008331019161343933,43.0,19763.0,,
draw3_far_seed123,L14_M0_pt,COMPARED,0.00027770063871157546,14.0,19763.0,,
draw3_far_seed123,L14_L0_plp,COMPARED,0.004165509580672022,608.0,19763.0,,
draw3_far_seed123,REPRISE+TINS,COMPARED,,,,6.302388598555808e-06,0.0
draw2_far_seed124,B14_M0_pt,COMPARED,0.00027770063871146444,8.0,19763.0,,
draw2_far_seed124,B14_L0_plp,COMPARED,0.0033324076645376843,168.0,19763.0,,
draw2_far_seed124,L14_M0_pt,COMPARED,0.00027770063871157546,13.0,19763.0,,
draw2_far_seed124,L14_L0_plp,COMPARED,0.019439044709802837,100.0,19763.0,,
draw2_far_seed124,REPRISE+TINS,COMPARED,,,,-7.24774689615515e-05,0.0
draw2_near_seed123,B14_M0_pt,COMPARED,0.0002777006387114922,19.0,23000.0,,
draw2_near_seed123,B14_L0_plp,COMPARED,0.004998611496806471,193.0,23000.0,,
draw2_near_seed123,L14_M0_pt,COMPARED,0.0002777006387114714,16.0,23000.0,,
draw2_near_seed123,L14_L0_plp,COMPARED,0.03943349069702862,147.0,23000.0,,
draw2_near_seed123,REPRISE+TINS,COMPARED,,,,-6.111111112261369e-05,0.0
draw0_far_seed123,B14_M0_pt,COMPARED,0.00027770063871151995,20.0,19763.0,,
draw0_far_seed123,B14_L0_plp,COMPARED,0.004443210219383487,342.0,19763.0,,
draw0_far_seed123,L14_M0_pt,COMPARED,0.0002777006387114714,8.0,19763.0,,
draw0_far_seed123,L14_L0_plp,COMPARED,0.02110524854207163,227.0,19763.0,,
draw0_far_seed123,REPRISE+TINS,COMPARED,,,,-1.8907165795667424e-05,0.0
draw3_far_seed125,B14_M0_pt,COMPARED,0.00027770063871146444,2.0,19763.0,,
draw3_far_seed125,B14_L0_plp,COMPARED,0.0013885031935573222,40.0,19763.0,,
draw3_far_seed125,L14_M0_pt,COMPARED,0.00027770063871146444,4.0,19763.0,,
draw3_far_seed125,L14_L0_plp,COMPARED,0.02277145237434053,188.0,19763.0,,
draw3_far_seed125,REPRISE+TINS,COMPARED,,,,-3.1511943063833314e-06,0.0
