draw,stream,seed,view,memory,n_admitted,n_ID_admitted,n_OOD_admitted,ID_admission_rate,OOD_admission_rate,final_memory_ID_fraction
3,near,125,B14,M0,5155,1761,3394,9.783333333333333,67.88,34.16100872938894
3,near,125,B14,M1,5383,1939,3444,10.772222222222222,68.88,36.02080624187256
3,near,125,L14,M0,5361,1782,3579,9.9,71.58,33.24006715165081
3,near,125,L14,M1,5684,2012,3672,11.177777777777779,73.44000000000001,35.39760731878959
2,near,125,B14,M0,5350,1903,3447,10.572222222222221,68.94,35.570093457943926
2,near,125,B14,M1,5545,2027,3518,11.261111111111111,70.36,36.555455365193865
2,near,125,L14,M0,5326,1799,3527,9.994444444444445,70.54,33.77769432970334
2,near,125,L14,M1,5395,1837,3558,10.205555555555556,71.16,34.050046339202964
4,far,124,B14,M0,3176,1765,1411,9.805555555555557,80.03403289846852,55.57304785894207
4,far,124,B14,M1,3012,1625,1387,9.027777777777777,78.67271695972774,53.95086321381142
4,far,124,L14,M0,2963,1710,1253,9.5,71.07203630175837,57.71177860276746
4,far,124,L14,M1,2959,1700,1259,9.444444444444445,71.41236528644356,57.45184183845894
2,far,123,B14,M0,3546,2073,1473,11.516666666666667,83.55076574021554,58.46023688663282
2,far,123,B14,M1,3657,2168,1489,12.044444444444444,84.45830969937606,59.28356576428767
2,far,123,L14,M0,3173,1893,1280,10.516666666666667,72.60351673284174,59.659628112196664
2,far,123,L14,M1,3294,1987,1307,11.038888888888888,74.13499716392514,60.321797207043105
4,far,125,B14,M0,3253,1826,1427,10.144444444444446,80.94157685762904,56.13280049185367
4,far,125,B14,M1,3090,1699,1391,9.438888888888888,78.89960294951787,54.983818770226534
4,far,125,L14,M0,3120,1831,1289,10.172222222222222,73.11401020986953,58.68589743589744
4,far,125,L14,M1,3145,1844,1301,10.244444444444445,73.79466817923993,58.63275039745628
0,near,125,B14,M0,5251,1868,3383,10.377777777777778,67.66,35.57417634736241
0,near,125,B14,M1,5289,1864,3425,10.355555555555556,68.5,35.2429570807336
0,near,125,L14,M0,5275,1801,3474,10.005555555555555,69.48,34.14218009478673
0,near,125,L14,M1,5175,1717,3458,9.538888888888888,69.16,33.17874396135266
4,far,123,B14,M0,3263,1829,1434,10.161111111111111,81.33862733976177,56.05271222801104
4,far,123,B14,M1,3152,1736,1416,9.644444444444444,80.31764038570618,55.0761421319797
4,far,123,L14,M0,3150,1863,1287,10.35,73.00056721497448,59.14285714285714
4,far,123,L14,M1,3164,1863,1301,10.35,73.79466817923993,58.881163084702905
4,near,125,B14,M0,5113,1766,3347,9.81111111111111,66.94,34.539409348718955
4,near,125,B14,M1,5107,1760,3347,9.777777777777779,66.94,34.46250244762091
4,near,125,L14,M0,5311,1849,3462,10.272222222222222,69.24,34.81453586895123
4,near,125,L14,M1,5449,1943,3506,10.794444444444444,70.12,35.657918884198935
3,far,124,B14,M0,3102,1692,1410,9.4,79.97731140102098,54.54545454545454
3,far,124,B14,M1,3383,1929,1454,10.716666666666667,82.47305728871243,57.02039609813775
3,far,124,L14,M0,3053,1779,1274,9.883333333333333,72.26318774815655,58.270553553881435
3,far,124,L14,M1,3299,1968,1331,10.933333333333334,75.49631310266591,59.65444073961807
1,near,124,B14,M0,5330,1896,3434,10.533333333333333,68.67999999999999,35.57223264540338
1,near,124,B14,M1,5204,1819,3385,10.105555555555554,67.7,34.95388162951576
1,near,124,L14,M0,5470,1891,3579,10.505555555555555,71.58,34.57038391224863
1,near,124,L14,M1,5514,1926,3588,10.7,71.76,34.92927094668117
2,near,124,B14,M0,5391,1916,3475,10.644444444444444,69.5,35.54071600816175
2,near,124,B14,M1,5657,2077,3580,11.53888888888889,71.6,36.715573625596605
2,near,124,L14,M0,5296,1765,3531,9.805555555555557,70.62,33.327039274924466
2,near,124,L14,M1,5341,1804,3537,10.022222222222222,70.74000000000001,33.776446358359856
1,far,124,B14,M0,3328,1903,1425,10.572222222222221,80.82813386273398,57.18149038461539
1,far,124,B14,M1,3236,1827,1409,10.15,79.92058990357346,56.45859085290482
1,far,124,L14,M0,3178,1882,1296,10.455555555555556,73.51106069200227,59.2196349905601
1,far,124,L14,M1,3379,2049,1330,11.383333333333333,75.43959160521838,60.63924237940219
0,near,123,B14,M0,5117,1813,3304,10.072222222222223,66.08000000000001,35.43091655266758
0,near,123,B14,M1,5199,1847,3352,10.261111111111111,67.04,35.526062704366225
0,near,123,L14,M0,5189,1778,3411,9.877777777777778,68.22,34.264790903835035
0,near,123,L14,M1,5090,1710,3380,9.5,67.60000000000001,33.59528487229863
1,near,125,B14,M0,5420,1977,3443,10.983333333333334,68.86,36.4760147601476
1,near,125,B14,M1,5307,1894,3413,10.522222222222222,68.26,35.68871302053891
1,near,125,L14,M0,5483,1949,3534,10.827777777777778,70.67999999999999,35.54623381360569
1,near,125,L14,M1,5693,2080,3613,11.555555555555555,72.26,36.5360969611804
2,far,125,B14,M0,3407,1968,1439,10.933333333333334,81.62223482699943,57.76342823598474
2,far,125,B14,M1,3602,2132,1470,11.844444444444445,83.38060124787295,59.18933925596891
2,far,125,L14,M0,3050,1795,1255,9.972222222222223,71.18547929665343,58.852459016393446
2,far,125,L14,M1,3097,1835,1262,10.194444444444445,71.58252977878617,59.25088795608654
1,far,123,B14,M0,3227,1798,1429,9.988888888888889,81.0550198525241,55.71738456770995
1,far,123,B14,M1,3157,1744,1413,9.688888888888888,80.14747589336359,55.242318656952804
1,far,123,L14,M0,3192,1908,1284,10.6,72.83040272263189,59.77443609022557
1,far,123,L14,M1,3386,2061,1325,11.450000000000001,75.15598411798071,60.86828115770822
0,far,124,B14,M0,3294,1880,1414,10.444444444444445,80.20419739081112,57.07346690953249
0,far,124,B14,M1,3418,1988,1430,11.044444444444444,81.11174134997164,58.16266822703335
0,far,124,L14,M0,2992,1753,1239,9.738888888888889,70.27793533749292,58.58957219251337
0,far,124,L14,M1,3046,1775,1271,9.86111111111111,72.09302325581395,58.27314510833881
0,near,124,B14,M0,5292,1886,3406,10.477777777777778,68.12,35.638699924414205
0,near,124,B14,M1,5175,1795,3380,9.972222222222223,67.60000000000001,34.68599033816425
0,near,124,L14,M0,5307,1796,3511,9.977777777777778,70.22,33.84209534576974
0,near,124,L14,M1,5219,1737,3482,9.65,69.64,33.282237976623875
4,near,123,B14,M0,5103,1774,3329,9.855555555555554,66.58,34.76386439349402
4,near,123,B14,M1,5090,1769,3321,9.827777777777778,66.42,34.75442043222004
4,near,123,L14,M0,5196,1757,3439,9.761111111111111,68.78,33.81447267128561
4,near,123,L14,M1,5350,1865,3485,10.36111111111111,69.69999999999999,34.859813084112155
4,near,124,B14,M0,5192,1797,3395,9.983333333333333,67.9,34.610939907550076
4,near,124,B14,M1,5229,1823,3406,10.127777777777776,68.12,34.863262574105946
4,near,124,L14,M0,5096,1669,3427,9.272222222222222,68.54,32.751177394034535
4,near,124,L14,M1,5217,1749,3468,9.716666666666667,69.36,33.525014376078204
3,near,124,B14,M0,5124,1760,3364,9.777777777777779,67.28,34.34816549570648
3,near,124,B14,M1,5263,1845,3418,10.25,68.36,35.05605168155045
3,near,124,L14,M0,5392,1814,3578,10.077777777777778,71.56,33.64243323442137
3,near,124,L14,M1,5677,2007,3670,11.15,73.4,35.35317949621279
1,near,123,B14,M0,5252,1896,3356,10.533333333333333,67.12,36.1005331302361
1,near,123,B14,M1,5240,1875,3365,10.416666666666668,67.30000000000001,35.782442748091604
1,near,123,L14,M0,5433,1900,3533,10.555555555555555,70.66,34.9714706423707
1,near,123,L14,M1,5571,2001,3570,11.116666666666667,71.39999999999999,35.91814754981152
3,near,123,B14,M0,5035,1695,3340,9.416666666666666,66.8,33.664349553128105
3,near,123,B14,M1,5276,1886,3390,10.477777777777778,67.80000000000001,35.746777862016685
3,near,123,L14,M0,5330,1809,3521,10.05,70.42,33.93996247654784
3,near,123,L14,M1,5774,2124,3650,11.799999999999999,73.0,36.78559057845515
1,far,125,B14,M0,3307,1884,1423,10.466666666666667,80.71469086783891,56.970063501663134
1,far,125,B14,M1,3107,1721,1386,9.56111111111111,78.61599546228021,55.39105246218217
1,far,125,L14,M0,3232,1939,1293,10.772222222222222,73.34089619965967,59.99381188118812
1,far,125,L14,M1,3320,2006,1314,11.144444444444444,74.53204764605785,60.42168674698796
0,far,125,B14,M0,3248,1833,1415,10.183333333333334,80.26091888825864,56.434729064039416
0,far,125,B14,M1,3245,1829,1416,10.161111111111111,80.31764038570618,56.36363636363636
0,far,125,L14,M0,3067,1793,1274,9.96111111111111,72.26318774815655,58.461036843821326
0,far,125,L14,M1,2965,1714,1251,9.522222222222222,70.9585933068633,57.807757166947724
3,far,123,B14,M0,3119,1698,1421,9.433333333333334,80.60124787294384,54.440525809554345
3,far,123,B14,M1,3294,1846,1448,10.255555555555555,82.13272830402722,56.04128718882817
3,far,123,L14,M0,3069,1783,1286,9.905555555555555,72.94384571752694,58.0971000325839
3,far,123,L14,M1,3290,1970,1320,10.944444444444445,74.87237663074305,59.87841945288754
2,far,124,B14,M0,3446,1980,1466,11.0,83.15371525808281,57.457922228670924
2,far,124,B14,M1,3527,2050,1477,11.38888888888889,83.77765173000567,58.12305075134675
2,far,124,L14,M0,2967,1712,1255,9.511111111111111,71.18547929665343,57.70138186720594
2,far,124,L14,M1,2961,1706,1255,9.477777777777778,71.18547929665343,57.61567038162782
2,near,123,B14,M0,5304,1894,3410,10.522222222222222,68.2,35.70889894419306
2,near,123,B14,M1,5640,2139,3501,11.883333333333333,70.02000000000001,37.92553191489362
2,near,123,L14,M0,5248,1754,3494,9.744444444444444,69.88,33.422256097560975
2,near,123,L14,M1,5408,1872,3536,10.4,70.72,34.61538461538461
0,far,123,B14,M0,3306,1877,1429,10.427777777777777,81.0550198525241,56.775559588626734
0,far,123,B14,M1,3585,2132,1453,11.844444444444445,82.4163357912649,59.4700139470014
0,far,123,L14,M0,3136,1869,1267,10.383333333333333,71.86613726602383,59.59821428571429
0,far,123,L14,M1,2983,1741,1242,9.672222222222222,70.44809982983551,58.364063023801535
3,far,125,B14,M0,3148,1737,1411,9.65,80.03403289846852,55.177890724269375
3,far,125,B14,M1,3252,1823,1429,10.127777777777776,81.0550198525241,56.05781057810578
3,far,125,L14,M0,3088,1808,1280,10.044444444444444,72.60351673284174,58.549222797927456
3,far,125,L14,M1,3402,2047,1355,11.372222222222222,76.8576290414067,60.17048794826573
