stream,view,memory,metric,mean,lo,hi,n,unit
far,B14,M0,ID_admission_rate,10.275185185185187,9.529671378760469,11.020698991609905,5,"support/calibration draw, after averaging matched orders"
far,B14,M0,OOD_admission_rate,81.02476838721876,79.76822445880104,82.28131231563647,5,"support/calibration draw, after averaging matched orders"
far,B14,M0,final_memory_ID_fraction,56.38378086837072,54.93317672825814,57.8343850084833,5,"support/calibration draw, after averaging matched orders"
far,B14,M1,ID_admission_rate,10.462592592592591,9.279826548644134,11.645358636541047,5,"support/calibration draw, after averaging matched orders"
far,B14,M1,OOD_admission_rate,81.17980714690869,78.86309488829225,83.49651940552512,5,"support/calibration draw, after averaging matched orders"
far,B14,M1,final_memory_ID_fraction,56.72097028416024,54.606019832429844,58.83592073589063,5,"support/calibration draw, after averaging matched orders"
far,L14,M0,ID_admission_rate,10.117777777777778,9.77448983980326,10.461065715752296,5,"support/calibration draw, after averaging matched orders"
far,L14,M0,OOD_admission_rate,72.27075061448289,71.37979308512458,73.16170814384121,5,"support/calibration draw, after averaging matched orders"
far,L14,M0,final_memory_ID_fraction,58.82050565638225,58.175541772135865,59.46546954062864,5,"support/calibration draw, after averaging matched orders"
far,L14,M1,ID_admission_rate,10.46888888888889,9.593566476316271,11.344211301461508,5,"support/calibration draw, after averaging matched orders"
far,L14,M1,OOD_admission_rate,73.45055776139156,71.08436789759543,75.8167476251877,5,"support/calibration draw, after averaging matched orders"
far,L14,M1,final_memory_ID_fraction,59.21544230595556,57.903046201551035,60.52783841036009,5,"support/calibration draw, after averaging matched orders"
near,B14,M0,ID_admission_rate,10.222962962962963,9.674761209831763,10.771164716094164,5,"support/calibration draw, after averaging matched orders"
near,B14,M0,OOD_admission_rate,67.76933333333332,66.83444838276885,68.70421828389779,5,"support/calibration draw, after averaging matched orders"
near,B14,M0,final_memory_ID_fraction,35.180001279901106,34.173859824306305,36.186142735495906,5,"support/calibration draw, after averaging matched orders"
near,B14,M1,ID_admission_rate,10.503333333333334,9.72098985494121,11.285676811725457,5,"support/calibration draw, after averaging matched orders"
near,B14,M1,OOD_admission_rate,68.32666666666668,66.62521946406183,70.02811386927154,5,"support/calibration draw, after averaging matched orders"
near,B14,M1,final_memory_ID_fraction,35.59869531109874,34.49048718497281,36.70690343722467,5,"support/calibration draw, after averaging matched orders"
near,L14,M0,ID_admission_rate,10.04185185185185,9.617797089175037,10.465906614528665,5,"support/calibration draw, after averaging matched orders"
near,L14,M0,OOD_admission_rate,70.13333333333334,68.86367497419668,71.40299169247,5,"support/calibration draw, after averaging matched orders"
near,L14,M0,final_memory_ID_fraction,34.00445288077977,33.243023980076984,34.76588178148256,5,"support/calibration draw, after averaging matched orders"
near,L14,M1,ID_admission_rate,10.512592592592593,9.599678224234003,11.425506960951184,5,"support/calibration draw, after averaging matched orders"
near,L14,M1,OOD_admission_rate,70.89733333333335,68.72230877536968,73.07235789129702,5,"support/calibration draw, after averaging matched orders"
near,L14,M1,final_memory_ID_fraction,34.7640522212495,33.43074864162571,36.09735580087329,5,"support/calibration draw, after averaging matched orders"
