draw,stream,seed,score,NaN,positive_infinity,log_zero
3,near,125,log_score_static,0,0,0
3,near,125,log_score_M0_pt,0,0,0
3,near,125,log_score_M1_pt,0,0,0
3,near,125,log_score_L0_raw,0,0,0
3,near,125,log_score_L0_norm,0,0,0
3,near,125,log_score_L0_cdf,0,0,0
3,near,125,log_score_L0_plp,0,0,0
3,near,125,log_score_L1_raw,0,0,45
3,near,125,log_score_L1_norm,0,0,45
3,near,125,log_score_L1_cdf,0,0,0
3,near,125,log_score_L1_plp,0,0,0
3,near,125,log_score_L2_raw,0,0,45
3,near,125,log_score_L2_norm,0,0,45
3,near,125,log_score_L2_cdf,0,0,0
3,near,125,log_score_L2_plp,0,0,0
3,near,125,log_score_class_L2_raw,0,0,45
3,near,125,log_score_class_L2_norm,0,0,45
3,near,125,log_score_class_L2_cdf,0,0,0
3,near,125,log_score_class_L2_plp,0,0,0
3,near,125,log_score_REPRISE_L0_M0,0,0,0
3,near,125,log_score_REPRISE_L1_M0,0,0,0
3,near,125,log_score_REPRISE_L2_M0,0,0,0
3,near,125,log_score_REPRISE_L1_M1,0,0,0
3,near,125,log_score_REPRISE_L2_M1,0,0,0
3,near,125,log_score_TINS,0,0,0
3,near,125,log_score_static+TINS,0,0,0
3,near,125,log_score_M0_pt+TINS,0,0,0
3,near,125,log_score_M1_pt+TINS,0,0,0
3,near,125,log_score_L0_raw+TINS,0,0,0
3,near,125,log_score_L0_norm+TINS,0,0,0
3,near,125,log_score_L0_cdf+TINS,0,0,0
3,near,125,log_score_L0_plp+TINS,0,0,0
3,near,125,log_score_L1_raw+TINS,0,0,45
3,near,125,log_score_L1_norm+TINS,0,0,45
3,near,125,log_score_L1_cdf+TINS,0,0,0
3,near,125,log_score_L1_plp+TINS,0,0,0
3,near,125,log_score_L2_raw+TINS,0,0,45
3,near,125,log_score_L2_norm+TINS,0,0,45
3,near,125,log_score_L2_cdf+TINS,0,0,0
3,near,125,log_score_L2_plp+TINS,0,0,0
3,near,125,log_score_class_L2_raw+TINS,0,0,45
3,near,125,log_score_class_L2_norm+TINS,0,0,45
3,near,125,log_score_class_L2_cdf+TINS,0,0,0
3,near,125,log_score_class_L2_plp+TINS,0,0,0
3,near,125,log_score_REPRISE_L0_M0+TINS,0,0,0
3,near,125,log_score_REPRISE_L1_M0+TINS,0,0,0
3,near,125,log_score_REPRISE_L2_M0+TINS,0,0,0
3,near,125,log_score_REPRISE_L1_M1+TINS,0,0,0
3,near,125,log_score_REPRISE_L2_M1+TINS,0,0,0
2,near,125,log_score_static,0,0,0
2,near,125,log_score_M0_pt,0,0,0
2,near,125,log_score_M1_pt,0,0,0
2,near,125,log_score_L0_raw,0,0,0
2,near,125,log_score_L0_norm,0,0,0
2,near,125,log_score_L0_cdf,0,0,0
2,near,125,log_score_L0_plp,0,0,0
2,near,125,log_score_L1_raw,0,0,0
2,near,125,log_score_L1_norm,0,0,0
2,near,125,log_score_L1_cdf,0,0,0
2,near,125,log_score_L1_plp,0,0,0
2,near,125,log_score_L2_raw,0,0,0
2,near,125,log_score_L2_norm,0,0,0
2,near,125,log_score_L2_cdf,0,0,0
2,near,125,log_score_L2_plp,0,0,0
2,near,125,log_score_class_L2_raw,0,0,0
2,near,125,log_score_class_L2_norm,0,0,0
2,near,125,log_score_class_L2_cdf,0,0,0
2,near,125,log_score_class_L2_plp,0,0,0
2,near,125,log_score_REPRISE_L0_M0,0,0,0
2,near,125,log_score_REPRISE_L1_M0,0,0,0
2,near,125,log_score_REPRISE_L2_M0,0,0,0
2,near,125,log_score_REPRISE_L1_M1,0,0,0
2,near,125,log_score_REPRISE_L2_M1,0,0,0
2,near,125,log_score_TINS,0,0,0
2,near,125,log_score_static+TINS,0,0,0
2,near,125,log_score_M0_pt+TINS,0,0,0
2,near,125,log_score_M1_pt+TINS,0,0,0
2,near,125,log_score_L0_raw+TINS,0,0,0
2,near,125,log_score_L0_norm+TINS,0,0,0
2,near,125,log_score_L0_cdf+TINS,0,0,0
2,near,125,log_score_L0_plp+TINS,0,0,0
2,near,125,log_score_L1_raw+TINS,0,0,0
2,near,125,log_score_L1_norm+TINS,0,0,0
2,near,125,log_score_L1_cdf+TINS,0,0,0
2,near,125,log_score_L1_plp+TINS,0,0,0
2,near,125,log_score_L2_raw+TINS,0,0,0
2,near,125,log_score_L2_norm+TINS,0,0,0
2,near,125,log_score_L2_cdf+TINS,0,0,0
2,near,125,log_score_L2_plp+TINS,0,0,0
2,near,125,log_score_class_L2_raw+TINS,0,0,0
2,near,125,log_score_class_L2_norm+TINS,0,0,0
2,near,125,log_score_class_L2_cdf+TINS,0,0,0
2,near,125,log_score_class_L2_plp+TINS,0,0,0
2,near,125,log_score_REPRISE_L0_M0+TINS,0,0,0
2,near,125,log_score_REPRISE_L1_M0+TINS,0,0,0
2,near,125,log_score_REPRISE_L2_M0+TINS,0,0,0
2,near,125,log_score_REPRISE_L1_M1+TINS,0,0,0
2,near,125,log_score_REPRISE_L2_M1+TINS,0,0,0
4,far,124,log_score_static,0,0,0
4,far,124,log_score_M0_pt,0,0,0
4,far,124,log_score_M1_pt,0,0,0
4,far,124,log_score_L0_raw,0,0,0
4,far,124,log_score_L0_norm,0,0,0
4,far,124,log_score_L0_cdf,0,0,0
4,far,124,log_score_L0_plp,0,0,0
4,far,124,log_score_L1_raw,0,0,0
4,far,124,log_score_L1_norm,0,0,0
4,far,124,log_score_L1_cdf,0,0,0
4,far,124,log_score_L1_plp,0,0,0
4,far,124,log_score_L2_raw,0,0,0
4,far,124,log_score_L2_norm,0,0,0
4,far,124,log_score_L2_cdf,0,0,0
4,far,124,log_score_L2_plp,0,0,0
4,far,124,log_score_class_L2_raw,0,0,0
4,far,124,log_score_class_L2_norm,0,0,0
4,far,124,log_score_class_L2_cdf,0,0,0
4,far,124,log_score_class_L2_plp,0,0,0
4,far,124,log_score_REPRISE_L0_M0,0,0,0
4,far,124,log_score_REPRISE_L1_M0,0,0,0
4,far,124,log_score_REPRISE_L2_M0,0,0,0
4,far,124,log_score_REPRISE_L1_M1,0,0,0
4,far,124,log_score_REPRISE_L2_M1,0,0,0
4,far,124,log_score_TINS,0,0,0
4,far,124,log_score_static+TINS,0,0,0
4,far,124,log_score_M0_pt+TINS,0,0,0
4,far,124,log_score_M1_pt+TINS,0,0,0
4,far,124,log_score_L0_raw+TINS,0,0,0
4,far,124,log_score_L0_norm+TINS,0,0,0
4,far,124,log_score_L0_cdf+TINS,0,0,0
4,far,124,log_score_L0_plp+TINS,0,0,0
4,far,124,log_score_L1_raw+TINS,0,0,0
4,far,124,log_score_L1_norm+TINS,0,0,0
4,far,124,log_score_L1_cdf+TINS,0,0,0
4,far,124,log_score_L1_plp+TINS,0,0,0
4,far,124,log_score_L2_raw+TINS,0,0,0
4,far,124,log_score_L2_norm+TINS,0,0,0
4,far,124,log_score_L2_cdf+TINS,0,0,0
4,far,124,log_score_L2_plp+TINS,0,0,0
4,far,124,log_score_class_L2_raw+TINS,0,0,0
4,far,124,log_score_class_L2_norm+TINS,0,0,0
4,far,124,log_score_class_L2_cdf+TINS,0,0,0
4,far,124,log_score_class_L2_plp+TINS,0,0,0
4,far,124,log_score_REPRISE_L0_M0+TINS,0,0,0
4,far,124,log_score_REPRISE_L1_M0+TINS,0,0,0
4,far,124,log_score_REPRISE_L2_M0+TINS,0,0,0
4,far,124,log_score_REPRISE_L1_M1+TINS,0,0,0
4,far,124,log_score_REPRISE_L2_M1+TINS,0,0,0
2,far,123,log_score_static,0,0,0
2,far,123,log_score_M0_pt,0,0,0
2,far,123,log_score_M1_pt,0,0,0
2,far,123,log_score_L0_raw,0,0,0
2,far,123,log_score_L0_norm,0,0,0
2,far,123,log_score_L0_cdf,0,0,0
2,far,123,log_score_L0_plp,0,0,0
2,far,123,log_score_L1_raw,0,0,0
2,far,123,log_score_L1_norm,0,0,0
2,far,123,log_score_L1_cdf,0,0,0
2,far,123,log_score_L1_plp,0,0,0
2,far,123,log_score_L2_raw,0,0,0
2,far,123,log_score_L2_norm,0,0,0
2,far,123,log_score_L2_cdf,0,0,0
2,far,123,log_score_L2_plp,0,0,0
2,far,123,log_score_class_L2_raw,0,0,0
2,far,123,log_score_class_L2_norm,0,0,0
2,far,123,log_score_class_L2_cdf,0,0,0
2,far,123,log_score_class_L2_plp,0,0,0
2,far,123,log_score_REPRISE_L0_M0,0,0,0
2,far,123,log_score_REPRISE_L1_M0,0,0,0
2,far,123,log_score_REPRISE_L2_M0,0,0,0
2,far,123,log_score_REPRISE_L1_M1,0,0,0
2,far,123,log_score_REPRISE_L2_M1,0,0,0
2,far,123,log_score_TINS,0,0,0
2,far,123,log_score_static+TINS,0,0,0
2,far,123,log_score_M0_pt+TINS,0,0,0
2,far,123,log_score_M1_pt+TINS,0,0,0
2,far,123,log_score_L0_raw+TINS,0,0,0
2,far,123,log_score_L0_norm+TINS,0,0,0
2,far,123,log_score_L0_cdf+TINS,0,0,0
2,far,123,log_score_L0_plp+TINS,0,0,0
2,far,123,log_score_L1_raw+TINS,0,0,0
2,far,123,log_score_L1_norm+TINS,0,0,0
2,far,123,log_score_L1_cdf+TINS,0,0,0
2,far,123,log_score_L1_plp+TINS,0,0,0
2,far,123,log_score_L2_raw+TINS,0,0,0
2,far,123,log_score_L2_norm+TINS,0,0,0
2,far,123,log_score_L2_cdf+TINS,0,0,0
2,far,123,log_score_L2_plp+TINS,0,0,0
2,far,123,log_score_class_L2_raw+TINS,0,0,0
2,far,123,log_score_class_L2_norm+TINS,0,0,0
2,far,123,log_score_class_L2_cdf+TINS,0,0,0
2,far,123,log_score_class_L2_plp+TINS,0,0,0
2,far,123,log_score_REPRISE_L0_M0+TINS,0,0,0
2,far,123,log_score_REPRISE_L1_M0+TINS,0,0,0
2,far,123,log_score_REPRISE_L2_M0+TINS,0,0,0
2,far,123,log_score_REPRISE_L1_M1+TINS,0,0,0
2,far,123,log_score_REPRISE_L2_M1+TINS,0,0,0
4,far,125,log_score_static,0,0,0
4,far,125,log_score_M0_pt,0,0,0
4,far,125,log_score_M1_pt,0,0,0
4,far,125,log_score_L0_raw,0,0,0
4,far,125,log_score_L0_norm,0,0,0
4,far,125,log_score_L0_cdf,0,0,0
4,far,125,log_score_L0_plp,0,0,0
4,far,125,log_score_L1_raw,0,0,0
4,far,125,log_score_L1_norm,0,0,0
4,far,125,log_score_L1_cdf,0,0,0
4,far,125,log_score_L1_plp,0,0,0
4,far,125,log_score_L2_raw,0,0,0
4,far,125,log_score_L2_norm,0,0,0
4,far,125,log_score_L2_cdf,0,0,0
4,far,125,log_score_L2_plp,0,0,0
4,far,125,log_score_class_L2_raw,0,0,0
4,far,125,log_score_class_L2_norm,0,0,0
4,far,125,log_score_class_L2_cdf,0,0,0
4,far,125,log_score_class_L2_plp,0,0,0
4,far,125,log_score_REPRISE_L0_M0,0,0,0
4,far,125,log_score_REPRISE_L1_M0,0,0,0
4,far,125,log_score_REPRISE_L2_M0,0,0,0
4,far,125,log_score_REPRISE_L1_M1,0,0,0
4,far,125,log_score_REPRISE_L2_M1,0,0,0
4,far,125,log_score_TINS,0,0,0
4,far,125,log_score_static+TINS,0,0,0
4,far,125,log_score_M0_pt+TINS,0,0,0
4,far,125,log_score_M1_pt+TINS,0,0,0
4,far,125,log_score_L0_raw+TINS,0,0,0
4,far,125,log_score_L0_norm+TINS,0,0,0
4,far,125,log_score_L0_cdf+TINS,0,0,0
4,far,125,log_score_L0_plp+TINS,0,0,0
4,far,125,log_score_L1_raw+TINS,0,0,0
4,far,125,log_score_L1_norm+TINS,0,0,0
4,far,125,log_score_L1_cdf+TINS,0,0,0
4,far,125,log_score_L1_plp+TINS,0,0,0
4,far,125,log_score_L2_raw+TINS,0,0,0
4,far,125,log_score_L2_norm+TINS,0,0,0
4,far,125,log_score_L2_cdf+TINS,0,0,0
4,far,125,log_score_L2_plp+TINS,0,0,0
4,far,125,log_score_class_L2_raw+TINS,0,0,0
4,far,125,log_score_class_L2_norm+TINS,0,0,0
4,far,125,log_score_class_L2_cdf+TINS,0,0,0
4,far,125,log_score_class_L2_plp+TINS,0,0,0
4,far,125,log_score_REPRISE_L0_M0+TINS,0,0,0
4,far,125,log_score_REPRISE_L1_M0+TINS,0,0,0
4,far,125,log_score_REPRISE_L2_M0+TINS,0,0,0
4,far,125,log_score_REPRISE_L1_M1+TINS,0,0,0
4,far,125,log_score_REPRISE_L2_M1+TINS,0,0,0
0,near,125,log_score_static,0,0,0
0,near,125,log_score_M0_pt,0,0,0
0,near,125,log_score_M1_pt,0,0,0
0,near,125,log_score_L0_raw,0,0,0
0,near,125,log_score_L0_norm,0,0,0
0,near,125,log_score_L0_cdf,0,0,0
0,near,125,log_score_L0_plp,0,0,0
0,near,125,log_score_L1_raw,0,0,0
0,near,125,log_score_L1_norm,0,0,0
0,near,125,log_score_L1_cdf,0,0,0
0,near,125,log_score_L1_plp,0,0,0
0,near,125,log_score_L2_raw,0,0,0
0,near,125,log_score_L2_norm,0,0,0
0,near,125,log_score_L2_cdf,0,0,0
0,near,125,log_score_L2_plp,0,0,0
0,near,125,log_score_class_L2_raw,0,0,0
0,near,125,log_score_class_L2_norm,0,0,0
0,near,125,log_score_class_L2_cdf,0,0,0
0,near,125,log_score_class_L2_plp,0,0,0
0,near,125,log_score_REPRISE_L0_M0,0,0,0
0,near,125,log_score_REPRISE_L1_M0,0,0,0
0,near,125,log_score_REPRISE_L2_M0,0,0,0
0,near,125,log_score_REPRISE_L1_M1,0,0,0
0,near,125,log_score_REPRISE_L2_M1,0,0,0
0,near,125,log_score_TINS,0,0,0
0,near,125,log_score_static+TINS,0,0,0
0,near,125,log_score_M0_pt+TINS,0,0,0
0,near,125,log_score_M1_pt+TINS,0,0,0
0,near,125,log_score_L0_raw+TINS,0,0,0
0,near,125,log_score_L0_norm+TINS,0,0,0
0,near,125,log_score_L0_cdf+TINS,0,0,0
0,near,125,log_score_L0_plp+TINS,0,0,0
0,near,125,log_score_L1_raw+TINS,0,0,0
0,near,125,log_score_L1_norm+TINS,0,0,0
0,near,125,log_score_L1_cdf+TINS,0,0,0
0,near,125,log_score_L1_plp+TINS,0,0,0
0,near,125,log_score_L2_raw+TINS,0,0,0
0,near,125,log_score_L2_norm+TINS,0,0,0
0,near,125,log_score_L2_cdf+TINS,0,0,0
0,near,125,log_score_L2_plp+TINS,0,0,0
0,near,125,log_score_class_L2_raw+TINS,0,0,0
0,near,125,log_score_class_L2_norm+TINS,0,0,0
0,near,125,log_score_class_L2_cdf+TINS,0,0,0
0,near,125,log_score_class_L2_plp+TINS,0,0,0
0,near,125,log_score_REPRISE_L0_M0+TINS,0,0,0
0,near,125,log_score_REPRISE_L1_M0+TINS,0,0,0
0,near,125,log_score_REPRISE_L2_M0+TINS,0,0,0
0,near,125,log_score_REPRISE_L1_M1+TINS,0,0,0
0,near,125,log_score_REPRISE_L2_M1+TINS,0,0,0
4,far,123,log_score_static,0,0,0
4,far,123,log_score_M0_pt,0,0,0
4,far,123,log_score_M1_pt,0,0,0
4,far,123,log_score_L0_raw,0,0,0
4,far,123,log_score_L0_norm,0,0,0
4,far,123,log_score_L0_cdf,0,0,0
4,far,123,log_score_L0_plp,0,0,0
4,far,123,log_score_L1_raw,0,0,0
4,far,123,log_score_L1_norm,0,0,0
4,far,123,log_score_L1_cdf,0,0,0
4,far,123,log_score_L1_plp,0,0,0
4,far,123,log_score_L2_raw,0,0,0
4,far,123,log_score_L2_norm,0,0,0
4,far,123,log_score_L2_cdf,0,0,0
4,far,123,log_score_L2_plp,0,0,0
4,far,123,log_score_class_L2_raw,0,0,0
4,far,123,log_score_class_L2_norm,0,0,0
4,far,123,log_score_class_L2_cdf,0,0,0
4,far,123,log_score_class_L2_plp,0,0,0
4,far,123,log_score_REPRISE_L0_M0,0,0,0
4,far,123,log_score_REPRISE_L1_M0,0,0,0
4,far,123,log_score_REPRISE_L2_M0,0,0,0
4,far,123,log_score_REPRISE_L1_M1,0,0,0
4,far,123,log_score_REPRISE_L2_M1,0,0,0
4,far,123,log_score_TINS,0,0,0
4,far,123,log_score_static+TINS,0,0,0
4,far,123,log_score_M0_pt+TINS,0,0,0
4,far,123,log_score_M1_pt+TINS,0,0,0
4,far,123,log_score_L0_raw+TINS,0,0,0
4,far,123,log_score_L0_norm+TINS,0,0,0
4,far,123,log_score_L0_cdf+TINS,0,0,0
4,far,123,log_score_L0_plp+TINS,0,0,0
4,far,123,log_score_L1_raw+TINS,0,0,0
4,far,123,log_score_L1_norm+TINS,0,0,0
4,far,123,log_score_L1_cdf+TINS,0,0,0
4,far,123,log_score_L1_plp+TINS,0,0,0
4,far,123,log_score_L2_raw+TINS,0,0,0
4,far,123,log_score_L2_norm+TINS,0,0,0
4,far,123,log_score_L2_cdf+TINS,0,0,0
4,far,123,log_score_L2_plp+TINS,0,0,0
4,far,123,log_score_class_L2_raw+TINS,0,0,0
4,far,123,log_score_class_L2_norm+TINS,0,0,0
4,far,123,log_score_class_L2_cdf+TINS,0,0,0
4,far,123,log_score_class_L2_plp+TINS,0,0,0
4,far,123,log_score_REPRISE_L0_M0+TINS,0,0,0
4,far,123,log_score_REPRISE_L1_M0+TINS,0,0,0
4,far,123,log_score_REPRISE_L2_M0+TINS,0,0,0
4,far,123,log_score_REPRISE_L1_M1+TINS,0,0,0
4,far,123,log_score_REPRISE_L2_M1+TINS,0,0,0
4,near,125,log_score_static,0,0,0
4,near,125,log_score_M0_pt,0,0,0
4,near,125,log_score_M1_pt,0,0,0
4,near,125,log_score_L0_raw,0,0,0
4,near,125,log_score_L0_norm,0,0,0
4,near,125,log_score_L0_cdf,0,0,0
4,near,125,log_score_L0_plp,0,0,0
4,near,125,log_score_L1_raw,0,0,17
4,near,125,log_score_L1_norm,0,0,17
4,near,125,log_score_L1_cdf,0,0,0
4,near,125,log_score_L1_plp,0,0,0
4,near,125,log_score_L2_raw,0,0,17
4,near,125,log_score_L2_norm,0,0,17
4,near,125,log_score_L2_cdf,0,0,0
4,near,125,log_score_L2_plp,0,0,0
4,near,125,log_score_class_L2_raw,0,0,17
4,near,125,log_score_class_L2_norm,0,0,17
4,near,125,log_score_class_L2_cdf,0,0,0
4,near,125,log_score_class_L2_plp,0,0,0
4,near,125,log_score_REPRISE_L0_M0,0,0,0
4,near,125,log_score_REPRISE_L1_M0,0,0,0
4,near,125,log_score_REPRISE_L2_M0,0,0,0
4,near,125,log_score_REPRISE_L1_M1,0,0,0
4,near,125,log_score_REPRISE_L2_M1,0,0,0
4,near,125,log_score_TINS,0,0,0
4,near,125,log_score_static+TINS,0,0,0
4,near,125,log_score_M0_pt+TINS,0,0,0
4,near,125,log_score_M1_pt+TINS,0,0,0
4,near,125,log_score_L0_raw+TINS,0,0,0
4,near,125,log_score_L0_norm+TINS,0,0,0
4,near,125,log_score_L0_cdf+TINS,0,0,0
4,near,125,log_score_L0_plp+TINS,0,0,0
4,near,125,log_score_L1_raw+TINS,0,0,17
4,near,125,log_score_L1_norm+TINS,0,0,17
4,near,125,log_score_L1_cdf+TINS,0,0,0
4,near,125,log_score_L1_plp+TINS,0,0,0
4,near,125,log_score_L2_raw+TINS,0,0,17
4,near,125,log_score_L2_norm+TINS,0,0,17
4,near,125,log_score_L2_cdf+TINS,0,0,0
4,near,125,log_score_L2_plp+TINS,0,0,0
4,near,125,log_score_class_L2_raw+TINS,0,0,17
4,near,125,log_score_class_L2_norm+TINS,0,0,17
4,near,125,log_score_class_L2_cdf+TINS,0,0,0
4,near,125,log_score_class_L2_plp+TINS,0,0,0
4,near,125,log_score_REPRISE_L0_M0+TINS,0,0,0
4,near,125,log_score_REPRISE_L1_M0+TINS,0,0,0
4,near,125,log_score_REPRISE_L2_M0+TINS,0,0,0
4,near,125,log_score_REPRISE_L1_M1+TINS,0,0,0
4,near,125,log_score_REPRISE_L2_M1+TINS,0,0,0
3,far,124,log_score_static,0,0,0
3,far,124,log_score_M0_pt,0,0,0
3,far,124,log_score_M1_pt,0,0,0
3,far,124,log_score_L0_raw,0,0,0
3,far,124,log_score_L0_norm,0,0,0
3,far,124,log_score_L0_cdf,0,0,0
3,far,124,log_score_L0_plp,0,0,0
3,far,124,log_score_L1_raw,0,0,0
3,far,124,log_score_L1_norm,0,0,0
3,far,124,log_score_L1_cdf,0,0,0
3,far,124,log_score_L1_plp,0,0,0
3,far,124,log_score_L2_raw,0,0,0
3,far,124,log_score_L2_norm,0,0,0
3,far,124,log_score_L2_cdf,0,0,0
3,far,124,log_score_L2_plp,0,0,0
3,far,124,log_score_class_L2_raw,0,0,0
3,far,124,log_score_class_L2_norm,0,0,0
3,far,124,log_score_class_L2_cdf,0,0,0
3,far,124,log_score_class_L2_plp,0,0,0
3,far,124,log_score_REPRISE_L0_M0,0,0,0
3,far,124,log_score_REPRISE_L1_M0,0,0,0
3,far,124,log_score_REPRISE_L2_M0,0,0,0
3,far,124,log_score_REPRISE_L1_M1,0,0,0
3,far,124,log_score_REPRISE_L2_M1,0,0,0
3,far,124,log_score_TINS,0,0,0
3,far,124,log_score_static+TINS,0,0,0
3,far,124,log_score_M0_pt+TINS,0,0,0
3,far,124,log_score_M1_pt+TINS,0,0,0
3,far,124,log_score_L0_raw+TINS,0,0,0
3,far,124,log_score_L0_norm+TINS,0,0,0
3,far,124,log_score_L0_cdf+TINS,0,0,0
3,far,124,log_score_L0_plp+TINS,0,0,0
3,far,124,log_score_L1_raw+TINS,0,0,0
3,far,124,log_score_L1_norm+TINS,0,0,0
3,far,124,log_score_L1_cdf+TINS,0,0,0
3,far,124,log_score_L1_plp+TINS,0,0,0
3,far,124,log_score_L2_raw+TINS,0,0,0
3,far,124,log_score_L2_norm+TINS,0,0,0
3,far,124,log_score_L2_cdf+TINS,0,0,0
3,far,124,log_score_L2_plp+TINS,0,0,0
3,far,124,log_score_class_L2_raw+TINS,0,0,0
3,far,124,log_score_class_L2_norm+TINS,0,0,0
3,far,124,log_score_class_L2_cdf+TINS,0,0,0
3,far,124,log_score_class_L2_plp+TINS,0,0,0
3,far,124,log_score_REPRISE_L0_M0+TINS,0,0,0
3,far,124,log_score_REPRISE_L1_M0+TINS,0,0,0
3,far,124,log_score_REPRISE_L2_M0+TINS,0,0,0
3,far,124,log_score_REPRISE_L1_M1+TINS,0,0,0
3,far,124,log_score_REPRISE_L2_M1+TINS,0,0,0
1,near,124,log_score_static,0,0,0
1,near,124,log_score_M0_pt,0,0,0
1,near,124,log_score_M1_pt,0,0,0
1,near,124,log_score_L0_raw,0,0,0
1,near,124,log_score_L0_norm,0,0,0
1,near,124,log_score_L0_cdf,0,0,0
1,near,124,log_score_L0_plp,0,0,0
1,near,124,log_score_L1_raw,0,0,7
1,near,124,log_score_L1_norm,0,0,7
1,near,124,log_score_L1_cdf,0,0,0
1,near,124,log_score_L1_plp,0,0,0
1,near,124,log_score_L2_raw,0,0,7
1,near,124,log_score_L2_norm,0,0,7
1,near,124,log_score_L2_cdf,0,0,0
1,near,124,log_score_L2_plp,0,0,0
1,near,124,log_score_class_L2_raw,0,0,7
1,near,124,log_score_class_L2_norm,0,0,7
1,near,124,log_score_class_L2_cdf,0,0,0
1,near,124,log_score_class_L2_plp,0,0,0
1,near,124,log_score_REPRISE_L0_M0,0,0,0
1,near,124,log_score_REPRISE_L1_M0,0,0,0
1,near,124,log_score_REPRISE_L2_M0,0,0,0
1,near,124,log_score_REPRISE_L1_M1,0,0,0
1,near,124,log_score_REPRISE_L2_M1,0,0,0
1,near,124,log_score_TINS,0,0,0
1,near,124,log_score_static+TINS,0,0,0
1,near,124,log_score_M0_pt+TINS,0,0,0
1,near,124,log_score_M1_pt+TINS,0,0,0
1,near,124,log_score_L0_raw+TINS,0,0,0
1,near,124,log_score_L0_norm+TINS,0,0,0
1,near,124,log_score_L0_cdf+TINS,0,0,0
1,near,124,log_score_L0_plp+TINS,0,0,0
1,near,124,log_score_L1_raw+TINS,0,0,7
1,near,124,log_score_L1_norm+TINS,0,0,7
1,near,124,log_score_L1_cdf+TINS,0,0,0
1,near,124,log_score_L1_plp+TINS,0,0,0
1,near,124,log_score_L2_raw+TINS,0,0,7
1,near,124,log_score_L2_norm+TINS,0,0,7
1,near,124,log_score_L2_cdf+TINS,0,0,0
1,near,124,log_score_L2_plp+TINS,0,0,0
1,near,124,log_score_class_L2_raw+TINS,0,0,7
1,near,124,log_score_class_L2_norm+TINS,0,0,7
1,near,124,log_score_class_L2_cdf+TINS,0,0,0
1,near,124,log_score_class_L2_plp+TINS,0,0,0
1,near,124,log_score_REPRISE_L0_M0+TINS,0,0,0
1,near,124,log_score_REPRISE_L1_M0+TINS,0,0,0
1,near,124,log_score_REPRISE_L2_M0+TINS,0,0,0
1,near,124,log_score_REPRISE_L1_M1+TINS,0,0,0
1,near,124,log_score_REPRISE_L2_M1+TINS,0,0,0
2,near,124,log_score_static,0,0,0
2,near,124,log_score_M0_pt,0,0,0
2,near,124,log_score_M1_pt,0,0,0
2,near,124,log_score_L0_raw,0,0,0
2,near,124,log_score_L0_norm,0,0,0
2,near,124,log_score_L0_cdf,0,0,0
2,near,124,log_score_L0_plp,0,0,0
2,near,124,log_score_L1_raw,0,0,13
2,near,124,log_score_L1_norm,0,0,13
2,near,124,log_score_L1_cdf,0,0,0
2,near,124,log_score_L1_plp,0,0,0
2,near,124,log_score_L2_raw,0,0,13
2,near,124,log_score_L2_norm,0,0,13
2,near,124,log_score_L2_cdf,0,0,0
2,near,124,log_score_L2_plp,0,0,0
2,near,124,log_score_class_L2_raw,0,0,13
2,near,124,log_score_class_L2_norm,0,0,13
2,near,124,log_score_class_L2_cdf,0,0,0
2,near,124,log_score_class_L2_plp,0,0,0
2,near,124,log_score_REPRISE_L0_M0,0,0,0
2,near,124,log_score_REPRISE_L1_M0,0,0,0
2,near,124,log_score_REPRISE_L2_M0,0,0,0
2,near,124,log_score_REPRISE_L1_M1,0,0,0
2,near,124,log_score_REPRISE_L2_M1,0,0,0
2,near,124,log_score_TINS,0,0,0
2,near,124,log_score_static+TINS,0,0,0
2,near,124,log_score_M0_pt+TINS,0,0,0
2,near,124,log_score_M1_pt+TINS,0,0,0
2,near,124,log_score_L0_raw+TINS,0,0,0
2,near,124,log_score_L0_norm+TINS,0,0,0
2,near,124,log_score_L0_cdf+TINS,0,0,0
2,near,124,log_score_L0_plp+TINS,0,0,0
2,near,124,log_score_L1_raw+TINS,0,0,13
2,near,124,log_score_L1_norm+TINS,0,0,13
2,near,124,log_score_L1_cdf+TINS,0,0,0
2,near,124,log_score_L1_plp+TINS,0,0,0
2,near,124,log_score_L2_raw+TINS,0,0,13
2,near,124,log_score_L2_norm+TINS,0,0,13
2,near,124,log_score_L2_cdf+TINS,0,0,0
2,near,124,log_score_L2_plp+TINS,0,0,0
2,near,124,log_score_class_L2_raw+TINS,0,0,13
2,near,124,log_score_class_L2_norm+TINS,0,0,13
2,near,124,log_score_class_L2_cdf+TINS,0,0,0
2,near,124,log_score_class_L2_plp+TINS,0,0,0
2,near,124,log_score_REPRISE_L0_M0+TINS,0,0,0
2,near,124,log_score_REPRISE_L1_M0+TINS,0,0,0
2,near,124,log_score_REPRISE_L2_M0+TINS,0,0,0
2,near,124,log_score_REPRISE_L1_M1+TINS,0,0,0
2,near,124,log_score_REPRISE_L2_M1+TINS,0,0,0
1,far,124,log_score_static,0,0,0
1,far,124,log_score_M0_pt,0,0,0
1,far,124,log_score_M1_pt,0,0,0
1,far,124,log_score_L0_raw,0,0,0
1,far,124,log_score_L0_norm,0,0,0
1,far,124,log_score_L0_cdf,0,0,0
1,far,124,log_score_L0_plp,0,0,0
1,far,124,log_score_L1_raw,0,0,0
1,far,124,log_score_L1_norm,0,0,0
1,far,124,log_score_L1_cdf,0,0,0
1,far,124,log_score_L1_plp,0,0,0
1,far,124,log_score_L2_raw,0,0,0
1,far,124,log_score_L2_norm,0,0,0
1,far,124,log_score_L2_cdf,0,0,0
1,far,124,log_score_L2_plp,0,0,0
1,far,124,log_score_class_L2_raw,0,0,0
1,far,124,log_score_class_L2_norm,0,0,0
1,far,124,log_score_class_L2_cdf,0,0,0
1,far,124,log_score_class_L2_plp,0,0,0
1,far,124,log_score_REPRISE_L0_M0,0,0,0
1,far,124,log_score_REPRISE_L1_M0,0,0,0
1,far,124,log_score_REPRISE_L2_M0,0,0,0
1,far,124,log_score_REPRISE_L1_M1,0,0,0
1,far,124,log_score_REPRISE_L2_M1,0,0,0
1,far,124,log_score_TINS,0,0,0
1,far,124,log_score_static+TINS,0,0,0
1,far,124,log_score_M0_pt+TINS,0,0,0
1,far,124,log_score_M1_pt+TINS,0,0,0
1,far,124,log_score_L0_raw+TINS,0,0,0
1,far,124,log_score_L0_norm+TINS,0,0,0
1,far,124,log_score_L0_cdf+TINS,0,0,0
1,far,124,log_score_L0_plp+TINS,0,0,0
1,far,124,log_score_L1_raw+TINS,0,0,0
1,far,124,log_score_L1_norm+TINS,0,0,0
1,far,124,log_score_L1_cdf+TINS,0,0,0
1,far,124,log_score_L1_plp+TINS,0,0,0
1,far,124,log_score_L2_raw+TINS,0,0,0
1,far,124,log_score_L2_norm+TINS,0,0,0
1,far,124,log_score_L2_cdf+TINS,0,0,0
1,far,124,log_score_L2_plp+TINS,0,0,0
1,far,124,log_score_class_L2_raw+TINS,0,0,0
1,far,124,log_score_class_L2_norm+TINS,0,0,0
1,far,124,log_score_class_L2_cdf+TINS,0,0,0
1,far,124,log_score_class_L2_plp+TINS,0,0,0
1,far,124,log_score_REPRISE_L0_M0+TINS,0,0,0
1,far,124,log_score_REPRISE_L1_M0+TINS,0,0,0
1,far,124,log_score_REPRISE_L2_M0+TINS,0,0,0
1,far,124,log_score_REPRISE_L1_M1+TINS,0,0,0
1,far,124,log_score_REPRISE_L2_M1+TINS,0,0,0
0,near,123,log_score_static,0,0,0
0,near,123,log_score_M0_pt,0,0,0
0,near,123,log_score_M1_pt,0,0,0
0,near,123,log_score_L0_raw,0,0,0
0,near,123,log_score_L0_norm,0,0,0
0,near,123,log_score_L0_cdf,0,0,0
0,near,123,log_score_L0_plp,0,0,0
0,near,123,log_score_L1_raw,0,0,44
0,near,123,log_score_L1_norm,0,0,44
0,near,123,log_score_L1_cdf,0,0,0
0,near,123,log_score_L1_plp,0,0,0
0,near,123,log_score_L2_raw,0,0,44
0,near,123,log_score_L2_norm,0,0,44
0,near,123,log_score_L2_cdf,0,0,0
0,near,123,log_score_L2_plp,0,0,0
0,near,123,log_score_class_L2_raw,0,0,44
0,near,123,log_score_class_L2_norm,0,0,44
0,near,123,log_score_class_L2_cdf,0,0,0
0,near,123,log_score_class_L2_plp,0,0,0
0,near,123,log_score_REPRISE_L0_M0,0,0,0
0,near,123,log_score_REPRISE_L1_M0,0,0,0
0,near,123,log_score_REPRISE_L2_M0,0,0,0
0,near,123,log_score_REPRISE_L1_M1,0,0,0
0,near,123,log_score_REPRISE_L2_M1,0,0,0
0,near,123,log_score_TINS,0,0,0
0,near,123,log_score_static+TINS,0,0,0
0,near,123,log_score_M0_pt+TINS,0,0,0
0,near,123,log_score_M1_pt+TINS,0,0,0
0,near,123,log_score_L0_raw+TINS,0,0,0
0,near,123,log_score_L0_norm+TINS,0,0,0
0,near,123,log_score_L0_cdf+TINS,0,0,0
0,near,123,log_score_L0_plp+TINS,0,0,0
0,near,123,log_score_L1_raw+TINS,0,0,44
0,near,123,log_score_L1_norm+TINS,0,0,44
0,near,123,log_score_L1_cdf+TINS,0,0,0
0,near,123,log_score_L1_plp+TINS,0,0,0
0,near,123,log_score_L2_raw+TINS,0,0,44
0,near,123,log_score_L2_norm+TINS,0,0,44
0,near,123,log_score_L2_cdf+TINS,0,0,0
0,near,123,log_score_L2_plp+TINS,0,0,0
0,near,123,log_score_class_L2_raw+TINS,0,0,44
0,near,123,log_score_class_L2_norm+TINS,0,0,44
0,near,123,log_score_class_L2_cdf+TINS,0,0,0
0,near,123,log_score_class_L2_plp+TINS,0,0,0
0,near,123,log_score_REPRISE_L0_M0+TINS,0,0,0
0,near,123,log_score_REPRISE_L1_M0+TINS,0,0,0
0,near,123,log_score_REPRISE_L2_M0+TINS,0,0,0
0,near,123,log_score_REPRISE_L1_M1+TINS,0,0,0
0,near,123,log_score_REPRISE_L2_M1+TINS,0,0,0
1,near,125,log_score_static,0,0,0
1,near,125,log_score_M0_pt,0,0,0
1,near,125,log_score_M1_pt,0,0,0
1,near,125,log_score_L0_raw,0,0,0
1,near,125,log_score_L0_norm,0,0,0
1,near,125,log_score_L0_cdf,0,0,0
1,near,125,log_score_L0_plp,0,0,0
1,near,125,log_score_L1_raw,0,0,13
1,near,125,log_score_L1_norm,0,0,13
1,near,125,log_score_L1_cdf,0,0,0
1,near,125,log_score_L1_plp,0,0,0
1,near,125,log_score_L2_raw,0,0,13
1,near,125,log_score_L2_norm,0,0,13
1,near,125,log_score_L2_cdf,0,0,0
1,near,125,log_score_L2_plp,0,0,0
1,near,125,log_score_class_L2_raw,0,0,13
1,near,125,log_score_class_L2_norm,0,0,13
1,near,125,log_score_class_L2_cdf,0,0,0
1,near,125,log_score_class_L2_plp,0,0,0
1,near,125,log_score_REPRISE_L0_M0,0,0,0
1,near,125,log_score_REPRISE_L1_M0,0,0,0
1,near,125,log_score_REPRISE_L2_M0,0,0,0
1,near,125,log_score_REPRISE_L1_M1,0,0,0
1,near,125,log_score_REPRISE_L2_M1,0,0,0
1,near,125,log_score_TINS,0,0,0
1,near,125,log_score_static+TINS,0,0,0
1,near,125,log_score_M0_pt+TINS,0,0,0
1,near,125,log_score_M1_pt+TINS,0,0,0
1,near,125,log_score_L0_raw+TINS,0,0,0
1,near,125,log_score_L0_norm+TINS,0,0,0
1,near,125,log_score_L0_cdf+TINS,0,0,0
1,near,125,log_score_L0_plp+TINS,0,0,0
1,near,125,log_score_L1_raw+TINS,0,0,13
1,near,125,log_score_L1_norm+TINS,0,0,13
1,near,125,log_score_L1_cdf+TINS,0,0,0
1,near,125,log_score_L1_plp+TINS,0,0,0
1,near,125,log_score_L2_raw+TINS,0,0,13
1,near,125,log_score_L2_norm+TINS,0,0,13
1,near,125,log_score_L2_cdf+TINS,0,0,0
1,near,125,log_score_L2_plp+TINS,0,0,0
1,near,125,log_score_class_L2_raw+TINS,0,0,13
1,near,125,log_score_class_L2_norm+TINS,0,0,13
1,near,125,log_score_class_L2_cdf+TINS,0,0,0
1,near,125,log_score_class_L2_plp+TINS,0,0,0
1,near,125,log_score_REPRISE_L0_M0+TINS,0,0,0
1,near,125,log_score_REPRISE_L1_M0+TINS,0,0,0
1,near,125,log_score_REPRISE_L2_M0+TINS,0,0,0
1,near,125,log_score_REPRISE_L1_M1+TINS,0,0,0
1,near,125,log_score_REPRISE_L2_M1+TINS,0,0,0
2,far,125,log_score_static,0,0,0
2,far,125,log_score_M0_pt,0,0,0
2,far,125,log_score_M1_pt,0,0,0
2,far,125,log_score_L0_raw,0,0,0
2,far,125,log_score_L0_norm,0,0,0
2,far,125,log_score_L0_cdf,0,0,0
2,far,125,log_score_L0_plp,0,0,0
2,far,125,log_score_L1_raw,0,0,0
2,far,125,log_score_L1_norm,0,0,0
2,far,125,log_score_L1_cdf,0,0,0
2,far,125,log_score_L1_plp,0,0,0
2,far,125,log_score_L2_raw,0,0,0
2,far,125,log_score_L2_norm,0,0,0
2,far,125,log_score_L2_cdf,0,0,0
2,far,125,log_score_L2_plp,0,0,0
2,far,125,log_score_class_L2_raw,0,0,0
2,far,125,log_score_class_L2_norm,0,0,0
2,far,125,log_score_class_L2_cdf,0,0,0
2,far,125,log_score_class_L2_plp,0,0,0
2,far,125,log_score_REPRISE_L0_M0,0,0,0
2,far,125,log_score_REPRISE_L1_M0,0,0,0
2,far,125,log_score_REPRISE_L2_M0,0,0,0
2,far,125,log_score_REPRISE_L1_M1,0,0,0
2,far,125,log_score_REPRISE_L2_M1,0,0,0
2,far,125,log_score_TINS,0,0,0
2,far,125,log_score_static+TINS,0,0,0
2,far,125,log_score_M0_pt+TINS,0,0,0
2,far,125,log_score_M1_pt+TINS,0,0,0
2,far,125,log_score_L0_raw+TINS,0,0,0
2,far,125,log_score_L0_norm+TINS,0,0,0
2,far,125,log_score_L0_cdf+TINS,0,0,0
2,far,125,log_score_L0_plp+TINS,0,0,0
2,far,125,log_score_L1_raw+TINS,0,0,0
2,far,125,log_score_L1_norm+TINS,0,0,0
2,far,125,log_score_L1_cdf+TINS,0,0,0
2,far,125,log_score_L1_plp+TINS,0,0,0
2,far,125,log_score_L2_raw+TINS,0,0,0
2,far,125,log_score_L2_norm+TINS,0,0,0
2,far,125,log_score_L2_cdf+TINS,0,0,0
2,far,125,log_score_L2_plp+TINS,0,0,0
2,far,125,log_score_class_L2_raw+TINS,0,0,0
2,far,125,log_score_class_L2_norm+TINS,0,0,0
2,far,125,log_score_class_L2_cdf+TINS,0,0,0
2,far,125,log_score_class_L2_plp+TINS,0,0,0
2,far,125,log_score_REPRISE_L0_M0+TINS,0,0,0
2,far,125,log_score_REPRISE_L1_M0+TINS,0,0,0
2,far,125,log_score_REPRISE_L2_M0+TINS,0,0,0
2,far,125,log_score_REPRISE_L1_M1+TINS,0,0,0
2,far,125,log_score_REPRISE_L2_M1+TINS,0,0,0
1,far,123,log_score_static,0,0,0
1,far,123,log_score_M0_pt,0,0,0
1,far,123,log_score_M1_pt,0,0,0
1,far,123,log_score_L0_raw,0,0,0
1,far,123,log_score_L0_norm,0,0,0
1,far,123,log_score_L0_cdf,0,0,0
1,far,123,log_score_L0_plp,0,0,0
1,far,123,log_score_L1_raw,0,0,0
1,far,123,log_score_L1_norm,0,0,0
1,far,123,log_score_L1_cdf,0,0,0
1,far,123,log_score_L1_plp,0,0,0
1,far,123,log_score_L2_raw,0,0,0
1,far,123,log_score_L2_norm,0,0,0
1,far,123,log_score_L2_cdf,0,0,0
1,far,123,log_score_L2_plp,0,0,0
1,far,123,log_score_class_L2_raw,0,0,0
1,far,123,log_score_class_L2_norm,0,0,0
1,far,123,log_score_class_L2_cdf,0,0,0
1,far,123,log_score_class_L2_plp,0,0,0
1,far,123,log_score_REPRISE_L0_M0,0,0,0
1,far,123,log_score_REPRISE_L1_M0,0,0,0
1,far,123,log_score_REPRISE_L2_M0,0,0,0
1,far,123,log_score_REPRISE_L1_M1,0,0,0
1,far,123,log_score_REPRISE_L2_M1,0,0,0
1,far,123,log_score_TINS,0,0,0
1,far,123,log_score_static+TINS,0,0,0
1,far,123,log_score_M0_pt+TINS,0,0,0
1,far,123,log_score_M1_pt+TINS,0,0,0
1,far,123,log_score_L0_raw+TINS,0,0,0
1,far,123,log_score_L0_norm+TINS,0,0,0
1,far,123,log_score_L0_cdf+TINS,0,0,0
1,far,123,log_score_L0_plp+TINS,0,0,0
1,far,123,log_score_L1_raw+TINS,0,0,0
1,far,123,log_score_L1_norm+TINS,0,0,0
1,far,123,log_score_L1_cdf+TINS,0,0,0
1,far,123,log_score_L1_plp+TINS,0,0,0
1,far,123,log_score_L2_raw+TINS,0,0,0
1,far,123,log_score_L2_norm+TINS,0,0,0
1,far,123,log_score_L2_cdf+TINS,0,0,0
1,far,123,log_score_L2_plp+TINS,0,0,0
1,far,123,log_score_class_L2_raw+TINS,0,0,0
1,far,123,log_score_class_L2_norm+TINS,0,0,0
1,far,123,log_score_class_L2_cdf+TINS,0,0,0
1,far,123,log_score_class_L2_plp+TINS,0,0,0
1,far,123,log_score_REPRISE_L0_M0+TINS,0,0,0
1,far,123,log_score_REPRISE_L1_M0+TINS,0,0,0
1,far,123,log_score_REPRISE_L2_M0+TINS,0,0,0
1,far,123,log_score_REPRISE_L1_M1+TINS,0,0,0
1,far,123,log_score_REPRISE_L2_M1+TINS,0,0,0
0,far,124,log_score_static,0,0,0
0,far,124,log_score_M0_pt,0,0,0
0,far,124,log_score_M1_pt,0,0,0
0,far,124,log_score_L0_raw,0,0,0
0,far,124,log_score_L0_norm,0,0,0
0,far,124,log_score_L0_cdf,0,0,0
0,far,124,log_score_L0_plp,0,0,0
0,far,124,log_score_L1_raw,0,0,0
0,far,124,log_score_L1_norm,0,0,0
0,far,124,log_score_L1_cdf,0,0,0
0,far,124,log_score_L1_plp,0,0,0
0,far,124,log_score_L2_raw,0,0,0
0,far,124,log_score_L2_norm,0,0,0
0,far,124,log_score_L2_cdf,0,0,0
0,far,124,log_score_L2_plp,0,0,0
0,far,124,log_score_class_L2_raw,0,0,0
0,far,124,log_score_class_L2_norm,0,0,0
0,far,124,log_score_class_L2_cdf,0,0,0
0,far,124,log_score_class_L2_plp,0,0,0
0,far,124,log_score_REPRISE_L0_M0,0,0,0
0,far,124,log_score_REPRISE_L1_M0,0,0,0
0,far,124,log_score_REPRISE_L2_M0,0,0,0
0,far,124,log_score_REPRISE_L1_M1,0,0,0
0,far,124,log_score_REPRISE_L2_M1,0,0,0
0,far,124,log_score_TINS,0,0,0
0,far,124,log_score_static+TINS,0,0,0
0,far,124,log_score_M0_pt+TINS,0,0,0
0,far,124,log_score_M1_pt+TINS,0,0,0
0,far,124,log_score_L0_raw+TINS,0,0,0
0,far,124,log_score_L0_norm+TINS,0,0,0
0,far,124,log_score_L0_cdf+TINS,0,0,0
0,far,124,log_score_L0_plp+TINS,0,0,0
0,far,124,log_score_L1_raw+TINS,0,0,0
0,far,124,log_score_L1_norm+TINS,0,0,0
0,far,124,log_score_L1_cdf+TINS,0,0,0
0,far,124,log_score_L1_plp+TINS,0,0,0
0,far,124,log_score_L2_raw+TINS,0,0,0
0,far,124,log_score_L2_norm+TINS,0,0,0
0,far,124,log_score_L2_cdf+TINS,0,0,0
0,far,124,log_score_L2_plp+TINS,0,0,0
0,far,124,log_score_class_L2_raw+TINS,0,0,0
0,far,124,log_score_class_L2_norm+TINS,0,0,0
0,far,124,log_score_class_L2_cdf+TINS,0,0,0
0,far,124,log_score_class_L2_plp+TINS,0,0,0
0,far,124,log_score_REPRISE_L0_M0+TINS,0,0,0
0,far,124,log_score_REPRISE_L1_M0+TINS,0,0,0
0,far,124,log_score_REPRISE_L2_M0+TINS,0,0,0
0,far,124,log_score_REPRISE_L1_M1+TINS,0,0,0
0,far,124,log_score_REPRISE_L2_M1+TINS,0,0,0
0,near,124,log_score_static,0,0,0
0,near,124,log_score_M0_pt,0,0,0
0,near,124,log_score_M1_pt,0,0,0
0,near,124,log_score_L0_raw,0,0,0
0,near,124,log_score_L0_norm,0,0,0
0,near,124,log_score_L0_cdf,0,0,0
0,near,124,log_score_L0_plp,0,0,0
0,near,124,log_score_L1_raw,0,0,7
0,near,124,log_score_L1_norm,0,0,7
0,near,124,log_score_L1_cdf,0,0,0
0,near,124,log_score_L1_plp,0,0,0
0,near,124,log_score_L2_raw,0,0,7
0,near,124,log_score_L2_norm,0,0,7
0,near,124,log_score_L2_cdf,0,0,0
0,near,124,log_score_L2_plp,0,0,0
0,near,124,log_score_class_L2_raw,0,0,7
0,near,124,log_score_class_L2_norm,0,0,7
0,near,124,log_score_class_L2_cdf,0,0,0
0,near,124,log_score_class_L2_plp,0,0,0
0,near,124,log_score_REPRISE_L0_M0,0,0,0
0,near,124,log_score_REPRISE_L1_M0,0,0,0
0,near,124,log_score_REPRISE_L2_M0,0,0,0
0,near,124,log_score_REPRISE_L1_M1,0,0,0
0,near,124,log_score_REPRISE_L2_M1,0,0,0
0,near,124,log_score_TINS,0,0,0
0,near,124,log_score_static+TINS,0,0,0
0,near,124,log_score_M0_pt+TINS,0,0,0
0,near,124,log_score_M1_pt+TINS,0,0,0
0,near,124,log_score_L0_raw+TINS,0,0,0
0,near,124,log_score_L0_norm+TINS,0,0,0
0,near,124,log_score_L0_cdf+TINS,0,0,0
0,near,124,log_score_L0_plp+TINS,0,0,0
0,near,124,log_score_L1_raw+TINS,0,0,7
0,near,124,log_score_L1_norm+TINS,0,0,7
0,near,124,log_score_L1_cdf+TINS,0,0,0
0,near,124,log_score_L1_plp+TINS,0,0,0
0,near,124,log_score_L2_raw+TINS,0,0,7
0,near,124,log_score_L2_norm+TINS,0,0,7
0,near,124,log_score_L2_cdf+TINS,0,0,0
0,near,124,log_score_L2_plp+TINS,0,0,0
0,near,124,log_score_class_L2_raw+TINS,0,0,7
0,near,124,log_score_class_L2_norm+TINS,0,0,7
0,near,124,log_score_class_L2_cdf+TINS,0,0,0
0,near,124,log_score_class_L2_plp+TINS,0,0,0
0,near,124,log_score_REPRISE_L0_M0+TINS,0,0,0
0,near,124,log_score_REPRISE_L1_M0+TINS,0,0,0
0,near,124,log_score_REPRISE_L2_M0+TINS,0,0,0
0,near,124,log_score_REPRISE_L1_M1+TINS,0,0,0
0,near,124,log_score_REPRISE_L2_M1+TINS,0,0,0
4,near,123,log_score_static,0,0,0
4,near,123,log_score_M0_pt,0,0,0
4,near,123,log_score_M1_pt,0,0,0
4,near,123,log_score_L0_raw,0,0,0
4,near,123,log_score_L0_norm,0,0,0
4,near,123,log_score_L0_cdf,0,0,0
4,near,123,log_score_L0_plp,0,0,0
4,near,123,log_score_L1_raw,0,0,20
4,near,123,log_score_L1_norm,0,0,20
4,near,123,log_score_L1_cdf,0,0,0
4,near,123,log_score_L1_plp,0,0,0
4,near,123,log_score_L2_raw,0,0,20
4,near,123,log_score_L2_norm,0,0,20
4,near,123,log_score_L2_cdf,0,0,0
4,near,123,log_score_L2_plp,0,0,0
4,near,123,log_score_class_L2_raw,0,0,20
4,near,123,log_score_class_L2_norm,0,0,20
4,near,123,log_score_class_L2_cdf,0,0,0
4,near,123,log_score_class_L2_plp,0,0,0
4,near,123,log_score_REPRISE_L0_M0,0,0,0
4,near,123,log_score_REPRISE_L1_M0,0,0,0
4,near,123,log_score_REPRISE_L2_M0,0,0,0
4,near,123,log_score_REPRISE_L1_M1,0,0,0
4,near,123,log_score_REPRISE_L2_M1,0,0,0
4,near,123,log_score_TINS,0,0,0
4,near,123,log_score_static+TINS,0,0,0
4,near,123,log_score_M0_pt+TINS,0,0,0
4,near,123,log_score_M1_pt+TINS,0,0,0
4,near,123,log_score_L0_raw+TINS,0,0,0
4,near,123,log_score_L0_norm+TINS,0,0,0
4,near,123,log_score_L0_cdf+TINS,0,0,0
4,near,123,log_score_L0_plp+TINS,0,0,0
4,near,123,log_score_L1_raw+TINS,0,0,20
4,near,123,log_score_L1_norm+TINS,0,0,20
4,near,123,log_score_L1_cdf+TINS,0,0,0
4,near,123,log_score_L1_plp+TINS,0,0,0
4,near,123,log_score_L2_raw+TINS,0,0,20
4,near,123,log_score_L2_norm+TINS,0,0,20
4,near,123,log_score_L2_cdf+TINS,0,0,0
4,near,123,log_score_L2_plp+TINS,0,0,0
4,near,123,log_score_class_L2_raw+TINS,0,0,20
4,near,123,log_score_class_L2_norm+TINS,0,0,20
4,near,123,log_score_class_L2_cdf+TINS,0,0,0
4,near,123,log_score_class_L2_plp+TINS,0,0,0
4,near,123,log_score_REPRISE_L0_M0+TINS,0,0,0
4,near,123,log_score_REPRISE_L1_M0+TINS,0,0,0
4,near,123,log_score_REPRISE_L2_M0+TINS,0,0,0
4,near,123,log_score_REPRISE_L1_M1+TINS,0,0,0
4,near,123,log_score_REPRISE_L2_M1+TINS,0,0,0
4,near,124,log_score_static,0,0,0
4,near,124,log_score_M0_pt,0,0,0
4,near,124,log_score_M1_pt,0,0,0
4,near,124,log_score_L0_raw,0,0,0
4,near,124,log_score_L0_norm,0,0,0
4,near,124,log_score_L0_cdf,0,0,0
4,near,124,log_score_L0_plp,0,0,0
4,near,124,log_score_L1_raw,0,0,13
4,near,124,log_score_L1_norm,0,0,13
4,near,124,log_score_L1_cdf,0,0,0
4,near,124,log_score_L1_plp,0,0,0
4,near,124,log_score_L2_raw,0,0,13
4,near,124,log_score_L2_norm,0,0,13
4,near,124,log_score_L2_cdf,0,0,0
4,near,124,log_score_L2_plp,0,0,0
4,near,124,log_score_class_L2_raw,0,0,13
4,near,124,log_score_class_L2_norm,0,0,13
4,near,124,log_score_class_L2_cdf,0,0,0
4,near,124,log_score_class_L2_plp,0,0,0
4,near,124,log_score_REPRISE_L0_M0,0,0,0
4,near,124,log_score_REPRISE_L1_M0,0,0,0
4,near,124,log_score_REPRISE_L2_M0,0,0,0
4,near,124,log_score_REPRISE_L1_M1,0,0,0
4,near,124,log_score_REPRISE_L2_M1,0,0,0
4,near,124,log_score_TINS,0,0,0
4,near,124,log_score_static+TINS,0,0,0
4,near,124,log_score_M0_pt+TINS,0,0,0
4,near,124,log_score_M1_pt+TINS,0,0,0
4,near,124,log_score_L0_raw+TINS,0,0,0
4,near,124,log_score_L0_norm+TINS,0,0,0
4,near,124,log_score_L0_cdf+TINS,0,0,0
4,near,124,log_score_L0_plp+TINS,0,0,0
4,near,124,log_score_L1_raw+TINS,0,0,13
4,near,124,log_score_L1_norm+TINS,0,0,13
4,near,124,log_score_L1_cdf+TINS,0,0,0
4,near,124,log_score_L1_plp+TINS,0,0,0
4,near,124,log_score_L2_raw+TINS,0,0,13
4,near,124,log_score_L2_norm+TINS,0,0,13
4,near,124,log_score_L2_cdf+TINS,0,0,0
4,near,124,log_score_L2_plp+TINS,0,0,0
4,near,124,log_score_class_L2_raw+TINS,0,0,13
4,near,124,log_score_class_L2_norm+TINS,0,0,13
4,near,124,log_score_class_L2_cdf+TINS,0,0,0
4,near,124,log_score_class_L2_plp+TINS,0,0,0
4,near,124,log_score_REPRISE_L0_M0+TINS,0,0,0
4,near,124,log_score_REPRISE_L1_M0+TINS,0,0,0
4,near,124,log_score_REPRISE_L2_M0+TINS,0,0,0
4,near,124,log_score_REPRISE_L1_M1+TINS,0,0,0
4,near,124,log_score_REPRISE_L2_M1+TINS,0,0,0
3,near,124,log_score_static,0,0,0
3,near,124,log_score_M0_pt,0,0,0
3,near,124,log_score_M1_pt,0,0,0
3,near,124,log_score_L0_raw,0,0,0
3,near,124,log_score_L0_norm,0,0,0
3,near,124,log_score_L0_cdf,0,0,0
3,near,124,log_score_L0_plp,0,0,0
3,near,124,log_score_L1_raw,0,0,32
3,near,124,log_score_L1_norm,0,0,32
3,near,124,log_score_L1_cdf,0,0,0
3,near,124,log_score_L1_plp,0,0,0
3,near,124,log_score_L2_raw,0,0,32
3,near,124,log_score_L2_norm,0,0,32
3,near,124,log_score_L2_cdf,0,0,0
3,near,124,log_score_L2_plp,0,0,0
3,near,124,log_score_class_L2_raw,0,0,32
3,near,124,log_score_class_L2_norm,0,0,32
3,near,124,log_score_class_L2_cdf,0,0,0
3,near,124,log_score_class_L2_plp,0,0,0
3,near,124,log_score_REPRISE_L0_M0,0,0,0
3,near,124,log_score_REPRISE_L1_M0,0,0,0
3,near,124,log_score_REPRISE_L2_M0,0,0,0
3,near,124,log_score_REPRISE_L1_M1,0,0,0
3,near,124,log_score_REPRISE_L2_M1,0,0,0
3,near,124,log_score_TINS,0,0,0
3,near,124,log_score_static+TINS,0,0,0
3,near,124,log_score_M0_pt+TINS,0,0,0
3,near,124,log_score_M1_pt+TINS,0,0,0
3,near,124,log_score_L0_raw+TINS,0,0,0
3,near,124,log_score_L0_norm+TINS,0,0,0
3,near,124,log_score_L0_cdf+TINS,0,0,0
3,near,124,log_score_L0_plp+TINS,0,0,0
3,near,124,log_score_L1_raw+TINS,0,0,32
3,near,124,log_score_L1_norm+TINS,0,0,32
3,near,124,log_score_L1_cdf+TINS,0,0,0
3,near,124,log_score_L1_plp+TINS,0,0,0
3,near,124,log_score_L2_raw+TINS,0,0,32
3,near,124,log_score_L2_norm+TINS,0,0,32
3,near,124,log_score_L2_cdf+TINS,0,0,0
3,near,124,log_score_L2_plp+TINS,0,0,0
3,near,124,log_score_class_L2_raw+TINS,0,0,32
3,near,124,log_score_class_L2_norm+TINS,0,0,32
3,near,124,log_score_class_L2_cdf+TINS,0,0,0
3,near,124,log_score_class_L2_plp+TINS,0,0,0
3,near,124,log_score_REPRISE_L0_M0+TINS,0,0,0
3,near,124,log_score_REPRISE_L1_M0+TINS,0,0,0
3,near,124,log_score_REPRISE_L2_M0+TINS,0,0,0
3,near,124,log_score_REPRISE_L1_M1+TINS,0,0,0
3,near,124,log_score_REPRISE_L2_M1+TINS,0,0,0
1,near,123,log_score_static,0,0,0
1,near,123,log_score_M0_pt,0,0,0
1,near,123,log_score_M1_pt,0,0,0
1,near,123,log_score_L0_raw,0,0,0
1,near,123,log_score_L0_norm,0,0,0
1,near,123,log_score_L0_cdf,0,0,0
1,near,123,log_score_L0_plp,0,0,0
1,near,123,log_score_L1_raw,0,0,30
1,near,123,log_score_L1_norm,0,0,30
1,near,123,log_score_L1_cdf,0,0,0
1,near,123,log_score_L1_plp,0,0,0
1,near,123,log_score_L2_raw,0,0,30
1,near,123,log_score_L2_norm,0,0,30
1,near,123,log_score_L2_cdf,0,0,0
1,near,123,log_score_L2_plp,0,0,0
1,near,123,log_score_class_L2_raw,0,0,30
1,near,123,log_score_class_L2_norm,0,0,30
1,near,123,log_score_class_L2_cdf,0,0,0
1,near,123,log_score_class_L2_plp,0,0,0
1,near,123,log_score_REPRISE_L0_M0,0,0,0
1,near,123,log_score_REPRISE_L1_M0,0,0,0
1,near,123,log_score_REPRISE_L2_M0,0,0,0
1,near,123,log_score_REPRISE_L1_M1,0,0,0
1,near,123,log_score_REPRISE_L2_M1,0,0,0
1,near,123,log_score_TINS,0,0,0
1,near,123,log_score_static+TINS,0,0,0
1,near,123,log_score_M0_pt+TINS,0,0,0
1,near,123,log_score_M1_pt+TINS,0,0,0
1,near,123,log_score_L0_raw+TINS,0,0,0
1,near,123,log_score_L0_norm+TINS,0,0,0
1,near,123,log_score_L0_cdf+TINS,0,0,0
1,near,123,log_score_L0_plp+TINS,0,0,0
1,near,123,log_score_L1_raw+TINS,0,0,30
1,near,123,log_score_L1_norm+TINS,0,0,30
1,near,123,log_score_L1_cdf+TINS,0,0,0
1,near,123,log_score_L1_plp+TINS,0,0,0
1,near,123,log_score_L2_raw+TINS,0,0,30
1,near,123,log_score_L2_norm+TINS,0,0,30
1,near,123,log_score_L2_cdf+TINS,0,0,0
1,near,123,log_score_L2_plp+TINS,0,0,0
1,near,123,log_score_class_L2_raw+TINS,0,0,30
1,near,123,log_score_class_L2_norm+TINS,0,0,30
1,near,123,log_score_class_L2_cdf+TINS,0,0,0
1,near,123,log_score_class_L2_plp+TINS,0,0,0
1,near,123,log_score_REPRISE_L0_M0+TINS,0,0,0
1,near,123,log_score_REPRISE_L1_M0+TINS,0,0,0
1,near,123,log_score_REPRISE_L2_M0+TINS,0,0,0
1,near,123,log_score_REPRISE_L1_M1+TINS,0,0,0
1,near,123,log_score_REPRISE_L2_M1+TINS,0,0,0
3,near,123,log_score_static,0,0,0
3,near,123,log_score_M0_pt,0,0,0
3,near,123,log_score_M1_pt,0,0,0
3,near,123,log_score_L0_raw,0,0,0
3,near,123,log_score_L0_norm,0,0,0
3,near,123,log_score_L0_cdf,0,0,0
3,near,123,log_score_L0_plp,0,0,0
3,near,123,log_score_L1_raw,0,0,73
3,near,123,log_score_L1_norm,0,0,73
3,near,123,log_score_L1_cdf,0,0,0
3,near,123,log_score_L1_plp,0,0,0
3,near,123,log_score_L2_raw,0,0,73
3,near,123,log_score_L2_norm,0,0,73
3,near,123,log_score_L2_cdf,0,0,0
3,near,123,log_score_L2_plp,0,0,0
3,near,123,log_score_class_L2_raw,0,0,73
3,near,123,log_score_class_L2_norm,0,0,73
3,near,123,log_score_class_L2_cdf,0,0,0
3,near,123,log_score_class_L2_plp,0,0,0
3,near,123,log_score_REPRISE_L0_M0,0,0,0
3,near,123,log_score_REPRISE_L1_M0,0,0,0
3,near,123,log_score_REPRISE_L2_M0,0,0,0
3,near,123,log_score_REPRISE_L1_M1,0,0,0
3,near,123,log_score_REPRISE_L2_M1,0,0,0
3,near,123,log_score_TINS,0,0,0
3,near,123,log_score_static+TINS,0,0,0
3,near,123,log_score_M0_pt+TINS,0,0,0
3,near,123,log_score_M1_pt+TINS,0,0,0
3,near,123,log_score_L0_raw+TINS,0,0,0
3,near,123,log_score_L0_norm+TINS,0,0,0
3,near,123,log_score_L0_cdf+TINS,0,0,0
3,near,123,log_score_L0_plp+TINS,0,0,0
3,near,123,log_score_L1_raw+TINS,0,0,73
3,near,123,log_score_L1_norm+TINS,0,0,73
3,near,123,log_score_L1_cdf+TINS,0,0,0
3,near,123,log_score_L1_plp+TINS,0,0,0
3,near,123,log_score_L2_raw+TINS,0,0,73
3,near,123,log_score_L2_norm+TINS,0,0,73
3,near,123,log_score_L2_cdf+TINS,0,0,0
3,near,123,log_score_L2_plp+TINS,0,0,0
3,near,123,log_score_class_L2_raw+TINS,0,0,73
3,near,123,log_score_class_L2_norm+TINS,0,0,73
3,near,123,log_score_class_L2_cdf+TINS,0,0,0
3,near,123,log_score_class_L2_plp+TINS,0,0,0
3,near,123,log_score_REPRISE_L0_M0+TINS,0,0,0
3,near,123,log_score_REPRISE_L1_M0+TINS,0,0,0
3,near,123,log_score_REPRISE_L2_M0+TINS,0,0,0
3,near,123,log_score_REPRISE_L1_M1+TINS,0,0,0
3,near,123,log_score_REPRISE_L2_M1+TINS,0,0,0
1,far,125,log_score_static,0,0,0
1,far,125,log_score_M0_pt,0,0,0
1,far,125,log_score_M1_pt,0,0,0
1,far,125,log_score_L0_raw,0,0,0
1,far,125,log_score_L0_norm,0,0,0
1,far,125,log_score_L0_cdf,0,0,0
1,far,125,log_score_L0_plp,0,0,0
1,far,125,log_score_L1_raw,0,0,0
1,far,125,log_score_L1_norm,0,0,0
1,far,125,log_score_L1_cdf,0,0,0
1,far,125,log_score_L1_plp,0,0,0
1,far,125,log_score_L2_raw,0,0,0
1,far,125,log_score_L2_norm,0,0,0
1,far,125,log_score_L2_cdf,0,0,0
1,far,125,log_score_L2_plp,0,0,0
1,far,125,log_score_class_L2_raw,0,0,0
1,far,125,log_score_class_L2_norm,0,0,0
1,far,125,log_score_class_L2_cdf,0,0,0
1,far,125,log_score_class_L2_plp,0,0,0
1,far,125,log_score_REPRISE_L0_M0,0,0,0
1,far,125,log_score_REPRISE_L1_M0,0,0,0
1,far,125,log_score_REPRISE_L2_M0,0,0,0
1,far,125,log_score_REPRISE_L1_M1,0,0,0
1,far,125,log_score_REPRISE_L2_M1,0,0,0
1,far,125,log_score_TINS,0,0,0
1,far,125,log_score_static+TINS,0,0,0
1,far,125,log_score_M0_pt+TINS,0,0,0
1,far,125,log_score_M1_pt+TINS,0,0,0
1,far,125,log_score_L0_raw+TINS,0,0,0
1,far,125,log_score_L0_norm+TINS,0,0,0
1,far,125,log_score_L0_cdf+TINS,0,0,0
1,far,125,log_score_L0_plp+TINS,0,0,0
1,far,125,log_score_L1_raw+TINS,0,0,0
1,far,125,log_score_L1_norm+TINS,0,0,0
1,far,125,log_score_L1_cdf+TINS,0,0,0
1,far,125,log_score_L1_plp+TINS,0,0,0
1,far,125,log_score_L2_raw+TINS,0,0,0
1,far,125,log_score_L2_norm+TINS,0,0,0
1,far,125,log_score_L2_cdf+TINS,0,0,0
1,far,125,log_score_L2_plp+TINS,0,0,0
1,far,125,log_score_class_L2_raw+TINS,0,0,0
1,far,125,log_score_class_L2_norm+TINS,0,0,0
1,far,125,log_score_class_L2_cdf+TINS,0,0,0
1,far,125,log_score_class_L2_plp+TINS,0,0,0
1,far,125,log_score_REPRISE_L0_M0+TINS,0,0,0
1,far,125,log_score_REPRISE_L1_M0+TINS,0,0,0
1,far,125,log_score_REPRISE_L2_M0+TINS,0,0,0
1,far,125,log_score_REPRISE_L1_M1+TINS,0,0,0
1,far,125,log_score_REPRISE_L2_M1+TINS,0,0,0
0,far,125,log_score_static,0,0,0
0,far,125,log_score_M0_pt,0,0,0
0,far,125,log_score_M1_pt,0,0,0
0,far,125,log_score_L0_raw,0,0,0
0,far,125,log_score_L0_norm,0,0,0
0,far,125,log_score_L0_cdf,0,0,0
0,far,125,log_score_L0_plp,0,0,0
0,far,125,log_score_L1_raw,0,0,0
0,far,125,log_score_L1_norm,0,0,0
0,far,125,log_score_L1_cdf,0,0,0
0,far,125,log_score_L1_plp,0,0,0
0,far,125,log_score_L2_raw,0,0,0
0,far,125,log_score_L2_norm,0,0,0
0,far,125,log_score_L2_cdf,0,0,0
0,far,125,log_score_L2_plp,0,0,0
0,far,125,log_score_class_L2_raw,0,0,0
0,far,125,log_score_class_L2_norm,0,0,0
0,far,125,log_score_class_L2_cdf,0,0,0
0,far,125,log_score_class_L2_plp,0,0,0
0,far,125,log_score_REPRISE_L0_M0,0,0,0
0,far,125,log_score_REPRISE_L1_M0,0,0,0
0,far,125,log_score_REPRISE_L2_M0,0,0,0
0,far,125,log_score_REPRISE_L1_M1,0,0,0
0,far,125,log_score_REPRISE_L2_M1,0,0,0
0,far,125,log_score_TINS,0,0,0
0,far,125,log_score_static+TINS,0,0,0
0,far,125,log_score_M0_pt+TINS,0,0,0
0,far,125,log_score_M1_pt+TINS,0,0,0
0,far,125,log_score_L0_raw+TINS,0,0,0
0,far,125,log_score_L0_norm+TINS,0,0,0
0,far,125,log_score_L0_cdf+TINS,0,0,0
0,far,125,log_score_L0_plp+TINS,0,0,0
0,far,125,log_score_L1_raw+TINS,0,0,0
0,far,125,log_score_L1_norm+TINS,0,0,0
0,far,125,log_score_L1_cdf+TINS,0,0,0
0,far,125,log_score_L1_plp+TINS,0,0,0
0,far,125,log_score_L2_raw+TINS,0,0,0
0,far,125,log_score_L2_norm+TINS,0,0,0
0,far,125,log_score_L2_cdf+TINS,0,0,0
0,far,125,log_score_L2_plp+TINS,0,0,0
0,far,125,log_score_class_L2_raw+TINS,0,0,0
0,far,125,log_score_class_L2_norm+TINS,0,0,0
0,far,125,log_score_class_L2_cdf+TINS,0,0,0
0,far,125,log_score_class_L2_plp+TINS,0,0,0
0,far,125,log_score_REPRISE_L0_M0+TINS,0,0,0
0,far,125,log_score_REPRISE_L1_M0+TINS,0,0,0
0,far,125,log_score_REPRISE_L2_M0+TINS,0,0,0
0,far,125,log_score_REPRISE_L1_M1+TINS,0,0,0
0,far,125,log_score_REPRISE_L2_M1+TINS,0,0,0
3,far,123,log_score_static,0,0,0
3,far,123,log_score_M0_pt,0,0,0
3,far,123,log_score_M1_pt,0,0,0
3,far,123,log_score_L0_raw,0,0,0
3,far,123,log_score_L0_norm,0,0,0
3,far,123,log_score_L0_cdf,0,0,0
3,far,123,log_score_L0_plp,0,0,0
3,far,123,log_score_L1_raw,0,0,0
3,far,123,log_score_L1_norm,0,0,0
3,far,123,log_score_L1_cdf,0,0,0
3,far,123,log_score_L1_plp,0,0,0
3,far,123,log_score_L2_raw,0,0,0
3,far,123,log_score_L2_norm,0,0,0
3,far,123,log_score_L2_cdf,0,0,0
3,far,123,log_score_L2_plp,0,0,0
3,far,123,log_score_class_L2_raw,0,0,0
3,far,123,log_score_class_L2_norm,0,0,0
3,far,123,log_score_class_L2_cdf,0,0,0
3,far,123,log_score_class_L2_plp,0,0,0
3,far,123,log_score_REPRISE_L0_M0,0,0,0
3,far,123,log_score_REPRISE_L1_M0,0,0,0
3,far,123,log_score_REPRISE_L2_M0,0,0,0
3,far,123,log_score_REPRISE_L1_M1,0,0,0
3,far,123,log_score_REPRISE_L2_M1,0,0,0
3,far,123,log_score_TINS,0,0,0
3,far,123,log_score_static+TINS,0,0,0
3,far,123,log_score_M0_pt+TINS,0,0,0
3,far,123,log_score_M1_pt+TINS,0,0,0
3,far,123,log_score_L0_raw+TINS,0,0,0
3,far,123,log_score_L0_norm+TINS,0,0,0
3,far,123,log_score_L0_cdf+TINS,0,0,0
3,far,123,log_score_L0_plp+TINS,0,0,0
3,far,123,log_score_L1_raw+TINS,0,0,0
3,far,123,log_score_L1_norm+TINS,0,0,0
3,far,123,log_score_L1_cdf+TINS,0,0,0
3,far,123,log_score_L1_plp+TINS,0,0,0
3,far,123,log_score_L2_raw+TINS,0,0,0
3,far,123,log_score_L2_norm+TINS,0,0,0
3,far,123,log_score_L2_cdf+TINS,0,0,0
3,far,123,log_score_L2_plp+TINS,0,0,0
3,far,123,log_score_class_L2_raw+TINS,0,0,0
3,far,123,log_score_class_L2_norm+TINS,0,0,0
3,far,123,log_score_class_L2_cdf+TINS,0,0,0
3,far,123,log_score_class_L2_plp+TINS,0,0,0
3,far,123,log_score_REPRISE_L0_M0+TINS,0,0,0
3,far,123,log_score_REPRISE_L1_M0+TINS,0,0,0
3,far,123,log_score_REPRISE_L2_M0+TINS,0,0,0
3,far,123,log_score_REPRISE_L1_M1+TINS,0,0,0
3,far,123,log_score_REPRISE_L2_M1+TINS,0,0,0
2,far,124,log_score_static,0,0,0
2,far,124,log_score_M0_pt,0,0,0
2,far,124,log_score_M1_pt,0,0,0
2,far,124,log_score_L0_raw,0,0,0
2,far,124,log_score_L0_norm,0,0,0
2,far,124,log_score_L0_cdf,0,0,0
2,far,124,log_score_L0_plp,0,0,0
2,far,124,log_score_L1_raw,0,0,0
2,far,124,log_score_L1_norm,0,0,0
2,far,124,log_score_L1_cdf,0,0,0
2,far,124,log_score_L1_plp,0,0,0
2,far,124,log_score_L2_raw,0,0,0
2,far,124,log_score_L2_norm,0,0,0
2,far,124,log_score_L2_cdf,0,0,0
2,far,124,log_score_L2_plp,0,0,0
2,far,124,log_score_class_L2_raw,0,0,0
2,far,124,log_score_class_L2_norm,0,0,0
2,far,124,log_score_class_L2_cdf,0,0,0
2,far,124,log_score_class_L2_plp,0,0,0
2,far,124,log_score_REPRISE_L0_M0,0,0,0
2,far,124,log_score_REPRISE_L1_M0,0,0,0
2,far,124,log_score_REPRISE_L2_M0,0,0,0
2,far,124,log_score_REPRISE_L1_M1,0,0,0
2,far,124,log_score_REPRISE_L2_M1,0,0,0
2,far,124,log_score_TINS,0,0,0
2,far,124,log_score_static+TINS,0,0,0
2,far,124,log_score_M0_pt+TINS,0,0,0
2,far,124,log_score_M1_pt+TINS,0,0,0
2,far,124,log_score_L0_raw+TINS,0,0,0
2,far,124,log_score_L0_norm+TINS,0,0,0
2,far,124,log_score_L0_cdf+TINS,0,0,0
2,far,124,log_score_L0_plp+TINS,0,0,0
2,far,124,log_score_L1_raw+TINS,0,0,0
2,far,124,log_score_L1_norm+TINS,0,0,0
2,far,124,log_score_L1_cdf+TINS,0,0,0
2,far,124,log_score_L1_plp+TINS,0,0,0
2,far,124,log_score_L2_raw+TINS,0,0,0
2,far,124,log_score_L2_norm+TINS,0,0,0
2,far,124,log_score_L2_cdf+TINS,0,0,0
2,far,124,log_score_L2_plp+TINS,0,0,0
2,far,124,log_score_class_L2_raw+TINS,0,0,0
2,far,124,log_score_class_L2_norm+TINS,0,0,0
2,far,124,log_score_class_L2_cdf+TINS,0,0,0
2,far,124,log_score_class_L2_plp+TINS,0,0,0
2,far,124,log_score_REPRISE_L0_M0+TINS,0,0,0
2,far,124,log_score_REPRISE_L1_M0+TINS,0,0,0
2,far,124,log_score_REPRISE_L2_M0+TINS,0,0,0
2,far,124,log_score_REPRISE_L1_M1+TINS,0,0,0
2,far,124,log_score_REPRISE_L2_M1+TINS,0,0,0
2,near,123,log_score_static,0,0,0
2,near,123,log_score_M0_pt,0,0,0
2,near,123,log_score_M1_pt,0,0,0
2,near,123,log_score_L0_raw,0,0,0
2,near,123,log_score_L0_norm,0,0,0
2,near,123,log_score_L0_cdf,0,0,0
2,near,123,log_score_L0_plp,0,0,0
2,near,123,log_score_L1_raw,0,0,38
2,near,123,log_score_L1_norm,0,0,38
2,near,123,log_score_L1_cdf,0,0,0
2,near,123,log_score_L1_plp,0,0,0
2,near,123,log_score_L2_raw,0,0,38
2,near,123,log_score_L2_norm,0,0,38
2,near,123,log_score_L2_cdf,0,0,0
2,near,123,log_score_L2_plp,0,0,0
2,near,123,log_score_class_L2_raw,0,0,38
2,near,123,log_score_class_L2_norm,0,0,38
2,near,123,log_score_class_L2_cdf,0,0,0
2,near,123,log_score_class_L2_plp,0,0,0
2,near,123,log_score_REPRISE_L0_M0,0,0,0
2,near,123,log_score_REPRISE_L1_M0,0,0,0
2,near,123,log_score_REPRISE_L2_M0,0,0,0
2,near,123,log_score_REPRISE_L1_M1,0,0,0
2,near,123,log_score_REPRISE_L2_M1,0,0,0
2,near,123,log_score_TINS,0,0,0
2,near,123,log_score_static+TINS,0,0,0
2,near,123,log_score_M0_pt+TINS,0,0,0
2,near,123,log_score_M1_pt+TINS,0,0,0
2,near,123,log_score_L0_raw+TINS,0,0,0
2,near,123,log_score_L0_norm+TINS,0,0,0
2,near,123,log_score_L0_cdf+TINS,0,0,0
2,near,123,log_score_L0_plp+TINS,0,0,0
2,near,123,log_score_L1_raw+TINS,0,0,38
2,near,123,log_score_L1_norm+TINS,0,0,38
2,near,123,log_score_L1_cdf+TINS,0,0,0
2,near,123,log_score_L1_plp+TINS,0,0,0
2,near,123,log_score_L2_raw+TINS,0,0,38
2,near,123,log_score_L2_norm+TINS,0,0,38
2,near,123,log_score_L2_cdf+TINS,0,0,0
2,near,123,log_score_L2_plp+TINS,0,0,0
2,near,123,log_score_class_L2_raw+TINS,0,0,38
2,near,123,log_score_class_L2_norm+TINS,0,0,38
2,near,123,log_score_class_L2_cdf+TINS,0,0,0
2,near,123,log_score_class_L2_plp+TINS,0,0,0
2,near,123,log_score_REPRISE_L0_M0+TINS,0,0,0
2,near,123,log_score_REPRISE_L1_M0+TINS,0,0,0
2,near,123,log_score_REPRISE_L2_M0+TINS,0,0,0
2,near,123,log_score_REPRISE_L1_M1+TINS,0,0,0
2,near,123,log_score_REPRISE_L2_M1+TINS,0,0,0
0,far,123,log_score_static,0,0,0
0,far,123,log_score_M0_pt,0,0,0
0,far,123,log_score_M1_pt,0,0,0
0,far,123,log_score_L0_raw,0,0,0
0,far,123,log_score_L0_norm,0,0,0
0,far,123,log_score_L0_cdf,0,0,0
0,far,123,log_score_L0_plp,0,0,0
0,far,123,log_score_L1_raw,0,0,0
0,far,123,log_score_L1_norm,0,0,0
0,far,123,log_score_L1_cdf,0,0,0
0,far,123,log_score_L1_plp,0,0,0
0,far,123,log_score_L2_raw,0,0,0
0,far,123,log_score_L2_norm,0,0,0
0,far,123,log_score_L2_cdf,0,0,0
0,far,123,log_score_L2_plp,0,0,0
0,far,123,log_score_class_L2_raw,0,0,0
0,far,123,log_score_class_L2_norm,0,0,0
0,far,123,log_score_class_L2_cdf,0,0,0
0,far,123,log_score_class_L2_plp,0,0,0
0,far,123,log_score_REPRISE_L0_M0,0,0,0
0,far,123,log_score_REPRISE_L1_M0,0,0,0
0,far,123,log_score_REPRISE_L2_M0,0,0,0
0,far,123,log_score_REPRISE_L1_M1,0,0,0
0,far,123,log_score_REPRISE_L2_M1,0,0,0
0,far,123,log_score_TINS,0,0,0
0,far,123,log_score_static+TINS,0,0,0
0,far,123,log_score_M0_pt+TINS,0,0,0
0,far,123,log_score_M1_pt+TINS,0,0,0
0,far,123,log_score_L0_raw+TINS,0,0,0
0,far,123,log_score_L0_norm+TINS,0,0,0
0,far,123,log_score_L0_cdf+TINS,0,0,0
0,far,123,log_score_L0_plp+TINS,0,0,0
0,far,123,log_score_L1_raw+TINS,0,0,0
0,far,123,log_score_L1_norm+TINS,0,0,0
0,far,123,log_score_L1_cdf+TINS,0,0,0
0,far,123,log_score_L1_plp+TINS,0,0,0
0,far,123,log_score_L2_raw+TINS,0,0,0
0,far,123,log_score_L2_norm+TINS,0,0,0
0,far,123,log_score_L2_cdf+TINS,0,0,0
0,far,123,log_score_L2_plp+TINS,0,0,0
0,far,123,log_score_class_L2_raw+TINS,0,0,0
0,far,123,log_score_class_L2_norm+TINS,0,0,0
0,far,123,log_score_class_L2_cdf+TINS,0,0,0
0,far,123,log_score_class_L2_plp+TINS,0,0,0
0,far,123,log_score_REPRISE_L0_M0+TINS,0,0,0
0,far,123,log_score_REPRISE_L1_M0+TINS,0,0,0
0,far,123,log_score_REPRISE_L2_M0+TINS,0,0,0
0,far,123,log_score_REPRISE_L1_M1+TINS,0,0,0
0,far,123,log_score_REPRISE_L2_M1+TINS,0,0,0
3,far,125,log_score_static,0,0,0
3,far,125,log_score_M0_pt,0,0,0
3,far,125,log_score_M1_pt,0,0,0
3,far,125,log_score_L0_raw,0,0,0
3,far,125,log_score_L0_norm,0,0,0
3,far,125,log_score_L0_cdf,0,0,0
3,far,125,log_score_L0_plp,0,0,0
3,far,125,log_score_L1_raw,0,0,0
3,far,125,log_score_L1_norm,0,0,0
3,far,125,log_score_L1_cdf,0,0,0
3,far,125,log_score_L1_plp,0,0,0
3,far,125,log_score_L2_raw,0,0,0
3,far,125,log_score_L2_norm,0,0,0
3,far,125,log_score_L2_cdf,0,0,0
3,far,125,log_score_L2_plp,0,0,0
3,far,125,log_score_class_L2_raw,0,0,0
3,far,125,log_score_class_L2_norm,0,0,0
3,far,125,log_score_class_L2_cdf,0,0,0
3,far,125,log_score_class_L2_plp,0,0,0
3,far,125,log_score_REPRISE_L0_M0,0,0,0
3,far,125,log_score_REPRISE_L1_M0,0,0,0
3,far,125,log_score_REPRISE_L2_M0,0,0,0
3,far,125,log_score_REPRISE_L1_M1,0,0,0
3,far,125,log_score_REPRISE_L2_M1,0,0,0
3,far,125,log_score_TINS,0,0,0
3,far,125,log_score_static+TINS,0,0,0
3,far,125,log_score_M0_pt+TINS,0,0,0
3,far,125,log_score_M1_pt+TINS,0,0,0
3,far,125,log_score_L0_raw+TINS,0,0,0
3,far,125,log_score_L0_norm+TINS,0,0,0
3,far,125,log_score_L0_cdf+TINS,0,0,0
3,far,125,log_score_L0_plp+TINS,0,0,0
3,far,125,log_score_L1_raw+TINS,0,0,0
3,far,125,log_score_L1_norm+TINS,0,0,0
3,far,125,log_score_L1_cdf+TINS,0,0,0
3,far,125,log_score_L1_plp+TINS,0,0,0
3,far,125,log_score_L2_raw+TINS,0,0,0
3,far,125,log_score_L2_norm+TINS,0,0,0
3,far,125,log_score_L2_cdf+TINS,0,0,0
3,far,125,log_score_L2_plp+TINS,0,0,0
3,far,125,log_score_class_L2_raw+TINS,0,0,0
3,far,125,log_score_class_L2_norm+TINS,0,0,0
3,far,125,log_score_class_L2_cdf+TINS,0,0,0
3,far,125,log_score_class_L2_plp+TINS,0,0,0
3,far,125,log_score_REPRISE_L0_M0+TINS,0,0,0
3,far,125,log_score_REPRISE_L1_M0+TINS,0,0,0
3,far,125,log_score_REPRISE_L2_M0+TINS,0,0,0
3,far,125,log_score_REPRISE_L1_M1+TINS,0,0,0
3,far,125,log_score_REPRISE_L2_M1+TINS,0,0,0
