a,b,stream,metric,mean,lo,hi,n,unit,diagnostic,selection
REPRISE_L0_M0,L0_raw,near,FPR95,-21.562666666666665,-22.01898076693349,-21.106352566399842,5,"support/calibration draw, after averaging matched orders",,
REPRISE_L0_M0,L0_raw,near,AUROC,13.70038592592592,13.446879711964606,13.953892139887234,5,"support/calibration draw, after averaging matched orders",,
REPRISE_L0_M0,L0_raw,far,FPR95,-35.93874078275666,-36.49215552041427,-35.38532604509905,5,"support/calibration draw, after averaging matched orders",,
REPRISE_L0_M0,L0_raw,far,AUROC,12.564962815907226,12.076359512701307,13.053566119113144,5,"support/calibration draw, after averaging matched orders",,
REPRISE_L0_M0,L2_raw,near,FPR95,-21.581333333333333,-22.054412929270082,-21.108253737396584,5,"support/calibration draw, after averaging matched orders",,
REPRISE_L0_M0,L2_raw,near,AUROC,13.69685151851852,13.443532128791805,13.950170908245234,5,"support/calibration draw, after averaging matched orders",,
REPRISE_L0_M0,L2_raw,far,FPR95,-35.919833616940814,-36.470753009856395,-35.36891422402523,5,"support/calibration draw, after averaging matched orders",,
REPRISE_L0_M0,L2_raw,far,AUROC,12.545949139723952,12.057611725074542,13.034286554373361,5,"support/calibration draw, after averaging matched orders",,
REPRISE_L0_M0,class_L2_raw,near,FPR95,-27.54666666666667,-29.08829807243133,-26.005035260902012,5,"support/calibration draw, after averaging matched orders",,
REPRISE_L0_M0,class_L2_raw,near,AUROC,9.962908481481483,9.863188024765913,10.062628938197053,5,"support/calibration draw, after averaging matched orders",,
REPRISE_L0_M0,class_L2_raw,far,FPR95,-27.98638684061259,-30.581633038594983,-25.391140642630194,5,"support/calibration draw, after averaging matched orders",,
REPRISE_L0_M0,class_L2_raw,far,AUROC,6.007339446650277,5.805622062352609,6.209056830947945,5,"support/calibration draw, after averaging matched orders",,
REPRISE_L0_M0,L0_plp,near,FPR95,-6.580000000000001,-7.395537920384712,-5.76446207961529,5,"support/calibration draw, after averaging matched orders",,
REPRISE_L0_M0,L0_plp,near,AUROC,1.9145651111111088,1.7145065285508152,2.1146236936714025,5,"support/calibration draw, after averaging matched orders",,
REPRISE_L0_M0,L0_plp,far,FPR95,-5.3469464927207415,-7.166582997282426,-3.5273099881590566,5,"support/calibration draw, after averaging matched orders",,
REPRISE_L0_M0,L0_plp,far,AUROC,1.2539484464612056,0.8720225121402236,1.6358743807821876,5,"support/calibration draw, after averaging matched orders",,
L0_plp,L0_norm,near,FPR95,-5.215999999999998,-5.740335821583413,-4.691664178416584,5,"support/calibration draw, after averaging matched orders",,
L0_plp,L0_norm,near,AUROC,1.8709701481481478,1.8318728798262924,1.910067416470003,5,"support/calibration draw, after averaging matched orders",,
L0_plp,L0_norm,far,FPR95,-4.942333144261676,-5.265761897065116,-4.618904391458236,5,"support/calibration draw, after averaging matched orders",,
L0_plp,L0_norm,far,AUROC,0.8053165899876074,0.779171256169245,0.8314619238059697,5,"support/calibration draw, after averaging matched orders",,
L0_plp,L0_cdf,near,FPR95,-64.20533333333334,-65.37267947076289,-63.037987195903796,5,"support/calibration draw, after averaging matched orders",,
L0_plp,L0_cdf,near,AUROC,17.520311666666675,15.032812086417957,20.00781124691539,5,"support/calibration draw, after averaging matched orders",,
L0_plp,L0_cdf,far,FPR95,-78.62733976176972,-81.78757350219391,-75.46710602134553,5,"support/calibration draw, after averaging matched orders",,
L0_plp,L0_cdf,far,AUROC,15.693645931808158,13.224398497328915,18.1628933662874,5,"support/calibration draw, after averaging matched orders",,
L1_plp,L0_plp,near,FPR95,-3.565333333333334,-3.8370154188371894,-3.293651247829479,5,"support/calibration draw, after averaging matched orders",,
L1_plp,L0_plp,near,AUROC,0.7015402592592617,0.6503129338493081,0.7527675846692152,5,"support/calibration draw, after averaging matched orders",,
L1_plp,L0_plp,far,FPR95,0.484023444885612,0.3234205206675438,0.6446263691036802,5,"support/calibration draw, after averaging matched orders",,
L1_plp,L0_plp,far,AUROC,-0.18565943992773462,-0.24795546843871846,-0.12336341141675078,5,"support/calibration draw, after averaging matched orders",,
L2_plp,L0_plp,near,FPR95,0.06533333333333266,-0.009944235514764005,0.14061090218142933,5,"support/calibration draw, after averaging matched orders",,
L2_plp,L0_plp,near,AUROC,-0.012736888888889552,-0.014013579749183437,-0.011460198028595667,5,"support/calibration draw, after averaging matched orders",,
L2_plp,L0_plp,far,FPR95,-0.011344299489506682,-0.06002588897578221,0.03733728999676885,5,"support/calibration draw, after averaging matched orders",,
L2_plp,L0_plp,far,AUROC,0.0011611100607126445,0.00031256984553340464,0.0020096502758918844,5,"support/calibration draw, after averaging matched orders",,
L2_raw,L0_raw,near,FPR95,0.018666666666668635,-0.010246305977391311,0.04757963931072858,5,"support/calibration draw, after averaging matched orders",,
L2_raw,L0_raw,near,AUROC,0.0035344074074032507,0.002176680200798705,0.004892134614007796,5,"support/calibration draw, after averaging matched orders",,
L2_raw,L0_raw,far,FPR95,-0.018907165815843997,-0.04238351291744845,0.0045691812857604555,5,"support/calibration draw, after averaging matched orders",,
L2_raw,L0_raw,far,AUROC,0.01901367618327375,0.01803881406689304,0.01998853829965446,5,"support/calibration draw, after averaging matched orders",,
L1_raw,L0_raw,near,FPR95,-3.711999999999999,-3.973661027612085,-3.4503389723879128,5,"support/calibration draw, after averaging matched orders",,
L1_raw,L0_raw,near,AUROC,1.5282451481481454,1.5146585944340556,1.5418317018622352,5,"support/calibration draw, after averaging matched orders",,
L1_raw,L0_raw,far,FPR95,-1.5050103989412007,-1.8318294828896882,-1.1781913149927132,5,"support/calibration draw, after averaging matched orders",,
L1_raw,L0_raw,far,AUROC,0.21104409571227714,0.1523389730153591,0.2697492184091952,5,"support/calibration draw, after averaging matched orders",,
L2_plp,L2_norm,near,FPR95,-5.198666666666666,-5.739243055852688,-4.658090277480644,5,"support/calibration draw, after averaging matched orders",,
L2_plp,L2_norm,near,AUROC,1.8693998888888899,1.8303722842615684,1.9084274935162113,5,"support/calibration draw, after averaging matched orders",,
L2_plp,L2_norm,far,FPR95,-4.949896010588013,-5.215189120396956,-4.68460290077907,5,"support/calibration draw, after averaging matched orders",,
L2_plp,L2_norm,far,AUROC,0.80470021638201,0.7783044851728933,0.8310959475911266,5,"support/calibration draw, after averaging matched orders",,
L2_plp,L2_cdf,near,FPR95,-64.14,-65.32867307595578,-62.95132692404422,5,"support/calibration draw, after averaging matched orders",,
L2_plp,L2_cdf,near,AUROC,17.46309377777778,15.034938420947919,19.89124913460764,5,"support/calibration draw, after averaging matched orders",,
L2_plp,L2_cdf,far,FPR95,-78.63868406125923,-81.76841661410498,-75.50895150841347,5,"support/calibration draw, after averaging matched orders",,
L2_plp,L2_cdf,far,AUROC,15.62324152853932,13.212280293369037,18.0342027637096,5,"support/calibration draw, after averaging matched orders",,
REPRISE_L1_M1,REPRISE_L1_M0,near,FPR95,0.05466666666666621,-0.051243382505486434,0.16057671583881886,5,"support/calibration draw, after averaging matched orders",,
REPRISE_L1_M1,REPRISE_L1_M0,near,AUROC,-0.005269037037042306,-0.023884214903270917,0.013346140829186304,5,"support/calibration draw, after averaging matched orders",,
REPRISE_L1_M1,REPRISE_L1_M0,far,FPR95,0.03781433163168823,-0.20559361579968655,0.281222279063063,5,"support/calibration draw, after averaging matched orders",,
REPRISE_L1_M1,REPRISE_L1_M0,far,AUROC,-0.005812377891214737,-0.020943176061782007,0.009318420279352535,5,"support/calibration draw, after averaging matched orders",,
REPRISE_L2_M1,REPRISE_L2_M0,near,FPR95,0.06399999999999913,-0.06591073379935035,0.1939107337993486,5,"support/calibration draw, after averaging matched orders",,
REPRISE_L2_M1,REPRISE_L2_M0,near,AUROC,-0.00902762962963095,-0.027873518110997527,0.009818258851735626,5,"support/calibration draw, after averaging matched orders",,
REPRISE_L2_M1,REPRISE_L2_M0,far,FPR95,0.037814331631688576,-0.20388945518784388,0.27951811845122104,5,"support/calibration draw, after averaging matched orders",,
REPRISE_L2_M1,REPRISE_L2_M0,far,AUROC,-0.006104073443828876,-0.021210999771875537,0.009002852884217783,5,"support/calibration draw, after averaging matched orders",,
REPRISE_L1_M0,REPRISE_L0_M0,near,FPR95,-1.1079999999999992,-1.2107909824190015,-1.005209017580997,5,"support/calibration draw, after averaging matched orders",,
REPRISE_L1_M0,REPRISE_L0_M0,near,AUROC,0.2604441851851874,0.2456352173756107,0.2752531529947641,5,"support/calibration draw, after averaging matched orders",,
REPRISE_L1_M0,REPRISE_L0_M0,far,FPR95,0.642843637738703,0.4640531048583914,0.8216341706190147,5,"support/calibration draw, after averaging matched orders",,
REPRISE_L1_M0,REPRISE_L0_M0,far,AUROC,-0.12657801306695357,-0.14737205749768054,-0.10578396863622659,5,"support/calibration draw, after averaging matched orders",,
REPRISE_L1_M1,REPRISE_L0_M0,near,FPR95,-1.053333333333333,-1.1923405617002674,-0.9143261049663988,5,"support/calibration draw, after averaging matched orders",,
REPRISE_L1_M1,REPRISE_L0_M0,near,AUROC,0.2551751481481451,0.2342741896860293,0.27607610661026094,5,"support/calibration draw, after averaging matched orders",,
REPRISE_L1_M1,REPRISE_L0_M0,far,FPR95,0.6806579693703914,0.3265618049447567,1.034754133796026,5,"support/calibration draw, after averaging matched orders",,
REPRISE_L1_M1,REPRISE_L0_M0,far,AUROC,-0.13239039095816832,-0.15681903279968012,-0.10796174911665653,5,"support/calibration draw, after averaging matched orders",,
M0_pt,static,near,FPR95,-26.74533333333333,-28.372217502896444,-25.11844916377022,5,"support/calibration draw, after averaging matched orders",,
M0_pt,static,near,AUROC,7.750178370370373,7.484041550991088,8.016315189749657,5,"support/calibration draw, after averaging matched orders",,
M0_pt,static,far,FPR95,13.284174702212137,12.442194932477681,14.126154471946593,5,"support/calibration draw, after averaging matched orders",,
M0_pt,static,far,AUROC,-2.0845603033549804,-2.167005108390254,-2.0021154983197067,5,"support/calibration draw, after averaging matched orders",,
M1_pt,static,near,FPR95,-26.582666666666665,-28.051247206454022,-25.114086126879307,5,"support/calibration draw, after averaging matched orders",,
M1_pt,static,near,AUROC,7.743411555555554,7.3513331885538875,8.13548992255722,5,"support/calibration draw, after averaging matched orders",,
M1_pt,static,far,FPR95,13.193420306296087,12.126679273257535,14.260161339334639,5,"support/calibration draw, after averaging matched orders",,
M1_pt,static,far,AUROC,-2.097385033927866,-2.1546508310448718,-2.04011923681086,5,"support/calibration draw, after averaging matched orders",,
REPRISE_L0_M0+TINS,L0_raw+TINS,near,FPR95,-24.09066666666667,-24.63289469872269,-23.54843863461065,5,"support/calibration draw, after averaging matched orders",,
REPRISE_L0_M0+TINS,L0_raw+TINS,near,AUROC,13.568347111111114,13.328148740710509,13.80854548151172,5,"support/calibration draw, after averaging matched orders",,
REPRISE_L0_M0+TINS,L0_raw+TINS,far,FPR95,-16.44545282662129,-16.755749396299624,-16.135156256942953,5,"support/calibration draw, after averaging matched orders",,
REPRISE_L0_M0+TINS,L0_raw+TINS,far,AUROC,5.947416650910695,5.544629726379738,6.350203575441651,5,"support/calibration draw, after averaging matched orders",,
REPRISE_L0_M0+TINS,L2_raw+TINS,near,FPR95,-24.088,-24.6138300027615,-23.562169997238502,5,"support/calibration draw, after averaging matched orders",,
REPRISE_L0_M0+TINS,L2_raw+TINS,near,AUROC,13.563801518518513,13.324130105939247,13.80347293109778,5,"support/calibration draw, after averaging matched orders",,
REPRISE_L0_M0+TINS,L2_raw+TINS,far,FPR95,-16.422764227642276,-16.730922024652795,-16.114606430631756,5,"support/calibration draw, after averaging matched orders",,
REPRISE_L0_M0+TINS,L2_raw+TINS,far,AUROC,5.939750215331616,5.537252584810264,6.342247845852968,5,"support/calibration draw, after averaging matched orders",,
REPRISE_L0_M0+TINS,class_L2_raw+TINS,near,FPR95,-28.176,-29.52242289252026,-26.829577107479736,5,"support/calibration draw, after averaging matched orders",,
REPRISE_L0_M0+TINS,class_L2_raw+TINS,near,AUROC,10.053808851851851,9.901543241338969,10.206074462364734,5,"support/calibration draw, after averaging matched orders",,
REPRISE_L0_M0+TINS,class_L2_raw+TINS,far,FPR95,-11.42370958593307,-12.75011280936874,-10.097306362497399,5,"support/calibration draw, after averaging matched orders",,
REPRISE_L0_M0+TINS,class_L2_raw+TINS,far,AUROC,2.9367191865717097,2.7986885699547113,3.074749803188708,5,"support/calibration draw, after averaging matched orders",,
REPRISE_L0_M0+TINS,L0_plp+TINS,near,FPR95,-7.050666666666666,-7.887244792343609,-6.2140885409897235,5,"support/calibration draw, after averaging matched orders",,
REPRISE_L0_M0+TINS,L0_plp+TINS,near,AUROC,1.9740217037037062,1.7790132200356235,2.169030187371789,5,"support/calibration draw, after averaging matched orders",,
REPRISE_L0_M0+TINS,L0_plp+TINS,far,FPR95,-3.91756475704292,-5.576796175375851,-2.2583333387099893,5,"support/calibration draw, after averaging matched orders",,
REPRISE_L0_M0+TINS,L0_plp+TINS,far,AUROC,0.881503119682364,0.5833870648278777,1.17961917453685,5,"support/calibration draw, after averaging matched orders",,
L0_plp+TINS,L0_norm+TINS,near,FPR95,-11.284,-12.09586639375999,-10.47213360624001,5,"support/calibration draw, after averaging matched orders",,
L0_plp+TINS,L0_norm+TINS,near,AUROC,3.026231925925923,2.9322413020337885,3.120222549818058,5,"support/calibration draw, after averaging matched orders",,
L0_plp+TINS,L0_norm+TINS,far,FPR95,-8.912837965588958,-10.490266818146512,-7.335409113031402,5,"support/calibration draw, after averaging matched orders",,
L0_plp+TINS,L0_norm+TINS,far,AUROC,1.092194911871594,0.9625469615306653,1.2218428622125226,5,"support/calibration draw, after averaging matched orders",,
L0_plp+TINS,L0_cdf+TINS,near,FPR95,-46.46666666666667,-49.501174254514204,-43.43215907881913,5,"support/calibration draw, after averaging matched orders",,
L0_plp+TINS,L0_cdf+TINS,near,AUROC,16.23352055555555,14.572012295533423,17.895028815577678,5,"support/calibration draw, after averaging matched orders",,
L0_plp+TINS,L0_cdf+TINS,far,FPR95,-15.821516354698428,-17.851738581761772,-13.791294127635085,5,"support/calibration draw, after averaging matched orders",,
L0_plp+TINS,L0_cdf+TINS,far,AUROC,7.30566343144051,6.9697003499700685,7.6416265129109515,5,"support/calibration draw, after averaging matched orders",,
L1_plp+TINS,L0_plp+TINS,near,FPR95,-3.719999999999999,-3.9192689122467743,-3.5207310877532234,5,"support/calibration draw, after averaging matched orders",,
L1_plp+TINS,L0_plp+TINS,near,AUROC,0.7310669629629654,0.6858914542188622,0.7762424717070685,5,"support/calibration draw, after averaging matched orders",,
L1_plp+TINS,L0_plp+TINS,far,FPR95,0.2344488561164686,0.024076682289309592,0.4448210299436276,5,"support/calibration draw, after averaging matched orders",,
L1_plp+TINS,L0_plp+TINS,far,AUROC,-0.12671456482006344,-0.1771013583835528,-0.07632777125657408,5,"support/calibration draw, after averaging matched orders",,
L2_plp+TINS,L0_plp+TINS,near,FPR95,0.03866666666666702,-0.011820883755194148,0.08915421708852819,5,"support/calibration draw, after averaging matched orders",,
L2_plp+TINS,L0_plp+TINS,near,AUROC,-0.012617037037034606,-0.013900080893127184,-0.011333993180942028,5,"support/calibration draw, after averaging matched orders",,
L2_plp+TINS,L0_plp+TINS,far,FPR95,0.022688598979012178,-0.015886975647094754,0.06126417360511911,5,"support/calibration draw, after averaging matched orders",,
L2_plp+TINS,L0_plp+TINS,far,AUROC,0.001051028339747025,0.00043366413861607755,0.0016683925408779725,5,"support/calibration draw, after averaging matched orders",,
L2_raw+TINS,L0_raw+TINS,near,FPR95,-0.002666666666668029,-0.04347190950616366,0.0381385761728276,5,"support/calibration draw, after averaging matched orders",,
L2_raw+TINS,L0_raw+TINS,near,AUROC,0.004545592592598761,0.0030578119387999103,0.006033373246397612,5,"support/calibration draw, after averaging matched orders",,
L2_raw+TINS,L0_raw+TINS,far,FPR95,-0.022688598979012414,-0.04233032016796176,-0.0030468777900630635,5,"support/calibration draw, after averaging matched orders",,
L2_raw+TINS,L0_raw+TINS,far,AUROC,0.007666435579080637,0.007202432897598497,0.008130438260562776,5,"support/calibration draw, after averaging matched orders",,
L1_raw+TINS,L0_raw+TINS,near,FPR95,-4.026666666666668,-4.267291909117144,-3.7860414242161924,5,"support/calibration draw, after averaging matched orders",,
L1_raw+TINS,L0_raw+TINS,near,AUROC,1.5034450000000024,1.4889155162007102,1.5179744837992946,5,"support/calibration draw, after averaging matched orders",,
L1_raw+TINS,L0_raw+TINS,far,FPR95,-0.3970504821327275,-0.6568860300688759,-0.1372149341965791,5,"support/calibration draw, after averaging matched orders",,
L1_raw+TINS,L0_raw+TINS,far,AUROC,0.0009638452973661053,-0.04731763068949202,0.049245321284224236,5,"support/calibration draw, after averaging matched orders",,
L2_plp+TINS,L2_norm+TINS,near,FPR95,-11.262666666666668,-12.029546515839398,-10.495786817493938,5,"support/calibration draw, after averaging matched orders",,
L2_plp+TINS,L2_norm+TINS,near,AUROC,3.0215331481481473,2.9277840976039293,3.1152821986923653,5,"support/calibration draw, after averaging matched orders",,
L2_plp+TINS,L2_norm+TINS,far,FPR95,-8.890149366609945,-10.474620191636314,-7.3056785415835765,5,"support/calibration draw, after averaging matched orders",,
L2_plp+TINS,L2_norm+TINS,far,AUROC,1.0911840087393159,0.961652339819391,1.2207156776592407,5,"support/calibration draw, after averaging matched orders",,
L2_plp+TINS,L2_cdf+TINS,near,FPR95,-46.38133333333333,-49.4178070633332,-43.34485960333346,5,"support/calibration draw, after averaging matched orders",,
L2_plp+TINS,L2_cdf+TINS,near,AUROC,16.19396048148148,14.564086595259198,17.82383436770376,5,"support/calibration draw, after averaging matched orders",,
L2_plp+TINS,L2_cdf+TINS,far,FPR95,-15.79126488939308,-17.88641542900932,-13.696114349776842,5,"support/calibration draw, after averaging matched orders",,
L2_plp+TINS,L2_cdf+TINS,far,AUROC,7.297063822188609,6.954254724398125,7.639872919979093,5,"support/calibration draw, after averaging matched orders",,
REPRISE_L1_M1+TINS,REPRISE_L1_M0+TINS,near,FPR95,0.03600000000000089,-0.07010396459086259,0.14210396459086438,5,"support/calibration draw, after averaging matched orders",,
REPRISE_L1_M1+TINS,REPRISE_L1_M0+TINS,near,AUROC,-0.0059899999999979995,-0.0225772821739077,0.0105972821739117,5,"support/calibration draw, after averaging matched orders",,
REPRISE_L1_M1+TINS,REPRISE_L1_M0+TINS,far,FPR95,0.07941009642654595,-0.1130386819052144,0.2718588747583063,5,"support/calibration draw, after averaging matched orders",,
REPRISE_L1_M1+TINS,REPRISE_L1_M0+TINS,far,AUROC,-0.0048293103086062186,-0.020045523430546348,0.01038690281333391,5,"support/calibration draw, after averaging matched orders",,
REPRISE_L2_M1+TINS,REPRISE_L2_M0+TINS,near,FPR95,0.0746666666666653,-0.036914344725039155,0.18624767805836975,5,"support/calibration draw, after averaging matched orders",,
REPRISE_L2_M1+TINS,REPRISE_L2_M0+TINS,near,AUROC,-0.010156666666669405,-0.027567612789738807,0.0072542794563999966,5,"support/calibration draw, after averaging matched orders",,
REPRISE_L2_M1+TINS,REPRISE_L2_M0+TINS,far,FPR95,0.09831726224238982,-0.22331726094533552,0.41995178543011513,5,"support/calibration draw, after averaging matched orders",,
REPRISE_L2_M1+TINS,REPRISE_L2_M0+TINS,far,AUROC,-0.0054347597739583375,-0.0204594960795364,0.009589976531619724,5,"support/calibration draw, after averaging matched orders",,
REPRISE_L1_M0+TINS,REPRISE_L0_M0+TINS,near,FPR95,-1.1839999999999997,-1.2905872096807485,-1.077412790319251,5,"support/calibration draw, after averaging matched orders",,
REPRISE_L1_M0+TINS,REPRISE_L0_M0+TINS,near,AUROC,0.27233622222221926,0.25796267631033815,0.2867097681341004,5,"support/calibration draw, after averaging matched orders",,
REPRISE_L1_M0+TINS,REPRISE_L0_M0+TINS,far,FPR95,0.43486481376441655,0.10120323012995719,0.7685263973988758,5,"support/calibration draw, after averaging matched orders",,
REPRISE_L1_M0+TINS,REPRISE_L0_M0+TINS,far,AUROC,-0.09165164597382328,-0.10996535537492395,-0.0733379365727226,5,"support/calibration draw, after averaging matched orders",,
REPRISE_L1_M1+TINS,REPRISE_L0_M0+TINS,near,FPR95,-1.1479999999999986,-1.335797546503777,-0.9602024534962202,5,"support/calibration draw, after averaging matched orders",,
REPRISE_L1_M1+TINS,REPRISE_L0_M0+TINS,near,AUROC,0.26634622222222126,0.24662576573844633,0.28606667870599617,5,"support/calibration draw, after averaging matched orders",,
REPRISE_L1_M1+TINS,REPRISE_L0_M0+TINS,far,FPR95,0.5142749101909625,0.20710236080248046,0.8214474595794445,5,"support/calibration draw, after averaging matched orders",,
REPRISE_L1_M1+TINS,REPRISE_L0_M0+TINS,far,AUROC,-0.09648095628242952,-0.12036500865337338,-0.07259690391148566,5,"support/calibration draw, after averaging matched orders",,
M0_pt+TINS,static+TINS,near,FPR95,-26.94533333333333,-28.19703356382005,-25.69363310284661,5,"support/calibration draw, after averaging matched orders",,
M0_pt+TINS,static+TINS,near,AUROC,7.841565111111113,7.576621309401699,8.106508912820527,5,"support/calibration draw, after averaging matched orders",,
M0_pt+TINS,static+TINS,far,FPR95,7.706560786538098,7.046169848993679,8.366951724082519,5,"support/calibration draw, after averaging matched orders",,
M0_pt+TINS,static+TINS,far,AUROC,-1.264456629062416,-1.303277586949102,-1.22563567117573,5,"support/calibration draw, after averaging matched orders",,
M1_pt+TINS,static+TINS,near,FPR95,-26.78266666666667,-27.933805197833845,-25.631528135499497,5,"support/calibration draw, after averaging matched orders",,
M1_pt+TINS,static+TINS,near,AUROC,7.828699925925923,7.428500445608851,8.228899406242995,5,"support/calibration draw, after averaging matched orders",,
M1_pt+TINS,static+TINS,far,FPR95,7.661183588580071,7.060033225376205,8.262333951783939,5,"support/calibration draw, after averaging matched orders",,
M1_pt+TINS,static+TINS,far,AUROC,-1.2676458477763088,-1.3070743962396438,-1.2282172993129739,5,"support/calibration draw, after averaging matched orders",,
L2_raw+TINS,L2_raw,near,FPR95,2.945333333333333,2.8382970633024924,3.052369603364174,5,"support/calibration draw, after averaging matched orders",same cached TINS multiplier,
L2_raw+TINS,L2_raw,near,AUROC,0.04391148148148431,-0.0688242255051918,0.15664718846816042,5,"support/calibration draw, after averaging matched orders",same cached TINS multiplier,
L2_raw+TINS,L2_raw,far,FPR95,-21.05123841936094,-21.99389488134307,-20.108581957378806,5,"support/calibration draw, after averaging matched orders",same cached TINS multiplier,
L2_raw+TINS,L2_raw,far,AUROC,6.984024285204089,6.77779300942025,7.190255560987927,5,"support/calibration draw, after averaging matched orders",same cached TINS multiplier,
L2_norm+TINS,L2_norm,near,FPR95,6.946666666666667,6.47800361014394,7.415329723189394,5,"support/calibration draw, after averaging matched orders",same cached TINS multiplier,
L2_norm+TINS,L2_norm,near,AUROC,-1.3006085185185177,-1.4220956155012208,-1.1791214215358146,5,"support/calibration draw, after averaging matched orders",same cached TINS multiplier,
L2_norm+TINS,L2_norm,far,FPR95,0.9907354887502355,-0.6916850963473014,2.6731560738477724,5,"support/calibration draw, after averaging matched orders",same cached TINS multiplier,
L2_norm+TINS,L2_norm,far,AUROC,0.46367681351232193,0.2618245812168063,0.6655290458078376,5,"support/calibration draw, after averaging matched orders",same cached TINS multiplier,
L0_plp+TINS,L0_plp,near,FPR95,0.9093333333333314,0.6024081021050702,1.2162585645615926,5,"support/calibration draw, after averaging matched orders",same cached TINS multiplier,
L0_plp+TINS,L0_plp,near,AUROC,-0.14859511111111487,-0.16973045136738196,-0.12745977085484778,5,"support/calibration draw, after averaging matched orders",same cached TINS multiplier,
L0_plp+TINS,L0_plp,far,FPR95,-2.9835507657402154,-3.462778862242282,-2.5043226692381486,5,"support/calibration draw, after averaging matched orders",same cached TINS multiplier,
L0_plp+TINS,L0_plp,far,AUROC,0.7502706875905935,0.6563177077766466,0.8442236674045404,5,"support/calibration draw, after averaging matched orders",same cached TINS multiplier,
L1_plp+TINS,L1_plp,near,FPR95,0.7546666666666672,0.4268109367261444,1.08252239660719,5,"support/calibration draw, after averaging matched orders",same cached TINS multiplier,
L1_plp+TINS,L1_plp,near,AUROC,-0.11906840740741131,-0.14159515338518525,-0.09654166142963738,5,"support/calibration draw, after averaging matched orders",same cached TINS multiplier,
L1_plp+TINS,L1_plp,far,FPR95,-3.233125354509359,-3.8500219357680945,-2.6162287732506235,5,"support/calibration draw, after averaging matched orders",same cached TINS multiplier,
L1_plp+TINS,L1_plp,far,AUROC,0.8092155626982646,0.7088155668244642,0.9096155585720649,5,"support/calibration draw, after averaging matched orders",same cached TINS multiplier,
M0_pt+TINS,M0_pt,near,FPR95,0.5533333333333356,0.2414583581585587,0.8652083085081124,5,"support/calibration draw, after averaging matched orders",same cached TINS multiplier,
M0_pt+TINS,M0_pt,near,AUROC,-0.11905899999999672,-0.1720891779334442,-0.06602882206654924,5,"support/calibration draw, after averaging matched orders",same cached TINS multiplier,
M0_pt+TINS,M0_pt,far,FPR95,-7.725467952353941,-8.112863248120256,-7.338072656587626,5,"support/calibration draw, after averaging matched orders",same cached TINS multiplier,
M0_pt+TINS,M0_pt,far,AUROC,1.3562843217579483,1.3019276362827341,1.4106410072331625,5,"support/calibration draw, after averaging matched orders",same cached TINS multiplier,
REPRISE_L0_M0+TINS,REPRISE_L0_M0,near,FPR95,0.4386666666666666,0.39206059903279217,0.485272734300541,5,"support/calibration draw, after averaging matched orders",same cached TINS multiplier,
REPRISE_L0_M0+TINS,REPRISE_L0_M0,near,AUROC,-0.08913851851851765,-0.10405726580941675,-0.07421977122761854,5,"support/calibration draw, after averaging matched orders",same cached TINS multiplier,
REPRISE_L0_M0+TINS,REPRISE_L0_M0,far,FPR95,-1.5541690300623938,-1.9464418603823017,-1.161896199742486,5,"support/calibration draw, after averaging matched orders",same cached TINS multiplier,
REPRISE_L0_M0+TINS,REPRISE_L0_M0,far,AUROC,0.37782536081175144,0.3622020752226178,0.39344864640088506,5,"support/calibration draw, after averaging matched orders",same cached TINS multiplier,
REPRISE_L1_M0+TINS,REPRISE_L1_M0,near,FPR95,0.3626666666666661,0.25306837417763284,0.4722649591556993,5,"support/calibration draw, after averaging matched orders",same cached TINS multiplier,
REPRISE_L1_M0+TINS,REPRISE_L1_M0,near,AUROC,-0.0772464814814858,-0.09162136536009981,-0.0628715976028718,5,"support/calibration draw, after averaging matched orders",same cached TINS multiplier,
REPRISE_L1_M0+TINS,REPRISE_L1_M0,far,FPR95,-1.7621478540366806,-2.047460334620337,-1.4768353734530242,5,"support/calibration draw, after averaging matched orders",same cached TINS multiplier,
REPRISE_L1_M0+TINS,REPRISE_L1_M0,far,AUROC,0.4127517279048817,0.3934605350292885,0.43204292078047485,5,"support/calibration draw, after averaging matched orders",same cached TINS multiplier,
REPRISE_L1_M1+TINS,REPRISE_L1_M1,near,FPR95,0.34400000000000075,0.2570638134074546,0.4309361865925469,5,"support/calibration draw, after averaging matched orders",same cached TINS multiplier,
REPRISE_L1_M1+TINS,REPRISE_L1_M1,near,AUROC,-0.0779674444444415,-0.08962820673764557,-0.06630668215123742,5,"support/calibration draw, after averaging matched orders",same cached TINS multiplier,
REPRISE_L1_M1+TINS,REPRISE_L1_M1,far,FPR95,-1.720552089241823,-2.040726776594988,-1.4003774018886577,5,"support/calibration draw, after averaging matched orders",same cached TINS multiplier,
REPRISE_L1_M1+TINS,REPRISE_L1_M1,far,AUROC,0.4137347954874902,0.39642584819525484,0.43104374277972557,5,"support/calibration draw, after averaging matched orders",same cached TINS multiplier,
REPRISE_L0_M0,L1_norm,near,FPR95,-8.985333333333335,-9.34259324560747,-8.6280734210592,5,"support/calibration draw, after averaging matched orders",,best dev simple LP
REPRISE_L0_M0,L1_norm,near,AUROC,3.437752925925929,3.22604023189114,3.649465619960718,5,"support/calibration draw, after averaging matched orders",,best dev simple LP
REPRISE_L0_M0,L1_norm,far,FPR95,-12.781244091510683,-13.942315012657462,-11.620173170363904,5,"support/calibration draw, after averaging matched orders",,best dev simple LP
REPRISE_L0_M0,L1_norm,far,AUROC,2.6069783197831944,2.169413028555725,3.044543611010664,5,"support/calibration draw, after averaging matched orders",,best dev simple LP
REPRISE_L0_M0+TINS,L1_norm+TINS,near,FPR95,-14.378666666666666,-14.845109444339894,-13.912223888993438,5,"support/calibration draw, after averaging matched orders",,best dev simple LP
REPRISE_L0_M0+TINS,L1_norm+TINS,near,AUROC,4.439627296296292,4.284040658030467,4.595213934562118,5,"support/calibration draw, after averaging matched orders",,best dev simple LP
REPRISE_L0_M0+TINS,L1_norm+TINS,far,FPR95,-12.569483834373228,-13.351355459508827,-11.78761220923763,5,"support/calibration draw, after averaging matched orders",,best dev simple LP
REPRISE_L0_M0+TINS,L1_norm+TINS,far,AUROC,2.1572637129472096,1.8851374642940069,2.4293899616004127,5,"support/calibration draw, after averaging matched orders",,best dev simple LP
