draw,seed,stream,view,component,alpha,rate
3,125,near,B14,static,0.01,0.007555555555555556
3,125,near,B14,static,0.05,0.04672222222222222
3,125,near,B14,static,0.1,0.09294444444444444
3,125,near,B14,pall,0.01,0.0067777777777777775
3,125,near,B14,pall,0.05,0.042777777777777776
3,125,near,B14,pall,0.1,0.09316666666666666
3,125,near,B14,M0_pA1,0.01,0.010222222222222223
3,125,near,B14,M0_pA1,0.05,0.05211111111111111
3,125,near,B14,M0_pA1,0.1,0.09638888888888889
3,125,near,B14,M0_pA2,0.01,0.010444444444444444
3,125,near,B14,M0_pA2,0.05,0.050055555555555555
3,125,near,B14,M0_pA2,0.1,0.09622222222222222
3,125,near,B14,M0_pt,0.01,0.009722222222222222
3,125,near,B14,M0_pt,0.05,0.047
3,125,near,B14,M0_pt,0.1,0.09494444444444444
3,125,near,B14,M1_pall,0.01,0.006833333333333334
3,125,near,B14,M1_pall,0.05,0.03738888888888889
3,125,near,B14,M1_pall,0.1,0.08944444444444444
3,125,near,B14,M1_pA1,0.01,0.009666666666666667
3,125,near,B14,M1_pA1,0.05,0.04805555555555555
3,125,near,B14,M1_pA1,0.1,0.09594444444444444
3,125,near,B14,M1_pA2,0.01,0.01411111111111111
3,125,near,B14,M1_pA2,0.05,0.05622222222222222
3,125,near,B14,M1_pA2,0.1,0.10661111111111111
3,125,near,B14,M1_pt,0.01,0.007833333333333333
3,125,near,B14,M1_pt,0.05,0.04466666666666667
3,125,near,B14,M1_pt,0.1,0.08955555555555555
3,125,near,B14,L0_plp,0.01,0.008222222222222223
3,125,near,B14,L0_plp,0.05,0.04833333333333333
3,125,near,B14,L0_plp,0.1,0.0985
3,125,near,B14,L1_plp,0.01,0.008277777777777778
3,125,near,B14,L1_plp,0.05,0.04822222222222222
3,125,near,B14,L1_plp,0.1,0.10027777777777777
3,125,near,B14,L2_plp,0.01,0.008222222222222223
3,125,near,B14,L2_plp,0.05,0.04827777777777778
3,125,near,B14,L2_plp,0.1,0.09833333333333333
3,125,near,L14,static,0.01,0.009833333333333333
3,125,near,L14,static,0.05,0.0505
3,125,near,L14,static,0.1,0.09861111111111111
3,125,near,L14,pall,0.01,0.009222222222222222
3,125,near,L14,pall,0.05,0.04822222222222222
3,125,near,L14,pall,0.1,0.09455555555555556
3,125,near,L14,M0_pA1,0.01,0.010888888888888889
3,125,near,L14,M0_pA1,0.05,0.04911111111111111
3,125,near,L14,M0_pA1,0.1,0.09827777777777778
3,125,near,L14,M0_pA2,0.01,0.011444444444444445
3,125,near,L14,M0_pA2,0.05,0.04738888888888889
3,125,near,L14,M0_pA2,0.1,0.0976111111111111
3,125,near,L14,M0_pt,0.01,0.009777777777777778
3,125,near,L14,M0_pt,0.05,0.04833333333333333
3,125,near,L14,M0_pt,0.1,0.09744444444444444
3,125,near,L14,M1_pall,0.01,0.009222222222222222
3,125,near,L14,M1_pall,0.05,0.04438888888888889
3,125,near,L14,M1_pall,0.1,0.09666666666666666
3,125,near,L14,M1_pA1,0.01,0.010388888888888888
3,125,near,L14,M1_pA1,0.05,0.04777777777777778
3,125,near,L14,M1_pA1,0.1,0.09383333333333334
3,125,near,L14,M1_pA2,0.01,0.014666666666666666
3,125,near,L14,M1_pA2,0.05,0.058722222222222224
3,125,near,L14,M1_pA2,0.1,0.11077777777777778
3,125,near,L14,M1_pt,0.01,0.008555555555555556
3,125,near,L14,M1_pt,0.05,0.0385
3,125,near,L14,M1_pt,0.1,0.08755555555555555
3,125,near,L14,L0_plp,0.01,0.011055555555555556
3,125,near,L14,L0_plp,0.05,0.049777777777777775
3,125,near,L14,L0_plp,0.1,0.09788888888888889
3,125,near,L14,L1_plp,0.01,0.010833333333333334
3,125,near,L14,L1_plp,0.05,0.049944444444444444
3,125,near,L14,L1_plp,0.1,0.09961111111111111
3,125,near,L14,L2_plp,0.01,0.010944444444444444
3,125,near,L14,L2_plp,0.05,0.049444444444444444
3,125,near,L14,L2_plp,0.1,0.09744444444444444
2,125,near,B14,static,0.01,0.012888888888888889
2,125,near,B14,static,0.05,0.057777777777777775
2,125,near,B14,static,0.1,0.1145
2,125,near,B14,pall,0.01,0.011055555555555556
2,125,near,B14,pall,0.05,0.0565
2,125,near,B14,pall,0.1,0.11716666666666667
2,125,near,B14,M0_pA1,0.01,0.012555555555555556
2,125,near,B14,M0_pA1,0.05,0.05416666666666667
2,125,near,B14,M0_pA1,0.1,0.1075
2,125,near,B14,M0_pA2,0.01,0.011833333333333333
2,125,near,B14,M0_pA2,0.05,0.051111111111111114
2,125,near,B14,M0_pA2,0.1,0.10377777777777777
2,125,near,B14,M0_pt,0.01,0.010388888888888888
2,125,near,B14,M0_pt,0.05,0.04755555555555555
2,125,near,B14,M0_pt,0.1,0.10116666666666667
2,125,near,B14,M1_pall,0.01,0.008888888888888889
2,125,near,B14,M1_pall,0.05,0.05533333333333333
2,125,near,B14,M1_pall,0.1,0.1228888888888889
2,125,near,B14,M1_pA1,0.01,0.010055555555555555
2,125,near,B14,M1_pA1,0.05,0.049944444444444444
2,125,near,B14,M1_pA1,0.1,0.09566666666666666
2,125,near,B14,M1_pA2,0.01,0.012222222222222223
2,125,near,B14,M1_pA2,0.05,0.052833333333333336
2,125,near,B14,M1_pA2,0.1,0.11177777777777778
2,125,near,B14,M1_pt,0.01,0.009888888888888888
2,125,near,B14,M1_pt,0.05,0.04788888888888889
2,125,near,B14,M1_pt,0.1,0.09938888888888889
2,125,near,B14,L0_plp,0.01,0.011722222222222222
2,125,near,B14,L0_plp,0.05,0.05672222222222222
2,125,near,B14,L0_plp,0.1,0.11594444444444445
2,125,near,B14,L1_plp,0.01,0.012055555555555555
2,125,near,B14,L1_plp,0.05,0.057888888888888886
2,125,near,B14,L1_plp,0.1,0.11627777777777777
2,125,near,B14,L2_plp,0.01,0.011722222222222222
2,125,near,B14,L2_plp,0.05,0.05661111111111111
2,125,near,B14,L2_plp,0.1,0.11555555555555555
2,125,near,L14,static,0.01,0.012666666666666666
2,125,near,L14,static,0.05,0.0545
2,125,near,L14,static,0.1,0.11066666666666666
2,125,near,L14,pall,0.01,0.009277777777777777
2,125,near,L14,pall,0.05,0.052333333333333336
2,125,near,L14,pall,0.1,0.10816666666666666
2,125,near,L14,M0_pA1,0.01,0.010388888888888888
2,125,near,L14,M0_pA1,0.05,0.04855555555555555
2,125,near,L14,M0_pA1,0.1,0.09694444444444444
2,125,near,L14,M0_pA2,0.01,0.009611111111111112
2,125,near,L14,M0_pA2,0.05,0.04833333333333333
2,125,near,L14,M0_pA2,0.1,0.09844444444444445
2,125,near,L14,M0_pt,0.01,0.008555555555555556
2,125,near,L14,M0_pt,0.05,0.04794444444444444
2,125,near,L14,M0_pt,0.1,0.09716666666666667
2,125,near,L14,M1_pall,0.01,0.010277777777777778
2,125,near,L14,M1_pall,0.05,0.04822222222222222
2,125,near,L14,M1_pall,0.1,0.10994444444444444
2,125,near,L14,M1_pA1,0.01,0.01011111111111111
2,125,near,L14,M1_pA1,0.05,0.043944444444444446
2,125,near,L14,M1_pA1,0.1,0.09288888888888888
2,125,near,L14,M1_pA2,0.01,0.009111111111111111
2,125,near,L14,M1_pA2,0.05,0.050944444444444445
2,125,near,L14,M1_pA2,0.1,0.10055555555555555
2,125,near,L14,M1_pt,0.01,0.00938888888888889
2,125,near,L14,M1_pt,0.05,0.04694444444444444
2,125,near,L14,M1_pt,0.1,0.09705555555555556
2,125,near,L14,L0_plp,0.01,0.0105
2,125,near,L14,L0_plp,0.05,0.050611111111111114
2,125,near,L14,L0_plp,0.1,0.10477777777777778
2,125,near,L14,L1_plp,0.01,0.0105
2,125,near,L14,L1_plp,0.05,0.050222222222222224
2,125,near,L14,L1_plp,0.1,0.10477777777777778
2,125,near,L14,L2_plp,0.01,0.010388888888888888
2,125,near,L14,L2_plp,0.05,0.050555555555555555
2,125,near,L14,L2_plp,0.1,0.10433333333333333
4,124,far,B14,static,0.01,0.009222222222222222
4,124,far,B14,static,0.05,0.0465
4,124,far,B14,static,0.1,0.09177777777777778
4,124,far,B14,pall,0.01,0.009444444444444445
4,124,far,B14,pall,0.05,0.04594444444444445
4,124,far,B14,pall,0.1,0.09083333333333334
4,124,far,B14,M0_pA1,0.01,0.009333333333333334
4,124,far,B14,M0_pA1,0.05,0.04933333333333333
4,124,far,B14,M0_pA1,0.1,0.09755555555555556
4,124,far,B14,M0_pA2,0.01,0.010277777777777778
4,124,far,B14,M0_pA2,0.05,0.04822222222222222
4,124,far,B14,M0_pA2,0.1,0.09666666666666666
4,124,far,B14,M0_pt,0.01,0.009555555555555555
4,124,far,B14,M0_pt,0.05,0.04861111111111111
4,124,far,B14,M0_pt,0.1,0.09533333333333334
4,124,far,B14,M1_pall,0.01,0.009777777777777778
4,124,far,B14,M1_pall,0.05,0.04705555555555556
4,124,far,B14,M1_pall,0.1,0.09233333333333334
4,124,far,B14,M1_pA1,0.01,0.010555555555555556
4,124,far,B14,M1_pA1,0.05,0.04877777777777778
4,124,far,B14,M1_pA1,0.1,0.09172222222222222
4,124,far,B14,M1_pA2,0.01,0.008444444444444444
4,124,far,B14,M1_pA2,0.05,0.04472222222222222
4,124,far,B14,M1_pA2,0.1,0.08922222222222222
4,124,far,B14,M1_pt,0.01,0.011222222222222222
4,124,far,B14,M1_pt,0.05,0.04511111111111111
4,124,far,B14,M1_pt,0.1,0.0875
4,124,far,B14,L0_plp,0.01,0.0105
4,124,far,B14,L0_plp,0.05,0.04861111111111111
4,124,far,B14,L0_plp,0.1,0.09755555555555556
4,124,far,B14,L1_plp,0.01,0.010833333333333334
4,124,far,B14,L1_plp,0.05,0.04811111111111111
4,124,far,B14,L1_plp,0.1,0.09755555555555556
4,124,far,B14,L2_plp,0.01,0.010555555555555556
4,124,far,B14,L2_plp,0.05,0.04838888888888889
4,124,far,B14,L2_plp,0.1,0.09722222222222222
4,124,far,L14,static,0.01,0.008777777777777778
4,124,far,L14,static,0.05,0.04872222222222222
4,124,far,L14,static,0.1,0.10005555555555555
4,124,far,L14,pall,0.01,0.010777777777777778
4,124,far,L14,pall,0.05,0.044833333333333336
4,124,far,L14,pall,0.1,0.09933333333333333
4,124,far,L14,M0_pA1,0.01,0.009055555555555556
4,124,far,L14,M0_pA1,0.05,0.049055555555555554
4,124,far,L14,M0_pA1,0.1,0.09444444444444444
4,124,far,L14,M0_pA2,0.01,0.00938888888888889
4,124,far,L14,M0_pA2,0.05,0.04572222222222222
4,124,far,L14,M0_pA2,0.1,0.0935
4,124,far,L14,M0_pt,0.01,0.008555555555555556
4,124,far,L14,M0_pt,0.05,0.04805555555555555
4,124,far,L14,M0_pt,0.1,0.09616666666666666
4,124,far,L14,M1_pall,0.01,0.008777777777777778
4,124,far,L14,M1_pall,0.05,0.0605
4,124,far,L14,M1_pall,0.1,0.10827777777777778
4,124,far,L14,M1_pA1,0.01,0.006944444444444444
4,124,far,L14,M1_pA1,0.05,0.049833333333333334
4,124,far,L14,M1_pA1,0.1,0.0956111111111111
4,124,far,L14,M1_pA2,0.01,0.010166666666666666
4,124,far,L14,M1_pA2,0.05,0.04655555555555556
4,124,far,L14,M1_pA2,0.1,0.09283333333333334
4,124,far,L14,M1_pt,0.01,0.01011111111111111
4,124,far,L14,M1_pt,0.05,0.04644444444444444
4,124,far,L14,M1_pt,0.1,0.08861111111111111
4,124,far,L14,L0_plp,0.01,0.010055555555555555
4,124,far,L14,L0_plp,0.05,0.05255555555555556
4,124,far,L14,L0_plp,0.1,0.10411111111111111
4,124,far,L14,L1_plp,0.01,0.010166666666666666
4,124,far,L14,L1_plp,0.05,0.05305555555555556
4,124,far,L14,L1_plp,0.1,0.10427777777777777
4,124,far,L14,L2_plp,0.01,0.010055555555555555
4,124,far,L14,L2_plp,0.05,0.05227777777777778
4,124,far,L14,L2_plp,0.1,0.10383333333333333
2,123,far,B14,static,0.01,0.012888888888888889
2,123,far,B14,static,0.05,0.057777777777777775
2,123,far,B14,static,0.1,0.1145
2,123,far,B14,pall,0.01,0.011055555555555556
2,123,far,B14,pall,0.05,0.0565
2,123,far,B14,pall,0.1,0.11716666666666667
2,123,far,B14,M0_pA1,0.01,0.011722222222222222
2,123,far,B14,M0_pA1,0.05,0.05694444444444444
2,123,far,B14,M0_pA1,0.1,0.11533333333333333
2,123,far,B14,M0_pA2,0.01,0.010722222222222222
2,123,far,B14,M0_pA2,0.05,0.05266666666666667
2,123,far,B14,M0_pA2,0.1,0.11366666666666667
2,123,far,B14,M0_pt,0.01,0.010722222222222222
2,123,far,B14,M0_pt,0.05,0.05416666666666667
2,123,far,B14,M0_pt,0.1,0.1095
2,123,far,B14,M1_pall,0.01,0.008888888888888889
2,123,far,B14,M1_pall,0.05,0.05533333333333333
2,123,far,B14,M1_pall,0.1,0.1228888888888889
2,123,far,B14,M1_pA1,0.01,0.010166666666666666
2,123,far,B14,M1_pA1,0.05,0.050666666666666665
2,123,far,B14,M1_pA1,0.1,0.10133333333333333
2,123,far,B14,M1_pA2,0.01,0.009222222222222222
2,123,far,B14,M1_pA2,0.05,0.058222222222222224
2,123,far,B14,M1_pA2,0.1,0.11866666666666667
2,123,far,B14,M1_pt,0.01,0.012222222222222223
2,123,far,B14,M1_pt,0.05,0.05433333333333333
2,123,far,B14,M1_pt,0.1,0.106
2,123,far,B14,L0_plp,0.01,0.011333333333333334
2,123,far,B14,L0_plp,0.05,0.0565
2,123,far,B14,L0_plp,0.1,0.11588888888888889
2,123,far,B14,L1_plp,0.01,0.011277777777777777
2,123,far,B14,L1_plp,0.05,0.057166666666666664
2,123,far,B14,L1_plp,0.1,0.11522222222222223
2,123,far,B14,L2_plp,0.01,0.011333333333333334
2,123,far,B14,L2_plp,0.05,0.05622222222222222
2,123,far,B14,L2_plp,0.1,0.11555555555555555
2,123,far,L14,static,0.01,0.012666666666666666
2,123,far,L14,static,0.05,0.0545
2,123,far,L14,static,0.1,0.11066666666666666
2,123,far,L14,pall,0.01,0.009277777777777777
2,123,far,L14,pall,0.05,0.052333333333333336
2,123,far,L14,pall,0.1,0.10816666666666666
2,123,far,L14,M0_pA1,0.01,0.009166666666666667
2,123,far,L14,M0_pA1,0.05,0.051333333333333335
2,123,far,L14,M0_pA1,0.1,0.10472222222222222
2,123,far,L14,M0_pA2,0.01,0.009888888888888888
2,123,far,L14,M0_pA2,0.05,0.049166666666666664
2,123,far,L14,M0_pA2,0.1,0.10311111111111111
2,123,far,L14,M0_pt,0.01,0.00811111111111111
2,123,far,L14,M0_pt,0.05,0.04877777777777778
2,123,far,L14,M0_pt,0.1,0.10383333333333333
2,123,far,L14,M1_pall,0.01,0.010277777777777778
2,123,far,L14,M1_pall,0.05,0.04822222222222222
2,123,far,L14,M1_pall,0.1,0.10994444444444444
2,123,far,L14,M1_pA1,0.01,0.009666666666666667
2,123,far,L14,M1_pA1,0.05,0.04738888888888889
2,123,far,L14,M1_pA1,0.1,0.10238888888888889
2,123,far,L14,M1_pA2,0.01,0.007944444444444445
2,123,far,L14,M1_pA2,0.05,0.04933333333333333
2,123,far,L14,M1_pA2,0.1,0.10916666666666666
2,123,far,L14,M1_pt,0.01,0.010722222222222222
2,123,far,L14,M1_pt,0.05,0.052833333333333336
2,123,far,L14,M1_pt,0.1,0.10361111111111111
2,123,far,L14,L0_plp,0.01,0.009611111111111112
2,123,far,L14,L0_plp,0.05,0.05238888888888889
2,123,far,L14,L0_plp,0.1,0.10661111111111111
2,123,far,L14,L1_plp,0.01,0.009666666666666667
2,123,far,L14,L1_plp,0.05,0.051944444444444446
2,123,far,L14,L1_plp,0.1,0.10711111111111112
2,123,far,L14,L2_plp,0.01,0.009611111111111112
2,123,far,L14,L2_plp,0.05,0.052333333333333336
2,123,far,L14,L2_plp,0.1,0.10611111111111111
4,125,far,B14,static,0.01,0.009222222222222222
4,125,far,B14,static,0.05,0.0465
4,125,far,B14,static,0.1,0.09177777777777778
4,125,far,B14,pall,0.01,0.009444444444444445
4,125,far,B14,pall,0.05,0.04594444444444445
4,125,far,B14,pall,0.1,0.09083333333333334
4,125,far,B14,M0_pA1,0.01,0.009777777777777778
4,125,far,B14,M0_pA1,0.05,0.050944444444444445
4,125,far,B14,M0_pA1,0.1,0.09772222222222222
4,125,far,B14,M0_pA2,0.01,0.010277777777777778
4,125,far,B14,M0_pA2,0.05,0.050722222222222224
4,125,far,B14,M0_pA2,0.1,0.09961111111111111
4,125,far,B14,M0_pt,0.01,0.011277777777777777
4,125,far,B14,M0_pt,0.05,0.050333333333333334
4,125,far,B14,M0_pt,0.1,0.09694444444444444
4,125,far,B14,M1_pall,0.01,0.009777777777777778
4,125,far,B14,M1_pall,0.05,0.04705555555555556
4,125,far,B14,M1_pall,0.1,0.09233333333333334
4,125,far,B14,M1_pA1,0.01,0.015
4,125,far,B14,M1_pA1,0.05,0.05483333333333333
4,125,far,B14,M1_pA1,0.1,0.09705555555555556
4,125,far,B14,M1_pA2,0.01,0.0077777777777777776
4,125,far,B14,M1_pA2,0.05,0.04527777777777778
4,125,far,B14,M1_pA2,0.1,0.09316666666666666
4,125,far,B14,M1_pt,0.01,0.01338888888888889
4,125,far,B14,M1_pt,0.05,0.049
4,125,far,B14,M1_pt,0.1,0.09338888888888888
4,125,far,B14,L0_plp,0.01,0.009833333333333333
4,125,far,B14,L0_plp,0.05,0.045
4,125,far,B14,L0_plp,0.1,0.09677777777777778
4,125,far,B14,L1_plp,0.01,0.009333333333333334
4,125,far,B14,L1_plp,0.05,0.04583333333333333
4,125,far,B14,L1_plp,0.1,0.09805555555555556
4,125,far,B14,L2_plp,0.01,0.009722222222222222
4,125,far,B14,L2_plp,0.05,0.04488888888888889
4,125,far,B14,L2_plp,0.1,0.09655555555555556
4,125,far,L14,static,0.01,0.008777777777777778
4,125,far,L14,static,0.05,0.04872222222222222
4,125,far,L14,static,0.1,0.10005555555555555
4,125,far,L14,pall,0.01,0.010777777777777778
4,125,far,L14,pall,0.05,0.044833333333333336
4,125,far,L14,pall,0.1,0.09933333333333333
4,125,far,L14,M0_pA1,0.01,0.009555555555555555
4,125,far,L14,M0_pA1,0.05,0.04961111111111111
4,125,far,L14,M0_pA1,0.1,0.09838888888888889
4,125,far,L14,M0_pA2,0.01,0.010222222222222223
4,125,far,L14,M0_pA2,0.05,0.04961111111111111
4,125,far,L14,M0_pA2,0.1,0.10011111111111111
4,125,far,L14,M0_pt,0.01,0.00938888888888889
4,125,far,L14,M0_pt,0.05,0.04861111111111111
4,125,far,L14,M0_pt,0.1,0.098
4,125,far,L14,M1_pall,0.01,0.008777777777777778
4,125,far,L14,M1_pall,0.05,0.0605
4,125,far,L14,M1_pall,0.1,0.10827777777777778
4,125,far,L14,M1_pA1,0.01,0.008222222222222223
4,125,far,L14,M1_pA1,0.05,0.05
4,125,far,L14,M1_pA1,0.1,0.09733333333333333
4,125,far,L14,M1_pA2,0.01,0.010055555555555555
4,125,far,L14,M1_pA2,0.05,0.051166666666666666
4,125,far,L14,M1_pA2,0.1,0.10194444444444445
4,125,far,L14,M1_pt,0.01,0.009166666666666667
4,125,far,L14,M1_pt,0.05,0.04933333333333333
4,125,far,L14,M1_pt,0.1,0.09344444444444444
4,125,far,L14,L0_plp,0.01,0.010055555555555555
4,125,far,L14,L0_plp,0.05,0.04872222222222222
4,125,far,L14,L0_plp,0.1,0.10011111111111111
4,125,far,L14,L1_plp,0.01,0.010333333333333333
4,125,far,L14,L1_plp,0.05,0.049277777777777775
4,125,far,L14,L1_plp,0.1,0.10222222222222223
4,125,far,L14,L2_plp,0.01,0.009944444444444445
4,125,far,L14,L2_plp,0.05,0.04844444444444444
4,125,far,L14,L2_plp,0.1,0.09955555555555555
0,125,near,B14,static,0.01,0.012166666666666666
0,125,near,B14,static,0.05,0.04988888888888889
0,125,near,B14,static,0.1,0.09716666666666667
0,125,near,B14,pall,0.01,0.010055555555555555
0,125,near,B14,pall,0.05,0.051333333333333335
0,125,near,B14,pall,0.1,0.09538888888888888
0,125,near,B14,M0_pA1,0.01,0.011111111111111112
0,125,near,B14,M0_pA1,0.05,0.05516666666666667
0,125,near,B14,M0_pA1,0.1,0.10527777777777778
0,125,near,B14,M0_pA2,0.01,0.010611111111111111
0,125,near,B14,M0_pA2,0.05,0.051444444444444445
0,125,near,B14,M0_pA2,0.1,0.10222222222222223
0,125,near,B14,M0_pt,0.01,0.011333333333333334
0,125,near,B14,M0_pt,0.05,0.050166666666666665
0,125,near,B14,M0_pt,0.1,0.09766666666666667
0,125,near,B14,M1_pall,0.01,0.009111111111111111
0,125,near,B14,M1_pall,0.05,0.042722222222222224
0,125,near,B14,M1_pall,0.1,0.09688888888888889
0,125,near,B14,M1_pA1,0.01,0.012777777777777779
0,125,near,B14,M1_pA1,0.05,0.0645
0,125,near,B14,M1_pA1,0.1,0.10505555555555555
0,125,near,B14,M1_pA2,0.01,0.009611111111111112
0,125,near,B14,M1_pA2,0.05,0.05344444444444445
0,125,near,B14,M1_pA2,0.1,0.10227777777777777
0,125,near,B14,M1_pt,0.01,0.010388888888888888
0,125,near,B14,M1_pt,0.05,0.05555555555555555
0,125,near,B14,M1_pt,0.1,0.1063888888888889
0,125,near,B14,L0_plp,0.01,0.010055555555555555
0,125,near,B14,L0_plp,0.05,0.04783333333333333
0,125,near,B14,L0_plp,0.1,0.1058888888888889
0,125,near,B14,L1_plp,0.01,0.01011111111111111
0,125,near,B14,L1_plp,0.05,0.049
0,125,near,B14,L1_plp,0.1,0.10583333333333333
0,125,near,B14,L2_plp,0.01,0.01011111111111111
0,125,near,B14,L2_plp,0.05,0.04772222222222222
0,125,near,B14,L2_plp,0.1,0.10566666666666667
0,125,near,L14,static,0.01,0.010388888888888888
0,125,near,L14,static,0.05,0.05311111111111111
0,125,near,L14,static,0.1,0.10272222222222223
0,125,near,L14,pall,0.01,0.009055555555555556
0,125,near,L14,pall,0.05,0.04838888888888889
0,125,near,L14,pall,0.1,0.09955555555555555
0,125,near,L14,M0_pA1,0.01,0.011555555555555555
0,125,near,L14,M0_pA1,0.05,0.0535
0,125,near,L14,M0_pA1,0.1,0.10316666666666667
0,125,near,L14,M0_pA2,0.01,0.010444444444444444
0,125,near,L14,M0_pA2,0.05,0.050888888888888886
0,125,near,L14,M0_pA2,0.1,0.09844444444444445
0,125,near,L14,M0_pt,0.01,0.009444444444444445
0,125,near,L14,M0_pt,0.05,0.04661111111111111
0,125,near,L14,M0_pt,0.1,0.09833333333333333
0,125,near,L14,M1_pall,0.01,0.010388888888888888
0,125,near,L14,M1_pall,0.05,0.04744444444444444
0,125,near,L14,M1_pall,0.1,0.0965
0,125,near,L14,M1_pA1,0.01,0.008888888888888889
0,125,near,L14,M1_pA1,0.05,0.0515
0,125,near,L14,M1_pA1,0.1,0.09772222222222222
0,125,near,L14,M1_pA2,0.01,0.0074444444444444445
0,125,near,L14,M1_pA2,0.05,0.0485
0,125,near,L14,M1_pA2,0.1,0.094
0,125,near,L14,M1_pt,0.01,0.015166666666666667
0,125,near,L14,M1_pt,0.05,0.052833333333333336
0,125,near,L14,M1_pt,0.1,0.11827777777777777
0,125,near,L14,L0_plp,0.01,0.010055555555555555
0,125,near,L14,L0_plp,0.05,0.049555555555555554
0,125,near,L14,L0_plp,0.1,0.10494444444444445
0,125,near,L14,L1_plp,0.01,0.010166666666666666
0,125,near,L14,L1_plp,0.05,0.049944444444444444
0,125,near,L14,L1_plp,0.1,0.107
0,125,near,L14,L2_plp,0.01,0.01
0,125,near,L14,L2_plp,0.05,0.049555555555555554
0,125,near,L14,L2_plp,0.1,0.10461111111111111
4,123,far,B14,static,0.01,0.009222222222222222
4,123,far,B14,static,0.05,0.0465
4,123,far,B14,static,0.1,0.09177777777777778
4,123,far,B14,pall,0.01,0.009444444444444445
4,123,far,B14,pall,0.05,0.04594444444444445
4,123,far,B14,pall,0.1,0.09083333333333334
4,123,far,B14,M0_pA1,0.01,0.00938888888888889
4,123,far,B14,M0_pA1,0.05,0.049777777777777775
4,123,far,B14,M0_pA1,0.1,0.09783333333333333
4,123,far,B14,M0_pA2,0.01,0.010833333333333334
4,123,far,B14,M0_pA2,0.05,0.050833333333333335
4,123,far,B14,M0_pA2,0.1,0.09972222222222223
4,123,far,B14,M0_pt,0.01,0.010055555555555555
4,123,far,B14,M0_pt,0.05,0.051444444444444445
4,123,far,B14,M0_pt,0.1,0.09872222222222223
4,123,far,B14,M1_pall,0.01,0.009777777777777778
4,123,far,B14,M1_pall,0.05,0.04705555555555556
4,123,far,B14,M1_pall,0.1,0.09233333333333334
4,123,far,B14,M1_pA1,0.01,0.010888888888888889
4,123,far,B14,M1_pA1,0.05,0.049555555555555554
4,123,far,B14,M1_pA1,0.1,0.09672222222222222
4,123,far,B14,M1_pA2,0.01,0.0105
4,123,far,B14,M1_pA2,0.05,0.04844444444444444
4,123,far,B14,M1_pA2,0.1,0.09516666666666666
4,123,far,B14,M1_pt,0.01,0.00938888888888889
4,123,far,B14,M1_pt,0.05,0.04733333333333333
4,123,far,B14,M1_pt,0.1,0.09483333333333334
4,123,far,B14,L0_plp,0.01,0.011277777777777777
4,123,far,B14,L0_plp,0.05,0.04788888888888889
4,123,far,B14,L0_plp,0.1,0.09988888888888889
4,123,far,B14,L1_plp,0.01,0.011277777777777777
4,123,far,B14,L1_plp,0.05,0.04827777777777778
4,123,far,B14,L1_plp,0.1,0.09988888888888889
4,123,far,B14,L2_plp,0.01,0.011277777777777777
4,123,far,B14,L2_plp,0.05,0.04777777777777778
4,123,far,B14,L2_plp,0.1,0.09972222222222223
4,123,far,L14,static,0.01,0.008777777777777778
4,123,far,L14,static,0.05,0.04872222222222222
4,123,far,L14,static,0.1,0.10005555555555555
4,123,far,L14,pall,0.01,0.010777777777777778
4,123,far,L14,pall,0.05,0.044833333333333336
4,123,far,L14,pall,0.1,0.09933333333333333
4,123,far,L14,M0_pA1,0.01,0.009833333333333333
4,123,far,L14,M0_pA1,0.05,0.04961111111111111
4,123,far,L14,M0_pA1,0.1,0.09866666666666667
4,123,far,L14,M0_pA2,0.01,0.008833333333333334
4,123,far,L14,M0_pA2,0.05,0.04988888888888889
4,123,far,L14,M0_pA2,0.1,0.10133333333333333
4,123,far,L14,M0_pt,0.01,0.009
4,123,far,L14,M0_pt,0.05,0.049944444444444444
4,123,far,L14,M0_pt,0.1,0.09988888888888889
4,123,far,L14,M1_pall,0.01,0.008777777777777778
4,123,far,L14,M1_pall,0.05,0.0605
4,123,far,L14,M1_pall,0.1,0.10827777777777778
4,123,far,L14,M1_pA1,0.01,0.008666666666666666
4,123,far,L14,M1_pA1,0.05,0.04766666666666667
4,123,far,L14,M1_pA1,0.1,0.09877777777777778
4,123,far,L14,M1_pA2,0.01,0.011444444444444445
4,123,far,L14,M1_pA2,0.05,0.05288888888888889
4,123,far,L14,M1_pA2,0.1,0.10261111111111111
4,123,far,L14,M1_pt,0.01,0.00788888888888889
4,123,far,L14,M1_pt,0.05,0.04466666666666667
4,123,far,L14,M1_pt,0.1,0.08661111111111111
4,123,far,L14,L0_plp,0.01,0.010833333333333334
4,123,far,L14,L0_plp,0.05,0.050444444444444445
4,123,far,L14,L0_plp,0.1,0.10438888888888889
4,123,far,L14,L1_plp,0.01,0.010944444444444444
4,123,far,L14,L1_plp,0.05,0.050444444444444445
4,123,far,L14,L1_plp,0.1,0.10605555555555556
4,123,far,L14,L2_plp,0.01,0.010888888888888889
4,123,far,L14,L2_plp,0.05,0.050388888888888886
4,123,far,L14,L2_plp,0.1,0.10383333333333333
4,125,near,B14,static,0.01,0.009222222222222222
4,125,near,B14,static,0.05,0.0465
4,125,near,B14,static,0.1,0.09177777777777778
4,125,near,B14,pall,0.01,0.009444444444444445
4,125,near,B14,pall,0.05,0.04594444444444445
4,125,near,B14,pall,0.1,0.09083333333333334
4,125,near,B14,M0_pA1,0.01,0.0095
4,125,near,B14,M0_pA1,0.05,0.051444444444444445
4,125,near,B14,M0_pA1,0.1,0.09872222222222223
4,125,near,B14,M0_pA2,0.01,0.008722222222222221
4,125,near,B14,M0_pA2,0.05,0.048666666666666664
4,125,near,B14,M0_pA2,0.1,0.0966111111111111
4,125,near,B14,M0_pt,0.01,0.007611111111111111
4,125,near,B14,M0_pt,0.05,0.04616666666666667
4,125,near,B14,M0_pt,0.1,0.09494444444444444
4,125,near,B14,M1_pall,0.01,0.009777777777777778
4,125,near,B14,M1_pall,0.05,0.04705555555555556
4,125,near,B14,M1_pall,0.1,0.09233333333333334
4,125,near,B14,M1_pA1,0.01,0.009888888888888888
4,125,near,B14,M1_pA1,0.05,0.051611111111111115
4,125,near,B14,M1_pA1,0.1,0.09516666666666666
4,125,near,B14,M1_pA2,0.01,0.006166666666666667
4,125,near,B14,M1_pA2,0.05,0.04661111111111111
4,125,near,B14,M1_pA2,0.1,0.09694444444444444
4,125,near,B14,M1_pt,0.01,0.009666666666666667
4,125,near,B14,M1_pt,0.05,0.0445
4,125,near,B14,M1_pt,0.1,0.09277777777777778
4,125,near,B14,L0_plp,0.01,0.010444444444444444
4,125,near,B14,L0_plp,0.05,0.046
4,125,near,B14,L0_plp,0.1,0.09538888888888888
4,125,near,B14,L1_plp,0.01,0.010388888888888888
4,125,near,B14,L1_plp,0.05,0.04672222222222222
4,125,near,B14,L1_plp,0.1,0.09594444444444444
4,125,near,B14,L2_plp,0.01,0.010388888888888888
4,125,near,B14,L2_plp,0.05,0.04572222222222222
4,125,near,B14,L2_plp,0.1,0.09494444444444444
4,125,near,L14,static,0.01,0.008777777777777778
4,125,near,L14,static,0.05,0.04872222222222222
4,125,near,L14,static,0.1,0.10005555555555555
4,125,near,L14,pall,0.01,0.010777777777777778
4,125,near,L14,pall,0.05,0.044833333333333336
4,125,near,L14,pall,0.1,0.09933333333333333
4,125,near,L14,M0_pA1,0.01,0.009166666666666667
4,125,near,L14,M0_pA1,0.05,0.05261111111111111
4,125,near,L14,M0_pA1,0.1,0.10027777777777777
4,125,near,L14,M0_pA2,0.01,0.009611111111111112
4,125,near,L14,M0_pA2,0.05,0.050722222222222224
4,125,near,L14,M0_pA2,0.1,0.1015
4,125,near,L14,M0_pt,0.01,0.009555555555555555
4,125,near,L14,M0_pt,0.05,0.04838888888888889
4,125,near,L14,M0_pt,0.1,0.0976111111111111
4,125,near,L14,M1_pall,0.01,0.008777777777777778
4,125,near,L14,M1_pall,0.05,0.0605
4,125,near,L14,M1_pall,0.1,0.10827777777777778
4,125,near,L14,M1_pA1,0.01,0.006388888888888889
4,125,near,L14,M1_pA1,0.05,0.050277777777777775
4,125,near,L14,M1_pA1,0.1,0.099
4,125,near,L14,M1_pA2,0.01,0.010555555555555556
4,125,near,L14,M1_pA2,0.05,0.052833333333333336
4,125,near,L14,M1_pA2,0.1,0.10661111111111111
4,125,near,L14,M1_pt,0.01,0.010555555555555556
4,125,near,L14,M1_pt,0.05,0.04488888888888889
4,125,near,L14,M1_pt,0.1,0.09583333333333334
4,125,near,L14,L0_plp,0.01,0.0095
4,125,near,L14,L0_plp,0.05,0.04772222222222222
4,125,near,L14,L0_plp,0.1,0.09877777777777778
4,125,near,L14,L1_plp,0.01,0.009
4,125,near,L14,L1_plp,0.05,0.04711111111111111
4,125,near,L14,L1_plp,0.1,0.09966666666666667
4,125,near,L14,L2_plp,0.01,0.0095
4,125,near,L14,L2_plp,0.05,0.04766666666666667
4,125,near,L14,L2_plp,0.1,0.09872222222222223
3,124,far,B14,static,0.01,0.007555555555555556
3,124,far,B14,static,0.05,0.04672222222222222
3,124,far,B14,static,0.1,0.09294444444444444
3,124,far,B14,pall,0.01,0.0067777777777777775
3,124,far,B14,pall,0.05,0.042777777777777776
3,124,far,B14,pall,0.1,0.09316666666666666
3,124,far,B14,M0_pA1,0.01,0.009277777777777777
3,124,far,B14,M0_pA1,0.05,0.05011111111111111
3,124,far,B14,M0_pA1,0.1,0.09294444444444444
3,124,far,B14,M0_pA2,0.01,0.008944444444444444
3,124,far,B14,M0_pA2,0.05,0.04755555555555555
3,124,far,B14,M0_pA2,0.1,0.09177777777777778
3,124,far,B14,M0_pt,0.01,0.009666666666666667
3,124,far,B14,M0_pt,0.05,0.048
3,124,far,B14,M0_pt,0.1,0.0956111111111111
3,124,far,B14,M1_pall,0.01,0.006833333333333334
3,124,far,B14,M1_pall,0.05,0.03738888888888889
3,124,far,B14,M1_pall,0.1,0.08944444444444444
3,124,far,B14,M1_pA1,0.01,0.008333333333333333
3,124,far,B14,M1_pA1,0.05,0.04644444444444444
3,124,far,B14,M1_pA1,0.1,0.09244444444444444
3,124,far,B14,M1_pA2,0.01,0.00811111111111111
3,124,far,B14,M1_pA2,0.05,0.05238888888888889
3,124,far,B14,M1_pA2,0.1,0.10605555555555556
3,124,far,B14,M1_pt,0.01,0.007
3,124,far,B14,M1_pt,0.05,0.042555555555555555
3,124,far,B14,M1_pt,0.1,0.08372222222222223
3,124,far,B14,L0_plp,0.01,0.009222222222222222
3,124,far,B14,L0_plp,0.05,0.05011111111111111
3,124,far,B14,L0_plp,0.1,0.10622222222222222
3,124,far,B14,L1_plp,0.01,0.008333333333333333
3,124,far,B14,L1_plp,0.05,0.051222222222222225
3,124,far,B14,L1_plp,0.1,0.10666666666666667
3,124,far,B14,L2_plp,0.01,0.009222222222222222
3,124,far,B14,L2_plp,0.05,0.050166666666666665
3,124,far,B14,L2_plp,0.1,0.10594444444444444
3,124,far,L14,static,0.01,0.009833333333333333
3,124,far,L14,static,0.05,0.0505
3,124,far,L14,static,0.1,0.09861111111111111
3,124,far,L14,pall,0.01,0.009222222222222222
3,124,far,L14,pall,0.05,0.04822222222222222
3,124,far,L14,pall,0.1,0.09455555555555556
3,124,far,L14,M0_pA1,0.01,0.01
3,124,far,L14,M0_pA1,0.05,0.048
3,124,far,L14,M0_pA1,0.1,0.0971111111111111
3,124,far,L14,M0_pA2,0.01,0.010333333333333333
3,124,far,L14,M0_pA2,0.05,0.0505
3,124,far,L14,M0_pA2,0.1,0.0975
3,124,far,L14,M0_pt,0.01,0.009222222222222222
3,124,far,L14,M0_pt,0.05,0.047
3,124,far,L14,M0_pt,0.1,0.09683333333333333
3,124,far,L14,M1_pall,0.01,0.009222222222222222
3,124,far,L14,M1_pall,0.05,0.04438888888888889
3,124,far,L14,M1_pall,0.1,0.09666666666666666
3,124,far,L14,M1_pA1,0.01,0.009055555555555556
3,124,far,L14,M1_pA1,0.05,0.04511111111111111
3,124,far,L14,M1_pA1,0.1,0.09233333333333334
3,124,far,L14,M1_pA2,0.01,0.0085
3,124,far,L14,M1_pA2,0.05,0.05383333333333333
3,124,far,L14,M1_pA2,0.1,0.10833333333333334
3,124,far,L14,M1_pt,0.01,0.0075
3,124,far,L14,M1_pt,0.05,0.042722222222222224
3,124,far,L14,M1_pt,0.1,0.08883333333333333
3,124,far,L14,L0_plp,0.01,0.011555555555555555
3,124,far,L14,L0_plp,0.05,0.050166666666666665
3,124,far,L14,L0_plp,0.1,0.09844444444444445
3,124,far,L14,L1_plp,0.01,0.011333333333333334
3,124,far,L14,L1_plp,0.05,0.05
3,124,far,L14,L1_plp,0.1,0.09855555555555555
3,124,far,L14,L2_plp,0.01,0.011444444444444445
3,124,far,L14,L2_plp,0.05,0.050055555555555555
3,124,far,L14,L2_plp,0.1,0.09777777777777778
1,124,near,B14,static,0.01,0.013944444444444445
1,124,near,B14,static,0.05,0.04855555555555555
1,124,near,B14,static,0.1,0.10877777777777778
1,124,near,B14,pall,0.01,0.011444444444444445
1,124,near,B14,pall,0.05,0.05138888888888889
1,124,near,B14,pall,0.1,0.10344444444444445
1,124,near,B14,M0_pA1,0.01,0.01338888888888889
1,124,near,B14,M0_pA1,0.05,0.050944444444444445
1,124,near,B14,M0_pA1,0.1,0.1015
1,124,near,B14,M0_pA2,0.01,0.0135
1,124,near,B14,M0_pA2,0.05,0.05261111111111111
1,124,near,B14,M0_pA2,0.1,0.10383333333333333
1,124,near,B14,M0_pt,0.01,0.011666666666666667
1,124,near,B14,M0_pt,0.05,0.050388888888888886
1,124,near,B14,M0_pt,0.1,0.10072222222222223
1,124,near,B14,M1_pall,0.01,0.013055555555555556
1,124,near,B14,M1_pall,0.05,0.052833333333333336
1,124,near,B14,M1_pall,0.1,0.11966666666666667
1,124,near,B14,M1_pA1,0.01,0.009833333333333333
1,124,near,B14,M1_pA1,0.05,0.04805555555555555
1,124,near,B14,M1_pA1,0.1,0.09022222222222222
1,124,near,B14,M1_pA2,0.01,0.013777777777777778
1,124,near,B14,M1_pA2,0.05,0.05416666666666667
1,124,near,B14,M1_pA2,0.1,0.1
1,124,near,B14,M1_pt,0.01,0.010944444444444444
1,124,near,B14,M1_pt,0.05,0.05605555555555555
1,124,near,B14,M1_pt,0.1,0.1085
1,124,near,B14,L0_plp,0.01,0.010555555555555556
1,124,near,B14,L0_plp,0.05,0.05416666666666667
1,124,near,B14,L0_plp,0.1,0.11022222222222222
1,124,near,B14,L1_plp,0.01,0.010888888888888889
1,124,near,B14,L1_plp,0.05,0.05466666666666667
1,124,near,B14,L1_plp,0.1,0.11022222222222222
1,124,near,B14,L2_plp,0.01,0.010666666666666666
1,124,near,B14,L2_plp,0.05,0.05394444444444445
1,124,near,B14,L2_plp,0.1,0.11
1,124,near,L14,static,0.01,0.013055555555555556
1,124,near,L14,static,0.05,0.059444444444444446
1,124,near,L14,static,0.1,0.11666666666666667
1,124,near,L14,pall,0.01,0.011555555555555555
1,124,near,L14,pall,0.05,0.05644444444444444
1,124,near,L14,pall,0.1,0.11344444444444444
1,124,near,L14,M0_pA1,0.01,0.010055555555555555
1,124,near,L14,M0_pA1,0.05,0.05138888888888889
1,124,near,L14,M0_pA1,0.1,0.10511111111111111
1,124,near,L14,M0_pA2,0.01,0.010888888888888889
1,124,near,L14,M0_pA2,0.05,0.050222222222222224
1,124,near,L14,M0_pA2,0.1,0.10327777777777777
1,124,near,L14,M0_pt,0.01,0.011166666666666667
1,124,near,L14,M0_pt,0.05,0.049
1,124,near,L14,M0_pt,0.1,0.10072222222222223
1,124,near,L14,M1_pall,0.01,0.013
1,124,near,L14,M1_pall,0.05,0.05444444444444444
1,124,near,L14,M1_pall,0.1,0.12494444444444444
1,124,near,L14,M1_pA1,0.01,0.008666666666666666
1,124,near,L14,M1_pA1,0.05,0.051611111111111115
1,124,near,L14,M1_pA1,0.1,0.10416666666666667
1,124,near,L14,M1_pA2,0.01,0.011722222222222222
1,124,near,L14,M1_pA2,0.05,0.0555
1,124,near,L14,M1_pA2,0.1,0.10633333333333334
1,124,near,L14,M1_pt,0.01,0.010888888888888889
1,124,near,L14,M1_pt,0.05,0.04933333333333333
1,124,near,L14,M1_pt,0.1,0.10455555555555555
1,124,near,L14,L0_plp,0.01,0.0135
1,124,near,L14,L0_plp,0.05,0.05633333333333333
1,124,near,L14,L0_plp,0.1,0.11388888888888889
1,124,near,L14,L1_plp,0.01,0.01361111111111111
1,124,near,L14,L1_plp,0.05,0.057444444444444444
1,124,near,L14,L1_plp,0.1,0.11494444444444445
1,124,near,L14,L2_plp,0.01,0.0135
1,124,near,L14,L2_plp,0.05,0.05644444444444444
1,124,near,L14,L2_plp,0.1,0.11355555555555556
2,124,near,B14,static,0.01,0.012888888888888889
2,124,near,B14,static,0.05,0.057777777777777775
2,124,near,B14,static,0.1,0.1145
2,124,near,B14,pall,0.01,0.011055555555555556
2,124,near,B14,pall,0.05,0.0565
2,124,near,B14,pall,0.1,0.11716666666666667
2,124,near,B14,M0_pA1,0.01,0.012888888888888889
2,124,near,B14,M0_pA1,0.05,0.05527777777777778
2,124,near,B14,M0_pA1,0.1,0.1083888888888889
2,124,near,B14,M0_pA2,0.01,0.012277777777777778
2,124,near,B14,M0_pA2,0.05,0.05294444444444445
2,124,near,B14,M0_pA2,0.1,0.10511111111111111
2,124,near,B14,M0_pt,0.01,0.012777777777777779
2,124,near,B14,M0_pt,0.05,0.0535
2,124,near,B14,M0_pt,0.1,0.10133333333333333
2,124,near,B14,M1_pall,0.01,0.008888888888888889
2,124,near,B14,M1_pall,0.05,0.05533333333333333
2,124,near,B14,M1_pall,0.1,0.1228888888888889
2,124,near,B14,M1_pA1,0.01,0.007666666666666666
2,124,near,B14,M1_pA1,0.05,0.04794444444444444
2,124,near,B14,M1_pA1,0.1,0.09688888888888889
2,124,near,B14,M1_pA2,0.01,0.01338888888888889
2,124,near,B14,M1_pA2,0.05,0.06077777777777778
2,124,near,B14,M1_pA2,0.1,0.11411111111111111
2,124,near,B14,M1_pt,0.01,0.01411111111111111
2,124,near,B14,M1_pt,0.05,0.05322222222222222
2,124,near,B14,M1_pt,0.1,0.10027777777777777
2,124,near,B14,L0_plp,0.01,0.011
2,124,near,B14,L0_plp,0.05,0.06016666666666667
2,124,near,B14,L0_plp,0.1,0.11422222222222222
2,124,near,B14,L1_plp,0.01,0.01161111111111111
2,124,near,B14,L1_plp,0.05,0.06
2,124,near,B14,L1_plp,0.1,0.11527777777777778
2,124,near,B14,L2_plp,0.01,0.011
2,124,near,B14,L2_plp,0.05,0.05988888888888889
2,124,near,B14,L2_plp,0.1,0.11405555555555555
2,124,near,L14,static,0.01,0.012666666666666666
2,124,near,L14,static,0.05,0.0545
2,124,near,L14,static,0.1,0.11066666666666666
2,124,near,L14,pall,0.01,0.009277777777777777
2,124,near,L14,pall,0.05,0.052333333333333336
2,124,near,L14,pall,0.1,0.10816666666666666
2,124,near,L14,M0_pA1,0.01,0.009666666666666667
2,124,near,L14,M0_pA1,0.05,0.04811111111111111
2,124,near,L14,M0_pA1,0.1,0.09727777777777778
2,124,near,L14,M0_pA2,0.01,0.009
2,124,near,L14,M0_pA2,0.05,0.04772222222222222
2,124,near,L14,M0_pA2,0.1,0.09622222222222222
2,124,near,L14,M0_pt,0.01,0.009333333333333334
2,124,near,L14,M0_pt,0.05,0.046
2,124,near,L14,M0_pt,0.1,0.09555555555555556
2,124,near,L14,M1_pall,0.01,0.010277777777777778
2,124,near,L14,M1_pall,0.05,0.04822222222222222
2,124,near,L14,M1_pall,0.1,0.10994444444444444
2,124,near,L14,M1_pA1,0.01,0.008555555555555556
2,124,near,L14,M1_pA1,0.05,0.043333333333333335
2,124,near,L14,M1_pA1,0.1,0.09244444444444444
2,124,near,L14,M1_pA2,0.01,0.006944444444444444
2,124,near,L14,M1_pA2,0.05,0.04677777777777778
2,124,near,L14,M1_pA2,0.1,0.09933333333333333
2,124,near,L14,M1_pt,0.01,0.009166666666666667
2,124,near,L14,M1_pt,0.05,0.04511111111111111
2,124,near,L14,M1_pt,0.1,0.09883333333333333
2,124,near,L14,L0_plp,0.01,0.010055555555555555
2,124,near,L14,L0_plp,0.05,0.052333333333333336
2,124,near,L14,L0_plp,0.1,0.10216666666666667
2,124,near,L14,L1_plp,0.01,0.010222222222222223
2,124,near,L14,L1_plp,0.05,0.05255555555555556
2,124,near,L14,L1_plp,0.1,0.10177777777777777
2,124,near,L14,L2_plp,0.01,0.009888888888888888
2,124,near,L14,L2_plp,0.05,0.052055555555555556
2,124,near,L14,L2_plp,0.1,0.102
1,124,far,B14,static,0.01,0.013944444444444445
1,124,far,B14,static,0.05,0.04855555555555555
1,124,far,B14,static,0.1,0.10877777777777778
1,124,far,B14,pall,0.01,0.011444444444444445
1,124,far,B14,pall,0.05,0.05138888888888889
1,124,far,B14,pall,0.1,0.10344444444444445
1,124,far,B14,M0_pA1,0.01,0.011833333333333333
1,124,far,B14,M0_pA1,0.05,0.051722222222222225
1,124,far,B14,M0_pA1,0.1,0.10083333333333333
1,124,far,B14,M0_pA2,0.01,0.01138888888888889
1,124,far,B14,M0_pA2,0.05,0.05372222222222222
1,124,far,B14,M0_pA2,0.1,0.10427777777777777
1,124,far,B14,M0_pt,0.01,0.010277777777777778
1,124,far,B14,M0_pt,0.05,0.050166666666666665
1,124,far,B14,M0_pt,0.1,0.10261111111111111
1,124,far,B14,M1_pall,0.01,0.013055555555555556
1,124,far,B14,M1_pall,0.05,0.052833333333333336
1,124,far,B14,M1_pall,0.1,0.11966666666666667
1,124,far,B14,M1_pA1,0.01,0.01161111111111111
1,124,far,B14,M1_pA1,0.05,0.0525
1,124,far,B14,M1_pA1,0.1,0.09616666666666666
1,124,far,B14,M1_pA2,0.01,0.012333333333333333
1,124,far,B14,M1_pA2,0.05,0.049944444444444444
1,124,far,B14,M1_pA2,0.1,0.10027777777777777
1,124,far,B14,M1_pt,0.01,0.008388888888888888
1,124,far,B14,M1_pt,0.05,0.05566666666666667
1,124,far,B14,M1_pt,0.1,0.1085
1,124,far,B14,L0_plp,0.01,0.012222222222222223
1,124,far,B14,L0_plp,0.05,0.05383333333333333
1,124,far,B14,L0_plp,0.1,0.1106111111111111
1,124,far,B14,L1_plp,0.01,0.012277777777777778
1,124,far,B14,L1_plp,0.05,0.05316666666666667
1,124,far,B14,L1_plp,0.1,0.11022222222222222
1,124,far,B14,L2_plp,0.01,0.012277777777777778
1,124,far,B14,L2_plp,0.05,0.0535
1,124,far,B14,L2_plp,0.1,0.11022222222222222
1,124,far,L14,static,0.01,0.013055555555555556
1,124,far,L14,static,0.05,0.059444444444444446
1,124,far,L14,static,0.1,0.11666666666666667
1,124,far,L14,pall,0.01,0.011555555555555555
1,124,far,L14,pall,0.05,0.05644444444444444
1,124,far,L14,pall,0.1,0.11344444444444444
1,124,far,L14,M0_pA1,0.01,0.009111111111111111
1,124,far,L14,M0_pA1,0.05,0.051444444444444445
1,124,far,L14,M0_pA1,0.1,0.10533333333333333
1,124,far,L14,M0_pA2,0.01,0.009777777777777778
1,124,far,L14,M0_pA2,0.05,0.050222222222222224
1,124,far,L14,M0_pA2,0.1,0.103
1,124,far,L14,M0_pt,0.01,0.009833333333333333
1,124,far,L14,M0_pt,0.05,0.050722222222222224
1,124,far,L14,M0_pt,0.1,0.104
1,124,far,L14,M1_pall,0.01,0.013
1,124,far,L14,M1_pall,0.05,0.05444444444444444
1,124,far,L14,M1_pall,0.1,0.12494444444444444
1,124,far,L14,M1_pA1,0.01,0.010388888888888888
1,124,far,L14,M1_pA1,0.05,0.0565
1,124,far,L14,M1_pA1,0.1,0.10933333333333334
1,124,far,L14,M1_pA2,0.01,0.008666666666666666
1,124,far,L14,M1_pA2,0.05,0.05622222222222222
1,124,far,L14,M1_pA2,0.1,0.11294444444444444
1,124,far,L14,M1_pt,0.01,0.009222222222222222
1,124,far,L14,M1_pt,0.05,0.052055555555555556
1,124,far,L14,M1_pt,0.1,0.10433333333333333
1,124,far,L14,L0_plp,0.01,0.013777777777777778
1,124,far,L14,L0_plp,0.05,0.058722222222222224
1,124,far,L14,L0_plp,0.1,0.11238888888888889
1,124,far,L14,L1_plp,0.01,0.01411111111111111
1,124,far,L14,L1_plp,0.05,0.059166666666666666
1,124,far,L14,L1_plp,0.1,0.11272222222222222
1,124,far,L14,L2_plp,0.01,0.01361111111111111
1,124,far,L14,L2_plp,0.05,0.0585
1,124,far,L14,L2_plp,0.1,0.112
0,123,near,B14,static,0.01,0.012166666666666666
0,123,near,B14,static,0.05,0.04988888888888889
0,123,near,B14,static,0.1,0.09716666666666667
0,123,near,B14,pall,0.01,0.010055555555555555
0,123,near,B14,pall,0.05,0.051333333333333335
0,123,near,B14,pall,0.1,0.09538888888888888
0,123,near,B14,M0_pA1,0.01,0.010944444444444444
0,123,near,B14,M0_pA1,0.05,0.05511111111111111
0,123,near,B14,M0_pA1,0.1,0.10672222222222222
0,123,near,B14,M0_pA2,0.01,0.011944444444444445
0,123,near,B14,M0_pA2,0.05,0.04988888888888889
0,123,near,B14,M0_pA2,0.1,0.09888888888888889
0,123,near,B14,M0_pt,0.01,0.011166666666666667
0,123,near,B14,M0_pt,0.05,0.052055555555555556
0,123,near,B14,M0_pt,0.1,0.09977777777777778
0,123,near,B14,M1_pall,0.01,0.009111111111111111
0,123,near,B14,M1_pall,0.05,0.042722222222222224
0,123,near,B14,M1_pall,0.1,0.09688888888888889
0,123,near,B14,M1_pA1,0.01,0.0105
0,123,near,B14,M1_pA1,0.05,0.0615
0,123,near,B14,M1_pA1,0.1,0.10427777777777777
0,123,near,B14,M1_pA2,0.01,0.009444444444444445
0,123,near,B14,M1_pA2,0.05,0.050611111111111114
0,123,near,B14,M1_pA2,0.1,0.10088888888888889
0,123,near,B14,M1_pt,0.01,0.012722222222222222
0,123,near,B14,M1_pt,0.05,0.05722222222222222
0,123,near,B14,M1_pt,0.1,0.10572222222222222
0,123,near,B14,L0_plp,0.01,0.009611111111111112
0,123,near,B14,L0_plp,0.05,0.04883333333333333
0,123,near,B14,L0_plp,0.1,0.10511111111111111
0,123,near,B14,L1_plp,0.01,0.00938888888888889
0,123,near,B14,L1_plp,0.05,0.04922222222222222
0,123,near,B14,L1_plp,0.1,0.10472222222222222
0,123,near,B14,L2_plp,0.01,0.009444444444444445
0,123,near,B14,L2_plp,0.05,0.04883333333333333
0,123,near,B14,L2_plp,0.1,0.10472222222222222
0,123,near,L14,static,0.01,0.010388888888888888
0,123,near,L14,static,0.05,0.05311111111111111
0,123,near,L14,static,0.1,0.10272222222222223
0,123,near,L14,pall,0.01,0.009055555555555556
0,123,near,L14,pall,0.05,0.04838888888888889
0,123,near,L14,pall,0.1,0.09955555555555555
0,123,near,L14,M0_pA1,0.01,0.010166666666666666
0,123,near,L14,M0_pA1,0.05,0.049666666666666665
0,123,near,L14,M0_pA1,0.1,0.10016666666666667
0,123,near,L14,M0_pA2,0.01,0.010611111111111111
0,123,near,L14,M0_pA2,0.05,0.04694444444444444
0,123,near,L14,M0_pA2,0.1,0.0971111111111111
0,123,near,L14,M0_pt,0.01,0.010444444444444444
0,123,near,L14,M0_pt,0.05,0.04688888888888889
0,123,near,L14,M0_pt,0.1,0.0985
0,123,near,L14,M1_pall,0.01,0.010388888888888888
0,123,near,L14,M1_pall,0.05,0.04744444444444444
0,123,near,L14,M1_pall,0.1,0.0965
0,123,near,L14,M1_pA1,0.01,0.008777777777777778
0,123,near,L14,M1_pA1,0.05,0.04777777777777778
0,123,near,L14,M1_pA1,0.1,0.09655555555555556
0,123,near,L14,M1_pA2,0.01,0.005888888888888889
0,123,near,L14,M1_pA2,0.05,0.043055555555555555
0,123,near,L14,M1_pA2,0.1,0.0935
0,123,near,L14,M1_pt,0.01,0.014722222222222222
0,123,near,L14,M1_pt,0.05,0.054
0,123,near,L14,M1_pt,0.1,0.11566666666666667
0,123,near,L14,L0_plp,0.01,0.009777777777777778
0,123,near,L14,L0_plp,0.05,0.05177777777777778
0,123,near,L14,L0_plp,0.1,0.10833333333333334
0,123,near,L14,L1_plp,0.01,0.009611111111111112
0,123,near,L14,L1_plp,0.05,0.052222222222222225
0,123,near,L14,L1_plp,0.1,0.10844444444444444
0,123,near,L14,L2_plp,0.01,0.009722222222222222
0,123,near,L14,L2_plp,0.05,0.051555555555555556
0,123,near,L14,L2_plp,0.1,0.10822222222222222
1,125,near,B14,static,0.01,0.013944444444444445
1,125,near,B14,static,0.05,0.04855555555555555
1,125,near,B14,static,0.1,0.10877777777777778
1,125,near,B14,pall,0.01,0.011444444444444445
1,125,near,B14,pall,0.05,0.05138888888888889
1,125,near,B14,pall,0.1,0.10344444444444445
1,125,near,B14,M0_pA1,0.01,0.013222222222222222
1,125,near,B14,M0_pA1,0.05,0.051555555555555556
1,125,near,B14,M0_pA1,0.1,0.10361111111111111
1,125,near,B14,M0_pA2,0.01,0.012666666666666666
1,125,near,B14,M0_pA2,0.05,0.05272222222222222
1,125,near,B14,M0_pA2,0.1,0.10794444444444444
1,125,near,B14,M0_pt,0.01,0.012666666666666666
1,125,near,B14,M0_pt,0.05,0.05472222222222222
1,125,near,B14,M0_pt,0.1,0.10472222222222222
1,125,near,B14,M1_pall,0.01,0.013055555555555556
1,125,near,B14,M1_pall,0.05,0.052833333333333336
1,125,near,B14,M1_pall,0.1,0.11966666666666667
1,125,near,B14,M1_pA1,0.01,0.010277777777777778
1,125,near,B14,M1_pA1,0.05,0.049166666666666664
1,125,near,B14,M1_pA1,0.1,0.09855555555555555
1,125,near,B14,M1_pA2,0.01,0.013166666666666667
1,125,near,B14,M1_pA2,0.05,0.05455555555555556
1,125,near,B14,M1_pA2,0.1,0.10388888888888889
1,125,near,B14,M1_pt,0.01,0.012
1,125,near,B14,M1_pt,0.05,0.0575
1,125,near,B14,M1_pt,0.1,0.10766666666666666
1,125,near,B14,L0_plp,0.01,0.012333333333333333
1,125,near,B14,L0_plp,0.05,0.0565
1,125,near,B14,L0_plp,0.1,0.10938888888888888
1,125,near,B14,L1_plp,0.01,0.013055555555555556
1,125,near,B14,L1_plp,0.05,0.05711111111111111
1,125,near,B14,L1_plp,0.1,0.1106111111111111
1,125,near,B14,L2_plp,0.01,0.012277777777777778
1,125,near,B14,L2_plp,0.05,0.05627777777777778
1,125,near,B14,L2_plp,0.1,0.10894444444444444
1,125,near,L14,static,0.01,0.013055555555555556
1,125,near,L14,static,0.05,0.059444444444444446
1,125,near,L14,static,0.1,0.11666666666666667
1,125,near,L14,pall,0.01,0.011555555555555555
1,125,near,L14,pall,0.05,0.05644444444444444
1,125,near,L14,pall,0.1,0.11344444444444444
1,125,near,L14,M0_pA1,0.01,0.0105
1,125,near,L14,M0_pA1,0.05,0.051277777777777776
1,125,near,L14,M0_pA1,0.1,0.1095
1,125,near,L14,M0_pA2,0.01,0.011055555555555556
1,125,near,L14,M0_pA2,0.05,0.04988888888888889
1,125,near,L14,M0_pA2,0.1,0.10644444444444444
1,125,near,L14,M0_pt,0.01,0.010222222222222223
1,125,near,L14,M0_pt,0.05,0.05011111111111111
1,125,near,L14,M0_pt,0.1,0.104
1,125,near,L14,M1_pall,0.01,0.013
1,125,near,L14,M1_pall,0.05,0.05444444444444444
1,125,near,L14,M1_pall,0.1,0.12494444444444444
1,125,near,L14,M1_pA1,0.01,0.008277777777777778
1,125,near,L14,M1_pA1,0.05,0.05294444444444445
1,125,near,L14,M1_pA1,0.1,0.1126111111111111
1,125,near,L14,M1_pA2,0.01,0.01361111111111111
1,125,near,L14,M1_pA2,0.05,0.0595
1,125,near,L14,M1_pA2,0.1,0.11461111111111111
1,125,near,L14,M1_pt,0.01,0.008388888888888888
1,125,near,L14,M1_pt,0.05,0.04533333333333334
1,125,near,L14,M1_pt,0.1,0.10077777777777777
1,125,near,L14,L0_plp,0.01,0.012611111111111111
1,125,near,L14,L0_plp,0.05,0.05677777777777778
1,125,near,L14,L0_plp,0.1,0.11433333333333333
1,125,near,L14,L1_plp,0.01,0.013222222222222222
1,125,near,L14,L1_plp,0.05,0.058277777777777776
1,125,near,L14,L1_plp,0.1,0.11477777777777778
1,125,near,L14,L2_plp,0.01,0.012611111111111111
1,125,near,L14,L2_plp,0.05,0.05688888888888889
1,125,near,L14,L2_plp,0.1,0.11383333333333333
2,125,far,B14,static,0.01,0.012888888888888889
2,125,far,B14,static,0.05,0.057777777777777775
2,125,far,B14,static,0.1,0.1145
2,125,far,B14,pall,0.01,0.011055555555555556
2,125,far,B14,pall,0.05,0.0565
2,125,far,B14,pall,0.1,0.11716666666666667
2,125,far,B14,M0_pA1,0.01,0.01011111111111111
2,125,far,B14,M0_pA1,0.05,0.05411111111111111
2,125,far,B14,M0_pA1,0.1,0.10705555555555556
2,125,far,B14,M0_pA2,0.01,0.010666666666666666
2,125,far,B14,M0_pA2,0.05,0.05411111111111111
2,125,far,B14,M0_pA2,0.1,0.10761111111111112
2,125,far,B14,M0_pt,0.01,0.0115
2,125,far,B14,M0_pt,0.05,0.051611111111111115
2,125,far,B14,M0_pt,0.1,0.10611111111111111
2,125,far,B14,M1_pall,0.01,0.008888888888888889
2,125,far,B14,M1_pall,0.05,0.05533333333333333
2,125,far,B14,M1_pall,0.1,0.1228888888888889
2,125,far,B14,M1_pA1,0.01,0.007833333333333333
2,125,far,B14,M1_pA1,0.05,0.050388888888888886
2,125,far,B14,M1_pA1,0.1,0.09588888888888888
2,125,far,B14,M1_pA2,0.01,0.011
2,125,far,B14,M1_pA2,0.05,0.05672222222222222
2,125,far,B14,M1_pA2,0.1,0.11716666666666667
2,125,far,B14,M1_pt,0.01,0.012944444444444444
2,125,far,B14,M1_pt,0.05,0.049166666666666664
2,125,far,B14,M1_pt,0.1,0.09894444444444445
2,125,far,B14,L0_plp,0.01,0.011333333333333334
2,125,far,B14,L0_plp,0.05,0.05688888888888889
2,125,far,B14,L0_plp,0.1,0.11694444444444445
2,125,far,B14,L1_plp,0.01,0.01138888888888889
2,125,far,B14,L1_plp,0.05,0.057055555555555554
2,125,far,B14,L1_plp,0.1,0.11777777777777777
2,125,far,B14,L2_plp,0.01,0.011277777777777777
2,125,far,B14,L2_plp,0.05,0.056666666666666664
2,125,far,B14,L2_plp,0.1,0.11666666666666667
2,125,far,L14,static,0.01,0.012666666666666666
2,125,far,L14,static,0.05,0.0545
2,125,far,L14,static,0.1,0.11066666666666666
2,125,far,L14,pall,0.01,0.009277777777777777
2,125,far,L14,pall,0.05,0.052333333333333336
2,125,far,L14,pall,0.1,0.10816666666666666
2,125,far,L14,M0_pA1,0.01,0.009111111111111111
2,125,far,L14,M0_pA1,0.05,0.04844444444444444
2,125,far,L14,M0_pA1,0.1,0.10088888888888889
2,125,far,L14,M0_pA2,0.01,0.009444444444444445
2,125,far,L14,M0_pA2,0.05,0.05011111111111111
2,125,far,L14,M0_pA2,0.1,0.09838888888888889
2,125,far,L14,M0_pt,0.01,0.008611111111111111
2,125,far,L14,M0_pt,0.05,0.0505
2,125,far,L14,M0_pt,0.1,0.10155555555555555
2,125,far,L14,M1_pall,0.01,0.010277777777777778
2,125,far,L14,M1_pall,0.05,0.04822222222222222
2,125,far,L14,M1_pall,0.1,0.10994444444444444
2,125,far,L14,M1_pA1,0.01,0.008666666666666666
2,125,far,L14,M1_pA1,0.05,0.04505555555555556
2,125,far,L14,M1_pA1,0.1,0.0971111111111111
2,125,far,L14,M1_pA2,0.01,0.0075
2,125,far,L14,M1_pA2,0.05,0.050333333333333334
2,125,far,L14,M1_pA2,0.1,0.10105555555555555
2,125,far,L14,M1_pt,0.01,0.010277777777777778
2,125,far,L14,M1_pt,0.05,0.05372222222222222
2,125,far,L14,M1_pt,0.1,0.099
2,125,far,L14,L0_plp,0.01,0.009
2,125,far,L14,L0_plp,0.05,0.050888888888888886
2,125,far,L14,L0_plp,0.1,0.1045
2,125,far,L14,L1_plp,0.01,0.008666666666666666
2,125,far,L14,L1_plp,0.05,0.051222222222222225
2,125,far,L14,L1_plp,0.1,0.10666666666666667
2,125,far,L14,L2_plp,0.01,0.008944444444444444
2,125,far,L14,L2_plp,0.05,0.050722222222222224
2,125,far,L14,L2_plp,0.1,0.10411111111111111
1,123,far,B14,static,0.01,0.013944444444444445
1,123,far,B14,static,0.05,0.04855555555555555
1,123,far,B14,static,0.1,0.10877777777777778
1,123,far,B14,pall,0.01,0.011444444444444445
1,123,far,B14,pall,0.05,0.05138888888888889
1,123,far,B14,pall,0.1,0.10344444444444445
1,123,far,B14,M0_pA1,0.01,0.010666666666666666
1,123,far,B14,M0_pA1,0.05,0.04938888888888889
1,123,far,B14,M0_pA1,0.1,0.09861111111111111
1,123,far,B14,M0_pA2,0.01,0.010611111111111111
1,123,far,B14,M0_pA2,0.05,0.049944444444444444
1,123,far,B14,M0_pA2,0.1,0.09838888888888889
1,123,far,B14,M0_pt,0.01,0.0115
1,123,far,B14,M0_pt,0.05,0.050666666666666665
1,123,far,B14,M0_pt,0.1,0.10527777777777778
1,123,far,B14,M1_pall,0.01,0.013055555555555556
1,123,far,B14,M1_pall,0.05,0.052833333333333336
1,123,far,B14,M1_pall,0.1,0.11966666666666667
1,123,far,B14,M1_pA1,0.01,0.010777777777777778
1,123,far,B14,M1_pA1,0.05,0.04838888888888889
1,123,far,B14,M1_pA1,0.1,0.09322222222222222
1,123,far,B14,M1_pA2,0.01,0.014222222222222223
1,123,far,B14,M1_pA2,0.05,0.04883333333333333
1,123,far,B14,M1_pA2,0.1,0.09616666666666666
1,123,far,B14,M1_pt,0.01,0.011055555555555556
1,123,far,B14,M1_pt,0.05,0.05438888888888889
1,123,far,B14,M1_pt,0.1,0.10927777777777778
1,123,far,B14,L0_plp,0.01,0.011666666666666667
1,123,far,B14,L0_plp,0.05,0.05616666666666666
1,123,far,B14,L0_plp,0.1,0.11188888888888888
1,123,far,B14,L1_plp,0.01,0.012555555555555556
1,123,far,B14,L1_plp,0.05,0.05661111111111111
1,123,far,B14,L1_plp,0.1,0.11366666666666667
1,123,far,B14,L2_plp,0.01,0.011555555555555555
1,123,far,B14,L2_plp,0.05,0.05583333333333333
1,123,far,B14,L2_plp,0.1,0.1116111111111111
1,123,far,L14,static,0.01,0.013055555555555556
1,123,far,L14,static,0.05,0.059444444444444446
1,123,far,L14,static,0.1,0.11666666666666667
1,123,far,L14,pall,0.01,0.011555555555555555
1,123,far,L14,pall,0.05,0.05644444444444444
1,123,far,L14,pall,0.1,0.11344444444444444
1,123,far,L14,M0_pA1,0.01,0.009166666666666667
1,123,far,L14,M0_pA1,0.05,0.049
1,123,far,L14,M0_pA1,0.1,0.10361111111111111
1,123,far,L14,M0_pA2,0.01,0.0095
1,123,far,L14,M0_pA2,0.05,0.049666666666666665
1,123,far,L14,M0_pA2,0.1,0.10461111111111111
1,123,far,L14,M0_pt,0.01,0.008944444444444444
1,123,far,L14,M0_pt,0.05,0.04733333333333333
1,123,far,L14,M0_pt,0.1,0.10416666666666667
1,123,far,L14,M1_pall,0.01,0.013
1,123,far,L14,M1_pall,0.05,0.05444444444444444
1,123,far,L14,M1_pall,0.1,0.12494444444444444
1,123,far,L14,M1_pA1,0.01,0.008666666666666666
1,123,far,L14,M1_pA1,0.05,0.05738888888888889
1,123,far,L14,M1_pA1,0.1,0.1065
1,123,far,L14,M1_pA2,0.01,0.011222222222222222
1,123,far,L14,M1_pA2,0.05,0.058222222222222224
1,123,far,L14,M1_pA2,0.1,0.11316666666666667
1,123,far,L14,M1_pt,0.01,0.007555555555555556
1,123,far,L14,M1_pt,0.05,0.042277777777777775
1,123,far,L14,M1_pt,0.1,0.10216666666666667
1,123,far,L14,L0_plp,0.01,0.012333333333333333
1,123,far,L14,L0_plp,0.05,0.058722222222222224
1,123,far,L14,L0_plp,0.1,0.11672222222222223
1,123,far,L14,L1_plp,0.01,0.012944444444444444
1,123,far,L14,L1_plp,0.05,0.058666666666666666
1,123,far,L14,L1_plp,0.1,0.11811111111111111
1,123,far,L14,L2_plp,0.01,0.012388888888888889
1,123,far,L14,L2_plp,0.05,0.058611111111111114
1,123,far,L14,L2_plp,0.1,0.1165
0,124,far,B14,static,0.01,0.012166666666666666
0,124,far,B14,static,0.05,0.04988888888888889
0,124,far,B14,static,0.1,0.09716666666666667
0,124,far,B14,pall,0.01,0.010055555555555555
0,124,far,B14,pall,0.05,0.051333333333333335
0,124,far,B14,pall,0.1,0.09538888888888888
0,124,far,B14,M0_pA1,0.01,0.010222222222222223
0,124,far,B14,M0_pA1,0.05,0.053
0,124,far,B14,M0_pA1,0.1,0.10094444444444445
0,124,far,B14,M0_pA2,0.01,0.010888888888888889
0,124,far,B14,M0_pA2,0.05,0.0505
0,124,far,B14,M0_pA2,0.1,0.10244444444444445
0,124,far,B14,M0_pt,0.01,0.010777777777777778
0,124,far,B14,M0_pt,0.05,0.0495
0,124,far,B14,M0_pt,0.1,0.09938888888888889
0,124,far,B14,M1_pall,0.01,0.009111111111111111
0,124,far,B14,M1_pall,0.05,0.042722222222222224
0,124,far,B14,M1_pall,0.1,0.09688888888888889
0,124,far,B14,M1_pA1,0.01,0.011
0,124,far,B14,M1_pA1,0.05,0.05494444444444444
0,124,far,B14,M1_pA1,0.1,0.09322222222222222
0,124,far,B14,M1_pA2,0.01,0.010777777777777778
0,124,far,B14,M1_pA2,0.05,0.05583333333333333
0,124,far,B14,M1_pA2,0.1,0.10911111111111112
0,124,far,B14,M1_pt,0.01,0.014833333333333334
0,124,far,B14,M1_pt,0.05,0.058166666666666665
0,124,far,B14,M1_pt,0.1,0.11227777777777778
0,124,far,B14,L0_plp,0.01,0.011055555555555556
0,124,far,B14,L0_plp,0.05,0.05188888888888889
0,124,far,B14,L0_plp,0.1,0.10911111111111112
0,124,far,B14,L1_plp,0.01,0.0115
0,124,far,B14,L1_plp,0.05,0.052333333333333336
0,124,far,B14,L1_plp,0.1,0.11011111111111112
0,124,far,B14,L2_plp,0.01,0.011111111111111112
0,124,far,B14,L2_plp,0.05,0.051611111111111115
0,124,far,B14,L2_plp,0.1,0.10866666666666666
0,124,far,L14,static,0.01,0.010388888888888888
0,124,far,L14,static,0.05,0.05311111111111111
0,124,far,L14,static,0.1,0.10272222222222223
0,124,far,L14,pall,0.01,0.009055555555555556
0,124,far,L14,pall,0.05,0.04838888888888889
0,124,far,L14,pall,0.1,0.09955555555555555
0,124,far,L14,M0_pA1,0.01,0.010944444444444444
0,124,far,L14,M0_pA1,0.05,0.04844444444444444
0,124,far,L14,M0_pA1,0.1,0.10016666666666667
0,124,far,L14,M0_pA2,0.01,0.010333333333333333
0,124,far,L14,M0_pA2,0.05,0.04794444444444444
0,124,far,L14,M0_pA2,0.1,0.09572222222222222
0,124,far,L14,M0_pt,0.01,0.009444444444444445
0,124,far,L14,M0_pt,0.05,0.04522222222222222
0,124,far,L14,M0_pt,0.1,0.09744444444444444
0,124,far,L14,M1_pall,0.01,0.010388888888888888
0,124,far,L14,M1_pall,0.05,0.04744444444444444
0,124,far,L14,M1_pall,0.1,0.0965
0,124,far,L14,M1_pA1,0.01,0.009444444444444445
0,124,far,L14,M1_pA1,0.05,0.04472222222222222
0,124,far,L14,M1_pA1,0.1,0.09327777777777778
0,124,far,L14,M1_pA2,0.01,0.008666666666666666
0,124,far,L14,M1_pA2,0.05,0.04888888888888889
0,124,far,L14,M1_pA2,0.1,0.09744444444444444
0,124,far,L14,M1_pt,0.01,0.012666666666666666
0,124,far,L14,M1_pt,0.05,0.04822222222222222
0,124,far,L14,M1_pt,0.1,0.11072222222222222
0,124,far,L14,L0_plp,0.01,0.010888888888888889
0,124,far,L14,L0_plp,0.05,0.05327777777777778
0,124,far,L14,L0_plp,0.1,0.10755555555555556
0,124,far,L14,L1_plp,0.01,0.010888888888888889
0,124,far,L14,L1_plp,0.05,0.0545
0,124,far,L14,L1_plp,0.1,0.10866666666666666
0,124,far,L14,L2_plp,0.01,0.010833333333333334
0,124,far,L14,L2_plp,0.05,0.05322222222222222
0,124,far,L14,L2_plp,0.1,0.1073888888888889
0,124,near,B14,static,0.01,0.012166666666666666
0,124,near,B14,static,0.05,0.04988888888888889
0,124,near,B14,static,0.1,0.09716666666666667
0,124,near,B14,pall,0.01,0.010055555555555555
0,124,near,B14,pall,0.05,0.051333333333333335
0,124,near,B14,pall,0.1,0.09538888888888888
0,124,near,B14,M0_pA1,0.01,0.010611111111111111
0,124,near,B14,M0_pA1,0.05,0.05333333333333334
0,124,near,B14,M0_pA1,0.1,0.10322222222222223
0,124,near,B14,M0_pA2,0.01,0.01011111111111111
0,124,near,B14,M0_pA2,0.05,0.05288888888888889
0,124,near,B14,M0_pA2,0.1,0.10322222222222223
0,124,near,B14,M0_pt,0.01,0.010833333333333334
0,124,near,B14,M0_pt,0.05,0.05322222222222222
0,124,near,B14,M0_pt,0.1,0.10144444444444445
0,124,near,B14,M1_pall,0.01,0.009111111111111111
0,124,near,B14,M1_pall,0.05,0.042722222222222224
0,124,near,B14,M1_pall,0.1,0.09688888888888889
0,124,near,B14,M1_pA1,0.01,0.0071111111111111115
0,124,near,B14,M1_pA1,0.05,0.05938888888888889
0,124,near,B14,M1_pA1,0.1,0.10005555555555555
0,124,near,B14,M1_pA2,0.01,0.010166666666666666
0,124,near,B14,M1_pA2,0.05,0.050166666666666665
0,124,near,B14,M1_pA2,0.1,0.09883333333333333
0,124,near,B14,M1_pt,0.01,0.014
0,124,near,B14,M1_pt,0.05,0.0656111111111111
0,124,near,B14,M1_pt,0.1,0.1195
0,124,near,B14,L0_plp,0.01,0.009111111111111111
0,124,near,B14,L0_plp,0.05,0.049777777777777775
0,124,near,B14,L0_plp,0.1,0.10455555555555555
0,124,near,B14,L1_plp,0.01,0.009
0,124,near,B14,L1_plp,0.05,0.050777777777777776
0,124,near,B14,L1_plp,0.1,0.10544444444444444
0,124,near,B14,L2_plp,0.01,0.008944444444444444
0,124,near,B14,L2_plp,0.05,0.04972222222222222
0,124,near,B14,L2_plp,0.1,0.10444444444444445
0,124,near,L14,static,0.01,0.010388888888888888
0,124,near,L14,static,0.05,0.05311111111111111
0,124,near,L14,static,0.1,0.10272222222222223
0,124,near,L14,pall,0.01,0.009055555555555556
0,124,near,L14,pall,0.05,0.04838888888888889
0,124,near,L14,pall,0.1,0.09955555555555555
0,124,near,L14,M0_pA1,0.01,0.010222222222222223
0,124,near,L14,M0_pA1,0.05,0.050611111111111114
0,124,near,L14,M0_pA1,0.1,0.09916666666666667
0,124,near,L14,M0_pA2,0.01,0.010277777777777778
0,124,near,L14,M0_pA2,0.05,0.051055555555555555
0,124,near,L14,M0_pA2,0.1,0.09794444444444445
0,124,near,L14,M0_pt,0.01,0.011055555555555556
0,124,near,L14,M0_pt,0.05,0.050444444444444445
0,124,near,L14,M0_pt,0.1,0.09777777777777778
0,124,near,L14,M1_pall,0.01,0.010388888888888888
0,124,near,L14,M1_pall,0.05,0.04744444444444444
0,124,near,L14,M1_pall,0.1,0.0965
0,124,near,L14,M1_pA1,0.01,0.008611111111111111
0,124,near,L14,M1_pA1,0.05,0.0465
0,124,near,L14,M1_pA1,0.1,0.09294444444444444
0,124,near,L14,M1_pA2,0.01,0.006277777777777778
0,124,near,L14,M1_pA2,0.05,0.05011111111111111
0,124,near,L14,M1_pA2,0.1,0.09583333333333334
0,124,near,L14,M1_pt,0.01,0.01577777777777778
0,124,near,L14,M1_pt,0.05,0.05561111111111111
0,124,near,L14,M1_pt,0.1,0.11388888888888889
0,124,near,L14,L0_plp,0.01,0.009055555555555556
0,124,near,L14,L0_plp,0.05,0.04894444444444444
0,124,near,L14,L0_plp,0.1,0.11005555555555556
0,124,near,L14,L1_plp,0.01,0.009277777777777777
0,124,near,L14,L1_plp,0.05,0.049833333333333334
0,124,near,L14,L1_plp,0.1,0.11083333333333334
0,124,near,L14,L2_plp,0.01,0.009055555555555556
0,124,near,L14,L2_plp,0.05,0.04888888888888889
0,124,near,L14,L2_plp,0.1,0.10983333333333334
4,123,near,B14,static,0.01,0.009222222222222222
4,123,near,B14,static,0.05,0.0465
4,123,near,B14,static,0.1,0.09177777777777778
4,123,near,B14,pall,0.01,0.009444444444444445
4,123,near,B14,pall,0.05,0.04594444444444445
4,123,near,B14,pall,0.1,0.09083333333333334
4,123,near,B14,M0_pA1,0.01,0.009111111111111111
4,123,near,B14,M0_pA1,0.05,0.050333333333333334
4,123,near,B14,M0_pA1,0.1,0.10094444444444445
4,123,near,B14,M0_pA2,0.01,0.010277777777777778
4,123,near,B14,M0_pA2,0.05,0.04938888888888889
4,123,near,B14,M0_pA2,0.1,0.0971111111111111
4,123,near,B14,M0_pt,0.01,0.009944444444444445
4,123,near,B14,M0_pt,0.05,0.04627777777777778
4,123,near,B14,M0_pt,0.1,0.09622222222222222
4,123,near,B14,M1_pall,0.01,0.009777777777777778
4,123,near,B14,M1_pall,0.05,0.04705555555555556
4,123,near,B14,M1_pall,0.1,0.09233333333333334
4,123,near,B14,M1_pA1,0.01,0.010722222222222222
4,123,near,B14,M1_pA1,0.05,0.050611111111111114
4,123,near,B14,M1_pA1,0.1,0.097
4,123,near,B14,M1_pA2,0.01,0.009277777777777777
4,123,near,B14,M1_pA2,0.05,0.04772222222222222
4,123,near,B14,M1_pA2,0.1,0.09688888888888889
4,123,near,B14,M1_pt,0.01,0.009611111111111112
4,123,near,B14,M1_pt,0.05,0.03927777777777778
4,123,near,B14,M1_pt,0.1,0.08544444444444445
4,123,near,B14,L0_plp,0.01,0.009333333333333334
4,123,near,B14,L0_plp,0.05,0.042444444444444444
4,123,near,B14,L0_plp,0.1,0.09483333333333334
4,123,near,B14,L1_plp,0.01,0.008833333333333334
4,123,near,B14,L1_plp,0.05,0.042
4,123,near,B14,L1_plp,0.1,0.09572222222222222
4,123,near,B14,L2_plp,0.01,0.009222222222222222
4,123,near,B14,L2_plp,0.05,0.042333333333333334
4,123,near,B14,L2_plp,0.1,0.09472222222222222
4,123,near,L14,static,0.01,0.008777777777777778
4,123,near,L14,static,0.05,0.04872222222222222
4,123,near,L14,static,0.1,0.10005555555555555
4,123,near,L14,pall,0.01,0.010777777777777778
4,123,near,L14,pall,0.05,0.044833333333333336
4,123,near,L14,pall,0.1,0.09933333333333333
4,123,near,L14,M0_pA1,0.01,0.009333333333333334
4,123,near,L14,M0_pA1,0.05,0.04988888888888889
4,123,near,L14,M0_pA1,0.1,0.09844444444444445
4,123,near,L14,M0_pA2,0.01,0.008333333333333333
4,123,near,L14,M0_pA2,0.05,0.04855555555555555
4,123,near,L14,M0_pA2,0.1,0.09633333333333334
4,123,near,L14,M0_pt,0.01,0.00938888888888889
4,123,near,L14,M0_pt,0.05,0.049055555555555554
4,123,near,L14,M0_pt,0.1,0.0975
4,123,near,L14,M1_pall,0.01,0.008777777777777778
4,123,near,L14,M1_pall,0.05,0.0605
4,123,near,L14,M1_pall,0.1,0.10827777777777778
4,123,near,L14,M1_pA1,0.01,0.008388888888888888
4,123,near,L14,M1_pA1,0.05,0.04638888888888889
4,123,near,L14,M1_pA1,0.1,0.09827777777777778
4,123,near,L14,M1_pA2,0.01,0.009277777777777777
4,123,near,L14,M1_pA2,0.05,0.05338888888888889
4,123,near,L14,M1_pA2,0.1,0.10266666666666667
4,123,near,L14,M1_pt,0.01,0.0077777777777777776
4,123,near,L14,M1_pt,0.05,0.043444444444444445
4,123,near,L14,M1_pt,0.1,0.09127777777777778
4,123,near,L14,L0_plp,0.01,0.00938888888888889
4,123,near,L14,L0_plp,0.05,0.045
4,123,near,L14,L0_plp,0.1,0.0995
4,123,near,L14,L1_plp,0.01,0.009555555555555555
4,123,near,L14,L1_plp,0.05,0.04544444444444445
4,123,near,L14,L1_plp,0.1,0.10088888888888889
4,123,near,L14,L2_plp,0.01,0.009333333333333334
4,123,near,L14,L2_plp,0.05,0.04488888888888889
4,123,near,L14,L2_plp,0.1,0.09911111111111111
4,124,near,B14,static,0.01,0.009222222222222222
4,124,near,B14,static,0.05,0.0465
4,124,near,B14,static,0.1,0.09177777777777778
4,124,near,B14,pall,0.01,0.009444444444444445
4,124,near,B14,pall,0.05,0.04594444444444445
4,124,near,B14,pall,0.1,0.09083333333333334
4,124,near,B14,M0_pA1,0.01,0.00938888888888889
4,124,near,B14,M0_pA1,0.05,0.04827777777777778
4,124,near,B14,M0_pA1,0.1,0.09655555555555556
4,124,near,B14,M0_pA2,0.01,0.009111111111111111
4,124,near,B14,M0_pA2,0.05,0.0505
4,124,near,B14,M0_pA2,0.1,0.09861111111111111
4,124,near,B14,M0_pt,0.01,0.008833333333333334
4,124,near,B14,M0_pt,0.05,0.04738888888888889
4,124,near,B14,M0_pt,0.1,0.09583333333333334
4,124,near,B14,M1_pall,0.01,0.009777777777777778
4,124,near,B14,M1_pall,0.05,0.04705555555555556
4,124,near,B14,M1_pall,0.1,0.09233333333333334
4,124,near,B14,M1_pA1,0.01,0.009888888888888888
4,124,near,B14,M1_pA1,0.05,0.052055555555555556
4,124,near,B14,M1_pA1,0.1,0.09372222222222222
4,124,near,B14,M1_pA2,0.01,0.008444444444444444
4,124,near,B14,M1_pA2,0.05,0.04761111111111111
4,124,near,B14,M1_pA2,0.1,0.10011111111111111
4,124,near,B14,M1_pt,0.01,0.009333333333333334
4,124,near,B14,M1_pt,0.05,0.0415
4,124,near,B14,M1_pt,0.1,0.08816666666666667
4,124,near,B14,L0_plp,0.01,0.008944444444444444
4,124,near,B14,L0_plp,0.05,0.043
4,124,near,B14,L0_plp,0.1,0.09505555555555556
4,124,near,B14,L1_plp,0.01,0.009111111111111111
4,124,near,B14,L1_plp,0.05,0.042888888888888886
4,124,near,B14,L1_plp,0.1,0.0956111111111111
4,124,near,B14,L2_plp,0.01,0.008944444444444444
4,124,near,B14,L2_plp,0.05,0.042833333333333334
4,124,near,B14,L2_plp,0.1,0.09477777777777778
4,124,near,L14,static,0.01,0.008777777777777778
4,124,near,L14,static,0.05,0.04872222222222222
4,124,near,L14,static,0.1,0.10005555555555555
4,124,near,L14,pall,0.01,0.010777777777777778
4,124,near,L14,pall,0.05,0.044833333333333336
4,124,near,L14,pall,0.1,0.09933333333333333
4,124,near,L14,M0_pA1,0.01,0.00811111111111111
4,124,near,L14,M0_pA1,0.05,0.0485
4,124,near,L14,M0_pA1,0.1,0.09427777777777778
4,124,near,L14,M0_pA2,0.01,0.008555555555555556
4,124,near,L14,M0_pA2,0.05,0.04633333333333333
4,124,near,L14,M0_pA2,0.1,0.09127777777777778
4,124,near,L14,M0_pt,0.01,0.009222222222222222
4,124,near,L14,M0_pt,0.05,0.04611111111111111
4,124,near,L14,M0_pt,0.1,0.09416666666666666
4,124,near,L14,M1_pall,0.01,0.008777777777777778
4,124,near,L14,M1_pall,0.05,0.0605
4,124,near,L14,M1_pall,0.1,0.10827777777777778
4,124,near,L14,M1_pA1,0.01,0.008
4,124,near,L14,M1_pA1,0.05,0.04938888888888889
4,124,near,L14,M1_pA1,0.1,0.099
4,124,near,L14,M1_pA2,0.01,0.01
4,124,near,L14,M1_pA2,0.05,0.04911111111111111
4,124,near,L14,M1_pA2,0.1,0.09583333333333334
4,124,near,L14,M1_pt,0.01,0.007833333333333333
4,124,near,L14,M1_pt,0.05,0.04094444444444444
4,124,near,L14,M1_pt,0.1,0.08683333333333333
4,124,near,L14,L0_plp,0.01,0.008222222222222223
4,124,near,L14,L0_plp,0.05,0.04633333333333333
4,124,near,L14,L0_plp,0.1,0.09988888888888889
4,124,near,L14,L1_plp,0.01,0.008777777777777778
4,124,near,L14,L1_plp,0.05,0.04633333333333333
4,124,near,L14,L1_plp,0.1,0.10133333333333333
4,124,near,L14,L2_plp,0.01,0.008277777777777778
4,124,near,L14,L2_plp,0.05,0.04611111111111111
4,124,near,L14,L2_plp,0.1,0.09988888888888889
3,124,near,B14,static,0.01,0.007555555555555556
3,124,near,B14,static,0.05,0.04672222222222222
3,124,near,B14,static,0.1,0.09294444444444444
3,124,near,B14,pall,0.01,0.0067777777777777775
3,124,near,B14,pall,0.05,0.042777777777777776
3,124,near,B14,pall,0.1,0.09316666666666666
3,124,near,B14,M0_pA1,0.01,0.009166666666666667
3,124,near,B14,M0_pA1,0.05,0.050777777777777776
3,124,near,B14,M0_pA1,0.1,0.0966111111111111
3,124,near,B14,M0_pA2,0.01,0.008777777777777778
3,124,near,B14,M0_pA2,0.05,0.051555555555555556
3,124,near,B14,M0_pA2,0.1,0.09677777777777778
3,124,near,B14,M0_pt,0.01,0.008222222222222223
3,124,near,B14,M0_pt,0.05,0.04816666666666667
3,124,near,B14,M0_pt,0.1,0.09527777777777778
3,124,near,B14,M1_pall,0.01,0.006833333333333334
3,124,near,B14,M1_pall,0.05,0.03738888888888889
3,124,near,B14,M1_pall,0.1,0.08944444444444444
3,124,near,B14,M1_pA1,0.01,0.00811111111111111
3,124,near,B14,M1_pA1,0.05,0.04694444444444444
3,124,near,B14,M1_pA1,0.1,0.09522222222222222
3,124,near,B14,M1_pA2,0.01,0.0115
3,124,near,B14,M1_pA2,0.05,0.05572222222222222
3,124,near,B14,M1_pA2,0.1,0.10133333333333333
3,124,near,B14,M1_pt,0.01,0.008055555555555555
3,124,near,B14,M1_pt,0.05,0.043722222222222225
3,124,near,B14,M1_pt,0.1,0.08688888888888889
3,124,near,B14,L0_plp,0.01,0.00811111111111111
3,124,near,B14,L0_plp,0.05,0.04716666666666667
3,124,near,B14,L0_plp,0.1,0.09705555555555556
3,124,near,B14,L1_plp,0.01,0.008055555555555555
3,124,near,B14,L1_plp,0.05,0.0465
3,124,near,B14,L1_plp,0.1,0.09772222222222222
3,124,near,B14,L2_plp,0.01,0.008
3,124,near,B14,L2_plp,0.05,0.047
3,124,near,B14,L2_plp,0.1,0.09672222222222222
3,124,near,L14,static,0.01,0.009833333333333333
3,124,near,L14,static,0.05,0.0505
3,124,near,L14,static,0.1,0.09861111111111111
3,124,near,L14,pall,0.01,0.009222222222222222
3,124,near,L14,pall,0.05,0.04822222222222222
3,124,near,L14,pall,0.1,0.09455555555555556
3,124,near,L14,M0_pA1,0.01,0.009111111111111111
3,124,near,L14,M0_pA1,0.05,0.04838888888888889
3,124,near,L14,M0_pA1,0.1,0.09866666666666667
3,124,near,L14,M0_pA2,0.01,0.009222222222222222
3,124,near,L14,M0_pA2,0.05,0.04772222222222222
3,124,near,L14,M0_pA2,0.1,0.09911111111111111
3,124,near,L14,M0_pt,0.01,0.008222222222222223
3,124,near,L14,M0_pt,0.05,0.04861111111111111
3,124,near,L14,M0_pt,0.1,0.098
3,124,near,L14,M1_pall,0.01,0.009222222222222222
3,124,near,L14,M1_pall,0.05,0.04438888888888889
3,124,near,L14,M1_pall,0.1,0.09666666666666666
3,124,near,L14,M1_pA1,0.01,0.007166666666666667
3,124,near,L14,M1_pA1,0.05,0.04727777777777778
3,124,near,L14,M1_pA1,0.1,0.09622222222222222
3,124,near,L14,M1_pA2,0.01,0.007222222222222222
3,124,near,L14,M1_pA2,0.05,0.051
3,124,near,L14,M1_pA2,0.1,0.11055555555555556
3,124,near,L14,M1_pt,0.01,0.009055555555555556
3,124,near,L14,M1_pt,0.05,0.042833333333333334
3,124,near,L14,M1_pt,0.1,0.09055555555555556
3,124,near,L14,L0_plp,0.01,0.01
3,124,near,L14,L0_plp,0.05,0.04733333333333333
3,124,near,L14,L0_plp,0.1,0.09666666666666666
3,124,near,L14,L1_plp,0.01,0.010555555555555556
3,124,near,L14,L1_plp,0.05,0.04788888888888889
3,124,near,L14,L1_plp,0.1,0.09888888888888889
3,124,near,L14,L2_plp,0.01,0.009888888888888888
3,124,near,L14,L2_plp,0.05,0.04733333333333333
3,124,near,L14,L2_plp,0.1,0.09666666666666666
1,123,near,B14,static,0.01,0.013944444444444445
1,123,near,B14,static,0.05,0.04855555555555555
1,123,near,B14,static,0.1,0.10877777777777778
1,123,near,B14,pall,0.01,0.011444444444444445
1,123,near,B14,pall,0.05,0.05138888888888889
1,123,near,B14,pall,0.1,0.10344444444444445
1,123,near,B14,M0_pA1,0.01,0.012222222222222223
1,123,near,B14,M0_pA1,0.05,0.05227777777777778
1,123,near,B14,M0_pA1,0.1,0.10444444444444445
1,123,near,B14,M0_pA2,0.01,0.012166666666666666
1,123,near,B14,M0_pA2,0.05,0.051166666666666666
1,123,near,B14,M0_pA2,0.1,0.10372222222222222
1,123,near,B14,M0_pt,0.01,0.011777777777777778
1,123,near,B14,M0_pt,0.05,0.04877777777777778
1,123,near,B14,M0_pt,0.1,0.10227777777777777
1,123,near,B14,M1_pall,0.01,0.013055555555555556
1,123,near,B14,M1_pall,0.05,0.052833333333333336
1,123,near,B14,M1_pall,0.1,0.11966666666666667
1,123,near,B14,M1_pA1,0.01,0.011055555555555556
1,123,near,B14,M1_pA1,0.05,0.049055555555555554
1,123,near,B14,M1_pA1,0.1,0.09622222222222222
1,123,near,B14,M1_pA2,0.01,0.014444444444444444
1,123,near,B14,M1_pA2,0.05,0.050666666666666665
1,123,near,B14,M1_pA2,0.1,0.10338888888888889
1,123,near,B14,M1_pt,0.01,0.0095
1,123,near,B14,M1_pt,0.05,0.051944444444444446
1,123,near,B14,M1_pt,0.1,0.10333333333333333
1,123,near,B14,L0_plp,0.01,0.011666666666666667
1,123,near,B14,L0_plp,0.05,0.05344444444444445
1,123,near,B14,L0_plp,0.1,0.10794444444444444
1,123,near,B14,L1_plp,0.01,0.012277777777777778
1,123,near,B14,L1_plp,0.05,0.056
1,123,near,B14,L1_plp,0.1,0.1078888888888889
1,123,near,B14,L2_plp,0.01,0.01161111111111111
1,123,near,B14,L2_plp,0.05,0.05338888888888889
1,123,near,B14,L2_plp,0.1,0.10772222222222222
1,123,near,L14,static,0.01,0.013055555555555556
1,123,near,L14,static,0.05,0.059444444444444446
1,123,near,L14,static,0.1,0.11666666666666667
1,123,near,L14,pall,0.01,0.011555555555555555
1,123,near,L14,pall,0.05,0.05644444444444444
1,123,near,L14,pall,0.1,0.11344444444444444
1,123,near,L14,M0_pA1,0.01,0.011277777777777777
1,123,near,L14,M0_pA1,0.05,0.05438888888888889
1,123,near,L14,M0_pA1,0.1,0.10766666666666666
1,123,near,L14,M0_pA2,0.01,0.012055555555555555
1,123,near,L14,M0_pA2,0.05,0.0535
1,123,near,L14,M0_pA2,0.1,0.104
1,123,near,L14,M0_pt,0.01,0.01138888888888889
1,123,near,L14,M0_pt,0.05,0.050944444444444445
1,123,near,L14,M0_pt,0.1,0.10633333333333334
1,123,near,L14,M1_pall,0.01,0.013
1,123,near,L14,M1_pall,0.05,0.05444444444444444
1,123,near,L14,M1_pall,0.1,0.12494444444444444
1,123,near,L14,M1_pA1,0.01,0.008611111111111111
1,123,near,L14,M1_pA1,0.05,0.06188888888888889
1,123,near,L14,M1_pA1,0.1,0.10983333333333334
1,123,near,L14,M1_pA2,0.01,0.011833333333333333
1,123,near,L14,M1_pA2,0.05,0.0595
1,123,near,L14,M1_pA2,0.1,0.11
1,123,near,L14,M1_pt,0.01,0.010388888888888888
1,123,near,L14,M1_pt,0.05,0.052055555555555556
1,123,near,L14,M1_pt,0.1,0.1055
1,123,near,L14,L0_plp,0.01,0.013833333333333333
1,123,near,L14,L0_plp,0.05,0.05688888888888889
1,123,near,L14,L0_plp,0.1,0.11444444444444445
1,123,near,L14,L1_plp,0.01,0.013777777777777778
1,123,near,L14,L1_plp,0.05,0.058722222222222224
1,123,near,L14,L1_plp,0.1,0.11605555555555555
1,123,near,L14,L2_plp,0.01,0.013777777777777778
1,123,near,L14,L2_plp,0.05,0.05688888888888889
1,123,near,L14,L2_plp,0.1,0.11433333333333333
3,123,near,B14,static,0.01,0.007555555555555556
3,123,near,B14,static,0.05,0.04672222222222222
3,123,near,B14,static,0.1,0.09294444444444444
3,123,near,B14,pall,0.01,0.0067777777777777775
3,123,near,B14,pall,0.05,0.042777777777777776
3,123,near,B14,pall,0.1,0.09316666666666666
3,123,near,B14,M0_pA1,0.01,0.009055555555555556
3,123,near,B14,M0_pA1,0.05,0.050944444444444445
3,123,near,B14,M0_pA1,0.1,0.09705555555555556
3,123,near,B14,M0_pA2,0.01,0.008388888888888888
3,123,near,B14,M0_pA2,0.05,0.04755555555555555
3,123,near,B14,M0_pA2,0.1,0.0925
3,123,near,B14,M0_pt,0.01,0.008055555555555555
3,123,near,B14,M0_pt,0.05,0.04783333333333333
3,123,near,B14,M0_pt,0.1,0.09438888888888888
3,123,near,B14,M1_pall,0.01,0.006833333333333334
3,123,near,B14,M1_pall,0.05,0.03738888888888889
3,123,near,B14,M1_pall,0.1,0.08944444444444444
3,123,near,B14,M1_pA1,0.01,0.007833333333333333
3,123,near,B14,M1_pA1,0.05,0.049444444444444444
3,123,near,B14,M1_pA1,0.1,0.10016666666666667
3,123,near,B14,M1_pA2,0.01,0.01211111111111111
3,123,near,B14,M1_pA2,0.05,0.05261111111111111
3,123,near,B14,M1_pA2,0.1,0.10355555555555555
3,123,near,B14,M1_pt,0.01,0.005833333333333334
3,123,near,B14,M1_pt,0.05,0.04622222222222222
3,123,near,B14,M1_pt,0.1,0.09388888888888888
3,123,near,B14,L0_plp,0.01,0.008055555555555555
3,123,near,B14,L0_plp,0.05,0.04461111111111111
3,123,near,B14,L0_plp,0.1,0.0976111111111111
3,123,near,B14,L1_plp,0.01,0.008055555555555555
3,123,near,B14,L1_plp,0.05,0.04377777777777778
3,123,near,B14,L1_plp,0.1,0.099
3,123,near,B14,L2_plp,0.01,0.00811111111111111
3,123,near,B14,L2_plp,0.05,0.04466666666666667
3,123,near,B14,L2_plp,0.1,0.09722222222222222
3,123,near,L14,static,0.01,0.009833333333333333
3,123,near,L14,static,0.05,0.0505
3,123,near,L14,static,0.1,0.09861111111111111
3,123,near,L14,pall,0.01,0.009222222222222222
3,123,near,L14,pall,0.05,0.04822222222222222
3,123,near,L14,pall,0.1,0.09455555555555556
3,123,near,L14,M0_pA1,0.01,0.009944444444444445
3,123,near,L14,M0_pA1,0.05,0.04644444444444444
3,123,near,L14,M0_pA1,0.1,0.0971111111111111
3,123,near,L14,M0_pA2,0.01,0.009611111111111112
3,123,near,L14,M0_pA2,0.05,0.04872222222222222
3,123,near,L14,M0_pA2,0.1,0.09861111111111111
3,123,near,L14,M0_pt,0.01,0.009055555555555556
3,123,near,L14,M0_pt,0.05,0.04816666666666667
3,123,near,L14,M0_pt,0.1,0.09894444444444445
3,123,near,L14,M1_pall,0.01,0.009222222222222222
3,123,near,L14,M1_pall,0.05,0.04438888888888889
3,123,near,L14,M1_pall,0.1,0.09666666666666666
3,123,near,L14,M1_pA1,0.01,0.00938888888888889
3,123,near,L14,M1_pA1,0.05,0.04655555555555556
3,123,near,L14,M1_pA1,0.1,0.09155555555555556
3,123,near,L14,M1_pA2,0.01,0.010944444444444444
3,123,near,L14,M1_pA2,0.05,0.05761111111111111
3,123,near,L14,M1_pA2,0.1,0.11694444444444445
3,123,near,L14,M1_pt,0.01,0.007277777777777778
3,123,near,L14,M1_pt,0.05,0.03911111111111111
3,123,near,L14,M1_pt,0.1,0.08561111111111111
3,123,near,L14,L0_plp,0.01,0.00938888888888889
3,123,near,L14,L0_plp,0.05,0.04766666666666667
3,123,near,L14,L0_plp,0.1,0.09516666666666666
3,123,near,L14,L1_plp,0.01,0.009222222222222222
3,123,near,L14,L1_plp,0.05,0.04788888888888889
3,123,near,L14,L1_plp,0.1,0.09805555555555556
3,123,near,L14,L2_plp,0.01,0.00938888888888889
3,123,near,L14,L2_plp,0.05,0.04761111111111111
3,123,near,L14,L2_plp,0.1,0.09494444444444444
1,125,far,B14,static,0.01,0.013944444444444445
1,125,far,B14,static,0.05,0.04855555555555555
1,125,far,B14,static,0.1,0.10877777777777778
1,125,far,B14,pall,0.01,0.011444444444444445
1,125,far,B14,pall,0.05,0.05138888888888889
1,125,far,B14,pall,0.1,0.10344444444444445
1,125,far,B14,M0_pA1,0.01,0.011333333333333334
1,125,far,B14,M0_pA1,0.05,0.050944444444444445
1,125,far,B14,M0_pA1,0.1,0.10055555555555555
1,125,far,B14,M0_pA2,0.01,0.011277777777777777
1,125,far,B14,M0_pA2,0.05,0.051055555555555555
1,125,far,B14,M0_pA2,0.1,0.10244444444444445
1,125,far,B14,M0_pt,0.01,0.011333333333333334
1,125,far,B14,M0_pt,0.05,0.050944444444444445
1,125,far,B14,M0_pt,0.1,0.10138888888888889
1,125,far,B14,M1_pall,0.01,0.013055555555555556
1,125,far,B14,M1_pall,0.05,0.052833333333333336
1,125,far,B14,M1_pall,0.1,0.11966666666666667
1,125,far,B14,M1_pA1,0.01,0.010777777777777778
1,125,far,B14,M1_pA1,0.05,0.051722222222222225
1,125,far,B14,M1_pA1,0.1,0.09911111111111111
1,125,far,B14,M1_pA2,0.01,0.0115
1,125,far,B14,M1_pA2,0.05,0.04794444444444444
1,125,far,B14,M1_pA2,0.1,0.09416666666666666
1,125,far,B14,M1_pt,0.01,0.008944444444444444
1,125,far,B14,M1_pt,0.05,0.05405555555555556
1,125,far,B14,M1_pt,0.1,0.11022222222222222
1,125,far,B14,L0_plp,0.01,0.012444444444444444
1,125,far,B14,L0_plp,0.05,0.05555555555555555
1,125,far,B14,L0_plp,0.1,0.11177777777777778
1,125,far,B14,L1_plp,0.01,0.012611111111111111
1,125,far,B14,L1_plp,0.05,0.0565
1,125,far,B14,L1_plp,0.1,0.1125
1,125,far,B14,L2_plp,0.01,0.012333333333333333
1,125,far,B14,L2_plp,0.05,0.05538888888888889
1,125,far,B14,L2_plp,0.1,0.11144444444444444
1,125,far,L14,static,0.01,0.013055555555555556
1,125,far,L14,static,0.05,0.059444444444444446
1,125,far,L14,static,0.1,0.11666666666666667
1,125,far,L14,pall,0.01,0.011555555555555555
1,125,far,L14,pall,0.05,0.05644444444444444
1,125,far,L14,pall,0.1,0.11344444444444444
1,125,far,L14,M0_pA1,0.01,0.009166666666666667
1,125,far,L14,M0_pA1,0.05,0.050055555555555555
1,125,far,L14,M0_pA1,0.1,0.10761111111111112
1,125,far,L14,M0_pA2,0.01,0.010166666666666666
1,125,far,L14,M0_pA2,0.05,0.049666666666666665
1,125,far,L14,M0_pA2,0.1,0.1058888888888889
1,125,far,L14,M0_pt,0.01,0.01
1,125,far,L14,M0_pt,0.05,0.050277777777777775
1,125,far,L14,M0_pt,0.1,0.1058888888888889
1,125,far,L14,M1_pall,0.01,0.013
1,125,far,L14,M1_pall,0.05,0.05444444444444444
1,125,far,L14,M1_pall,0.1,0.12494444444444444
1,125,far,L14,M1_pA1,0.01,0.009277777777777777
1,125,far,L14,M1_pA1,0.05,0.059111111111111114
1,125,far,L14,M1_pA1,0.1,0.11266666666666666
1,125,far,L14,M1_pA2,0.01,0.011277777777777777
1,125,far,L14,M1_pA2,0.05,0.050833333333333335
1,125,far,L14,M1_pA2,0.1,0.1105
1,125,far,L14,M1_pt,0.01,0.006388888888888889
1,125,far,L14,M1_pt,0.05,0.050944444444444445
1,125,far,L14,M1_pt,0.1,0.10544444444444444
1,125,far,L14,L0_plp,0.01,0.012
1,125,far,L14,L0_plp,0.05,0.057888888888888886
1,125,far,L14,L0_plp,0.1,0.11488888888888889
1,125,far,L14,L1_plp,0.01,0.012277777777777778
1,125,far,L14,L1_plp,0.05,0.059833333333333336
1,125,far,L14,L1_plp,0.1,0.11738888888888889
1,125,far,L14,L2_plp,0.01,0.012055555555555555
1,125,far,L14,L2_plp,0.05,0.05772222222222222
1,125,far,L14,L2_plp,0.1,0.11461111111111111
0,125,far,B14,static,0.01,0.012166666666666666
0,125,far,B14,static,0.05,0.04988888888888889
0,125,far,B14,static,0.1,0.09716666666666667
0,125,far,B14,pall,0.01,0.010055555555555555
0,125,far,B14,pall,0.05,0.051333333333333335
0,125,far,B14,pall,0.1,0.09538888888888888
0,125,far,B14,M0_pA1,0.01,0.009777777777777778
0,125,far,B14,M0_pA1,0.05,0.050444444444444445
0,125,far,B14,M0_pA1,0.1,0.0975
0,125,far,B14,M0_pA2,0.01,0.009833333333333333
0,125,far,B14,M0_pA2,0.05,0.04961111111111111
0,125,far,B14,M0_pA2,0.1,0.10022222222222223
0,125,far,B14,M0_pt,0.01,0.011
0,125,far,B14,M0_pt,0.05,0.049555555555555554
0,125,far,B14,M0_pt,0.1,0.09894444444444445
0,125,far,B14,M1_pall,0.01,0.009111111111111111
0,125,far,B14,M1_pall,0.05,0.042722222222222224
0,125,far,B14,M1_pall,0.1,0.09688888888888889
0,125,far,B14,M1_pA1,0.01,0.010444444444444444
0,125,far,B14,M1_pA1,0.05,0.05477777777777778
0,125,far,B14,M1_pA1,0.1,0.0945
0,125,far,B14,M1_pA2,0.01,0.01011111111111111
0,125,far,B14,M1_pA2,0.05,0.051055555555555555
0,125,far,B14,M1_pA2,0.1,0.10088888888888889
0,125,far,B14,M1_pt,0.01,0.014444444444444444
0,125,far,B14,M1_pt,0.05,0.05466666666666667
0,125,far,B14,M1_pt,0.1,0.10766666666666666
0,125,far,B14,L0_plp,0.01,0.010222222222222223
0,125,far,B14,L0_plp,0.05,0.052
0,125,far,B14,L0_plp,0.1,0.10194444444444445
0,125,far,B14,L1_plp,0.01,0.00938888888888889
0,125,far,B14,L1_plp,0.05,0.05261111111111111
0,125,far,B14,L1_plp,0.1,0.104
0,125,far,B14,L2_plp,0.01,0.010166666666666666
0,125,far,B14,L2_plp,0.05,0.051611111111111115
0,125,far,B14,L2_plp,0.1,0.10177777777777777
0,125,far,L14,static,0.01,0.010388888888888888
0,125,far,L14,static,0.05,0.05311111111111111
0,125,far,L14,static,0.1,0.10272222222222223
0,125,far,L14,pall,0.01,0.009055555555555556
0,125,far,L14,pall,0.05,0.04838888888888889
0,125,far,L14,pall,0.1,0.09955555555555555
0,125,far,L14,M0_pA1,0.01,0.01211111111111111
0,125,far,L14,M0_pA1,0.05,0.05277777777777778
0,125,far,L14,M0_pA1,0.1,0.09738888888888889
0,125,far,L14,M0_pA2,0.01,0.011166666666666667
0,125,far,L14,M0_pA2,0.05,0.051833333333333335
0,125,far,L14,M0_pA2,0.1,0.09822222222222222
0,125,far,L14,M0_pt,0.01,0.009277777777777777
0,125,far,L14,M0_pt,0.05,0.049055555555555554
0,125,far,L14,M0_pt,0.1,0.10133333333333333
0,125,far,L14,M1_pall,0.01,0.010388888888888888
0,125,far,L14,M1_pall,0.05,0.04744444444444444
0,125,far,L14,M1_pall,0.1,0.0965
0,125,far,L14,M1_pA1,0.01,0.008777777777777778
0,125,far,L14,M1_pA1,0.05,0.04972222222222222
0,125,far,L14,M1_pA1,0.1,0.0903888888888889
0,125,far,L14,M1_pA2,0.01,0.0085
0,125,far,L14,M1_pA2,0.05,0.04888888888888889
0,125,far,L14,M1_pA2,0.1,0.09461111111111112
0,125,far,L14,M1_pt,0.01,0.010555555555555556
0,125,far,L14,M1_pt,0.05,0.051222222222222225
0,125,far,L14,M1_pt,0.1,0.10961111111111112
0,125,far,L14,L0_plp,0.01,0.009722222222222222
0,125,far,L14,L0_plp,0.05,0.051722222222222225
0,125,far,L14,L0_plp,0.1,0.103
0,125,far,L14,L1_plp,0.01,0.010166666666666666
0,125,far,L14,L1_plp,0.05,0.05255555555555556
0,125,far,L14,L1_plp,0.1,0.1063888888888889
0,125,far,L14,L2_plp,0.01,0.009722222222222222
0,125,far,L14,L2_plp,0.05,0.05177777777777778
0,125,far,L14,L2_plp,0.1,0.10261111111111111
3,123,far,B14,static,0.01,0.007555555555555556
3,123,far,B14,static,0.05,0.04672222222222222
3,123,far,B14,static,0.1,0.09294444444444444
3,123,far,B14,pall,0.01,0.0067777777777777775
3,123,far,B14,pall,0.05,0.042777777777777776
3,123,far,B14,pall,0.1,0.09316666666666666
3,123,far,B14,M0_pA1,0.01,0.008333333333333333
3,123,far,B14,M0_pA1,0.05,0.04777777777777778
3,123,far,B14,M0_pA1,0.1,0.09294444444444444
3,123,far,B14,M0_pA2,0.01,0.007388888888888889
3,123,far,B14,M0_pA2,0.05,0.0465
3,123,far,B14,M0_pA2,0.1,0.09294444444444444
3,123,far,B14,M0_pt,0.01,0.008611111111111111
3,123,far,B14,M0_pt,0.05,0.04638888888888889
3,123,far,B14,M0_pt,0.1,0.09438888888888888
3,123,far,B14,M1_pall,0.01,0.006833333333333334
3,123,far,B14,M1_pall,0.05,0.03738888888888889
3,123,far,B14,M1_pall,0.1,0.08944444444444444
3,123,far,B14,M1_pA1,0.01,0.006166666666666667
3,123,far,B14,M1_pA1,0.05,0.04794444444444444
3,123,far,B14,M1_pA1,0.1,0.0956111111111111
3,123,far,B14,M1_pA2,0.01,0.0075
3,123,far,B14,M1_pA2,0.05,0.04894444444444444
3,123,far,B14,M1_pA2,0.1,0.1015
3,123,far,B14,M1_pt,0.01,0.009166666666666667
3,123,far,B14,M1_pt,0.05,0.04633333333333333
3,123,far,B14,M1_pt,0.1,0.094
3,123,far,B14,L0_plp,0.01,0.009277777777777777
3,123,far,B14,L0_plp,0.05,0.05177777777777778
3,123,far,B14,L0_plp,0.1,0.10477777777777778
3,123,far,B14,L1_plp,0.01,0.008888888888888889
3,123,far,B14,L1_plp,0.05,0.05227777777777778
3,123,far,B14,L1_plp,0.1,0.10622222222222222
3,123,far,B14,L2_plp,0.01,0.009222222222222222
3,123,far,B14,L2_plp,0.05,0.05188888888888889
3,123,far,B14,L2_plp,0.1,0.1045
3,123,far,L14,static,0.01,0.009833333333333333
3,123,far,L14,static,0.05,0.0505
3,123,far,L14,static,0.1,0.09861111111111111
3,123,far,L14,pall,0.01,0.009222222222222222
3,123,far,L14,pall,0.05,0.04822222222222222
3,123,far,L14,pall,0.1,0.09455555555555556
3,123,far,L14,M0_pA1,0.01,0.0105
3,123,far,L14,M0_pA1,0.05,0.04583333333333333
3,123,far,L14,M0_pA1,0.1,0.09688888888888889
3,123,far,L14,M0_pA2,0.01,0.00938888888888889
3,123,far,L14,M0_pA2,0.05,0.04716666666666667
3,123,far,L14,M0_pA2,0.1,0.09683333333333333
3,123,far,L14,M0_pt,0.01,0.008277777777777778
3,123,far,L14,M0_pt,0.05,0.04666666666666667
3,123,far,L14,M0_pt,0.1,0.09622222222222222
3,123,far,L14,M1_pall,0.01,0.009222222222222222
3,123,far,L14,M1_pall,0.05,0.04438888888888889
3,123,far,L14,M1_pall,0.1,0.09666666666666666
3,123,far,L14,M1_pA1,0.01,0.0077777777777777776
3,123,far,L14,M1_pA1,0.05,0.043222222222222224
3,123,far,L14,M1_pA1,0.1,0.09022222222222222
3,123,far,L14,M1_pA2,0.01,0.010277777777777778
3,123,far,L14,M1_pA2,0.05,0.051166666666666666
3,123,far,L14,M1_pA2,0.1,0.10827777777777778
3,123,far,L14,M1_pt,0.01,0.006944444444444444
3,123,far,L14,M1_pt,0.05,0.043
3,123,far,L14,M1_pt,0.1,0.09033333333333333
3,123,far,L14,L0_plp,0.01,0.011333333333333334
3,123,far,L14,L0_plp,0.05,0.04583333333333333
3,123,far,L14,L0_plp,0.1,0.09838888888888889
3,123,far,L14,L1_plp,0.01,0.010888888888888889
3,123,far,L14,L1_plp,0.05,0.0475
3,123,far,L14,L1_plp,0.1,0.09822222222222222
3,123,far,L14,L2_plp,0.01,0.011444444444444445
3,123,far,L14,L2_plp,0.05,0.04572222222222222
3,123,far,L14,L2_plp,0.1,0.0976111111111111
2,124,far,B14,static,0.01,0.012888888888888889
2,124,far,B14,static,0.05,0.057777777777777775
2,124,far,B14,static,0.1,0.1145
2,124,far,B14,pall,0.01,0.011055555555555556
2,124,far,B14,pall,0.05,0.0565
2,124,far,B14,pall,0.1,0.11716666666666667
2,124,far,B14,M0_pA1,0.01,0.011777777777777778
2,124,far,B14,M0_pA1,0.05,0.05344444444444445
2,124,far,B14,M0_pA1,0.1,0.10833333333333334
2,124,far,B14,M0_pA2,0.01,0.012611111111111111
2,124,far,B14,M0_pA2,0.05,0.052055555555555556
2,124,far,B14,M0_pA2,0.1,0.10794444444444444
2,124,far,B14,M0_pt,0.01,0.012944444444444444
2,124,far,B14,M0_pt,0.05,0.05327777777777778
2,124,far,B14,M0_pt,0.1,0.10766666666666666
2,124,far,B14,M1_pall,0.01,0.008888888888888889
2,124,far,B14,M1_pall,0.05,0.05533333333333333
2,124,far,B14,M1_pall,0.1,0.1228888888888889
2,124,far,B14,M1_pA1,0.01,0.0074444444444444445
2,124,far,B14,M1_pA1,0.05,0.04777777777777778
2,124,far,B14,M1_pA1,0.1,0.09416666666666666
2,124,far,B14,M1_pA2,0.01,0.011666666666666667
2,124,far,B14,M1_pA2,0.05,0.053
2,124,far,B14,M1_pA2,0.1,0.11288888888888889
2,124,far,B14,M1_pt,0.01,0.018111111111111113
2,124,far,B14,M1_pt,0.05,0.05461111111111111
2,124,far,B14,M1_pt,0.1,0.10661111111111111
2,124,far,B14,L0_plp,0.01,0.01161111111111111
2,124,far,B14,L0_plp,0.05,0.059
2,124,far,B14,L0_plp,0.1,0.11761111111111111
2,124,far,B14,L1_plp,0.01,0.012
2,124,far,B14,L1_plp,0.05,0.059444444444444446
2,124,far,B14,L1_plp,0.1,0.11644444444444445
2,124,far,B14,L2_plp,0.01,0.01161111111111111
2,124,far,B14,L2_plp,0.05,0.058833333333333335
2,124,far,B14,L2_plp,0.1,0.11694444444444445
2,124,far,L14,static,0.01,0.012666666666666666
2,124,far,L14,static,0.05,0.0545
2,124,far,L14,static,0.1,0.11066666666666666
2,124,far,L14,pall,0.01,0.009277777777777777
2,124,far,L14,pall,0.05,0.052333333333333336
2,124,far,L14,pall,0.1,0.10816666666666666
2,124,far,L14,M0_pA1,0.01,0.009222222222222222
2,124,far,L14,M0_pA1,0.05,0.04838888888888889
2,124,far,L14,M0_pA1,0.1,0.09588888888888888
2,124,far,L14,M0_pA2,0.01,0.009944444444444445
2,124,far,L14,M0_pA2,0.05,0.04761111111111111
2,124,far,L14,M0_pA2,0.1,0.09361111111111112
2,124,far,L14,M0_pt,0.01,0.008888888888888889
2,124,far,L14,M0_pt,0.05,0.0465
2,124,far,L14,M0_pt,0.1,0.09883333333333333
2,124,far,L14,M1_pall,0.01,0.010277777777777778
2,124,far,L14,M1_pall,0.05,0.04822222222222222
2,124,far,L14,M1_pall,0.1,0.10994444444444444
2,124,far,L14,M1_pA1,0.01,0.009111111111111111
2,124,far,L14,M1_pA1,0.05,0.044
2,124,far,L14,M1_pA1,0.1,0.0905
2,124,far,L14,M1_pA2,0.01,0.008666666666666666
2,124,far,L14,M1_pA2,0.05,0.04505555555555556
2,124,far,L14,M1_pA2,0.1,0.09355555555555556
2,124,far,L14,M1_pt,0.01,0.011944444444444445
2,124,far,L14,M1_pt,0.05,0.05277777777777778
2,124,far,L14,M1_pt,0.1,0.10211111111111111
2,124,far,L14,L0_plp,0.01,0.010722222222222222
2,124,far,L14,L0_plp,0.05,0.052222222222222225
2,124,far,L14,L0_plp,0.1,0.10327777777777777
2,124,far,L14,L1_plp,0.01,0.011055555555555556
2,124,far,L14,L1_plp,0.05,0.05177777777777778
2,124,far,L14,L1_plp,0.1,0.10305555555555555
2,124,far,L14,L2_plp,0.01,0.010666666666666666
2,124,far,L14,L2_plp,0.05,0.05211111111111111
2,124,far,L14,L2_plp,0.1,0.10294444444444445
2,123,near,B14,static,0.01,0.012888888888888889
2,123,near,B14,static,0.05,0.057777777777777775
2,123,near,B14,static,0.1,0.1145
2,123,near,B14,pall,0.01,0.011055555555555556
2,123,near,B14,pall,0.05,0.0565
2,123,near,B14,pall,0.1,0.11716666666666667
2,123,near,B14,M0_pA1,0.01,0.012222222222222223
2,123,near,B14,M0_pA1,0.05,0.05455555555555556
2,123,near,B14,M0_pA1,0.1,0.11116666666666666
2,123,near,B14,M0_pA2,0.01,0.013055555555555556
2,123,near,B14,M0_pA2,0.05,0.05216666666666667
2,123,near,B14,M0_pA2,0.1,0.10327777777777777
2,123,near,B14,M0_pt,0.01,0.012333333333333333
2,123,near,B14,M0_pt,0.05,0.052
2,123,near,B14,M0_pt,0.1,0.10055555555555555
2,123,near,B14,M1_pall,0.01,0.008888888888888889
2,123,near,B14,M1_pall,0.05,0.05533333333333333
2,123,near,B14,M1_pall,0.1,0.1228888888888889
2,123,near,B14,M1_pA1,0.01,0.00788888888888889
2,123,near,B14,M1_pA1,0.05,0.050166666666666665
2,123,near,B14,M1_pA1,0.1,0.09911111111111111
2,123,near,B14,M1_pA2,0.01,0.0135
2,123,near,B14,M1_pA2,0.05,0.05616666666666666
2,123,near,B14,M1_pA2,0.1,0.11716666666666667
2,123,near,B14,M1_pt,0.01,0.012166666666666666
2,123,near,B14,M1_pt,0.05,0.04527777777777778
2,123,near,B14,M1_pt,0.1,0.09605555555555556
2,123,near,B14,L0_plp,0.01,0.011777777777777778
2,123,near,B14,L0_plp,0.05,0.05594444444444444
2,123,near,B14,L0_plp,0.1,0.11138888888888888
2,123,near,B14,L1_plp,0.01,0.01138888888888889
2,123,near,B14,L1_plp,0.05,0.05688888888888889
2,123,near,B14,L1_plp,0.1,0.11183333333333334
2,123,near,B14,L2_plp,0.01,0.011777777777777778
2,123,near,B14,L2_plp,0.05,0.05572222222222222
2,123,near,B14,L2_plp,0.1,0.111
2,123,near,L14,static,0.01,0.012666666666666666
2,123,near,L14,static,0.05,0.0545
2,123,near,L14,static,0.1,0.11066666666666666
2,123,near,L14,pall,0.01,0.009277777777777777
2,123,near,L14,pall,0.05,0.052333333333333336
2,123,near,L14,pall,0.1,0.10816666666666666
2,123,near,L14,M0_pA1,0.01,0.00938888888888889
2,123,near,L14,M0_pA1,0.05,0.05
2,123,near,L14,M0_pA1,0.1,0.10038888888888889
2,123,near,L14,M0_pA2,0.01,0.010055555555555555
2,123,near,L14,M0_pA2,0.05,0.04788888888888889
2,123,near,L14,M0_pA2,0.1,0.09566666666666666
2,123,near,L14,M0_pt,0.01,0.0095
2,123,near,L14,M0_pt,0.05,0.048
2,123,near,L14,M0_pt,0.1,0.09566666666666666
2,123,near,L14,M1_pall,0.01,0.010277777777777778
2,123,near,L14,M1_pall,0.05,0.04822222222222222
2,123,near,L14,M1_pall,0.1,0.10994444444444444
2,123,near,L14,M1_pA1,0.01,0.008388888888888888
2,123,near,L14,M1_pA1,0.05,0.04622222222222222
2,123,near,L14,M1_pA1,0.1,0.09727777777777778
2,123,near,L14,M1_pA2,0.01,0.0077777777777777776
2,123,near,L14,M1_pA2,0.05,0.051555555555555556
2,123,near,L14,M1_pA2,0.1,0.10266666666666667
2,123,near,L14,M1_pt,0.01,0.0105
2,123,near,L14,M1_pt,0.05,0.04566666666666667
2,123,near,L14,M1_pt,0.1,0.09311111111111112
2,123,near,L14,L0_plp,0.01,0.010666666666666666
2,123,near,L14,L0_plp,0.05,0.053
2,123,near,L14,L0_plp,0.1,0.1035
2,123,near,L14,L1_plp,0.01,0.010611111111111111
2,123,near,L14,L1_plp,0.05,0.05227777777777778
2,123,near,L14,L1_plp,0.1,0.10433333333333333
2,123,near,L14,L2_plp,0.01,0.010611111111111111
2,123,near,L14,L2_plp,0.05,0.053
2,123,near,L14,L2_plp,0.1,0.10333333333333333
0,123,far,B14,static,0.01,0.012166666666666666
0,123,far,B14,static,0.05,0.04988888888888889
0,123,far,B14,static,0.1,0.09716666666666667
0,123,far,B14,pall,0.01,0.010055555555555555
0,123,far,B14,pall,0.05,0.051333333333333335
0,123,far,B14,pall,0.1,0.09538888888888888
0,123,far,B14,M0_pA1,0.01,0.010666666666666666
0,123,far,B14,M0_pA1,0.05,0.052055555555555556
0,123,far,B14,M0_pA1,0.1,0.09994444444444445
0,123,far,B14,M0_pA2,0.01,0.0105
0,123,far,B14,M0_pA2,0.05,0.050611111111111114
0,123,far,B14,M0_pA2,0.1,0.10183333333333333
0,123,far,B14,M0_pt,0.01,0.010388888888888888
0,123,far,B14,M0_pt,0.05,0.051722222222222225
0,123,far,B14,M0_pt,0.1,0.10488888888888889
0,123,far,B14,M1_pall,0.01,0.009111111111111111
0,123,far,B14,M1_pall,0.05,0.042722222222222224
0,123,far,B14,M1_pall,0.1,0.09688888888888889
0,123,far,B14,M1_pA1,0.01,0.009611111111111112
0,123,far,B14,M1_pA1,0.05,0.05516666666666667
0,123,far,B14,M1_pA1,0.1,0.09483333333333334
0,123,far,B14,M1_pA2,0.01,0.01011111111111111
0,123,far,B14,M1_pA2,0.05,0.05505555555555556
0,123,far,B14,M1_pA2,0.1,0.11738888888888889
0,123,far,B14,M1_pt,0.01,0.013888888888888888
0,123,far,B14,M1_pt,0.05,0.05622222222222222
0,123,far,B14,M1_pt,0.1,0.11077777777777778
0,123,far,B14,L0_plp,0.01,0.010888888888888889
0,123,far,B14,L0_plp,0.05,0.05616666666666666
0,123,far,B14,L0_plp,0.1,0.10744444444444444
0,123,far,B14,L1_plp,0.01,0.010777777777777778
0,123,far,B14,L1_plp,0.05,0.05672222222222222
0,123,far,B14,L1_plp,0.1,0.10927777777777778
0,123,far,B14,L2_plp,0.01,0.010833333333333334
0,123,far,B14,L2_plp,0.05,0.05605555555555555
0,123,far,B14,L2_plp,0.1,0.10672222222222222
0,123,far,L14,static,0.01,0.010388888888888888
0,123,far,L14,static,0.05,0.05311111111111111
0,123,far,L14,static,0.1,0.10272222222222223
0,123,far,L14,pall,0.01,0.009055555555555556
0,123,far,L14,pall,0.05,0.04838888888888889
0,123,far,L14,pall,0.1,0.09955555555555555
0,123,far,L14,M0_pA1,0.01,0.010944444444444444
0,123,far,L14,M0_pA1,0.05,0.04894444444444444
0,123,far,L14,M0_pA1,0.1,0.10005555555555555
0,123,far,L14,M0_pA2,0.01,0.010222222222222223
0,123,far,L14,M0_pA2,0.05,0.0485
0,123,far,L14,M0_pA2,0.1,0.102
0,123,far,L14,M0_pt,0.01,0.009722222222222222
0,123,far,L14,M0_pt,0.05,0.050277777777777775
0,123,far,L14,M0_pt,0.1,0.10133333333333333
0,123,far,L14,M1_pall,0.01,0.010388888888888888
0,123,far,L14,M1_pall,0.05,0.04744444444444444
0,123,far,L14,M1_pall,0.1,0.0965
0,123,far,L14,M1_pA1,0.01,0.007722222222222222
0,123,far,L14,M1_pA1,0.05,0.044444444444444446
0,123,far,L14,M1_pA1,0.1,0.09533333333333334
0,123,far,L14,M1_pA2,0.01,0.0055
0,123,far,L14,M1_pA2,0.05,0.042611111111111113
0,123,far,L14,M1_pA2,0.1,0.09588888888888888
0,123,far,L14,M1_pt,0.01,0.012611111111111111
0,123,far,L14,M1_pt,0.05,0.05388888888888889
0,123,far,L14,M1_pt,0.1,0.116
0,123,far,L14,L0_plp,0.01,0.010444444444444444
0,123,far,L14,L0_plp,0.05,0.0525
0,123,far,L14,L0_plp,0.1,0.10794444444444444
0,123,far,L14,L1_plp,0.01,0.010611111111111111
0,123,far,L14,L1_plp,0.05,0.05405555555555556
0,123,far,L14,L1_plp,0.1,0.10916666666666666
0,123,far,L14,L2_plp,0.01,0.010444444444444444
0,123,far,L14,L2_plp,0.05,0.052444444444444446
0,123,far,L14,L2_plp,0.1,0.107
3,125,far,B14,static,0.01,0.007555555555555556
3,125,far,B14,static,0.05,0.04672222222222222
3,125,far,B14,static,0.1,0.09294444444444444
3,125,far,B14,pall,0.01,0.0067777777777777775
3,125,far,B14,pall,0.05,0.042777777777777776
3,125,far,B14,pall,0.1,0.09316666666666666
3,125,far,B14,M0_pA1,0.01,0.008555555555555556
3,125,far,B14,M0_pA1,0.05,0.04666666666666667
3,125,far,B14,M0_pA1,0.1,0.09127777777777778
3,125,far,B14,M0_pA2,0.01,0.008833333333333334
3,125,far,B14,M0_pA2,0.05,0.04744444444444444
3,125,far,B14,M0_pA2,0.1,0.09494444444444444
3,125,far,B14,M0_pt,0.01,0.008555555555555556
3,125,far,B14,M0_pt,0.05,0.04594444444444445
3,125,far,B14,M0_pt,0.1,0.09905555555555555
3,125,far,B14,M1_pall,0.01,0.006833333333333334
3,125,far,B14,M1_pall,0.05,0.03738888888888889
3,125,far,B14,M1_pall,0.1,0.08944444444444444
3,125,far,B14,M1_pA1,0.01,0.007222222222222222
3,125,far,B14,M1_pA1,0.05,0.046
3,125,far,B14,M1_pA1,0.1,0.08983333333333333
3,125,far,B14,M1_pA2,0.01,0.010055555555555555
3,125,far,B14,M1_pA2,0.05,0.04583333333333333
3,125,far,B14,M1_pA2,0.1,0.10011111111111111
3,125,far,B14,M1_pt,0.01,0.0074444444444444445
3,125,far,B14,M1_pt,0.05,0.043666666666666666
3,125,far,B14,M1_pt,0.1,0.09372222222222222
3,125,far,B14,L0_plp,0.01,0.0074444444444444445
3,125,far,B14,L0_plp,0.05,0.050888888888888886
3,125,far,B14,L0_plp,0.1,0.10305555555555555
3,125,far,B14,L1_plp,0.01,0.007833333333333333
3,125,far,B14,L1_plp,0.05,0.051166666666666666
3,125,far,B14,L1_plp,0.1,0.10338888888888889
3,125,far,B14,L2_plp,0.01,0.0074444444444444445
3,125,far,B14,L2_plp,0.05,0.050611111111111114
3,125,far,B14,L2_plp,0.1,0.10255555555555555
3,125,far,L14,static,0.01,0.009833333333333333
3,125,far,L14,static,0.05,0.0505
3,125,far,L14,static,0.1,0.09861111111111111
3,125,far,L14,pall,0.01,0.009222222222222222
3,125,far,L14,pall,0.05,0.04822222222222222
3,125,far,L14,pall,0.1,0.09455555555555556
3,125,far,L14,M0_pA1,0.01,0.010055555555555555
3,125,far,L14,M0_pA1,0.05,0.04722222222222222
3,125,far,L14,M0_pA1,0.1,0.0965
3,125,far,L14,M0_pA2,0.01,0.009555555555555555
3,125,far,L14,M0_pA2,0.05,0.04822222222222222
3,125,far,L14,M0_pA2,0.1,0.09838888888888889
3,125,far,L14,M0_pt,0.01,0.009111111111111111
3,125,far,L14,M0_pt,0.05,0.04766666666666667
3,125,far,L14,M0_pt,0.1,0.09616666666666666
3,125,far,L14,M1_pall,0.01,0.009222222222222222
3,125,far,L14,M1_pall,0.05,0.04438888888888889
3,125,far,L14,M1_pall,0.1,0.09666666666666666
3,125,far,L14,M1_pA1,0.01,0.007666666666666666
3,125,far,L14,M1_pA1,0.05,0.04494444444444445
3,125,far,L14,M1_pA1,0.1,0.09044444444444444
3,125,far,L14,M1_pA2,0.01,0.011444444444444445
3,125,far,L14,M1_pA2,0.05,0.058333333333333334
3,125,far,L14,M1_pA2,0.1,0.11216666666666666
3,125,far,L14,M1_pt,0.01,0.006555555555555556
3,125,far,L14,M1_pt,0.05,0.04172222222222222
3,125,far,L14,M1_pt,0.1,0.08822222222222222
3,125,far,L14,L0_plp,0.01,0.009722222222222222
3,125,far,L14,L0_plp,0.05,0.0485
3,125,far,L14,L0_plp,0.1,0.09988888888888889
3,125,far,L14,L1_plp,0.01,0.009333333333333334
3,125,far,L14,L1_plp,0.05,0.04722222222222222
3,125,far,L14,L1_plp,0.1,0.10005555555555555
3,125,far,L14,L2_plp,0.01,0.009666666666666667
3,125,far,L14,L2_plp,0.05,0.04816666666666667
3,125,far,L14,L2_plp,0.1,0.09977777777777778
