condition,a,b,metric,mean,lo,hi,n,unit
class_burst,L0_M0,L0_LP,AUROC,10.631464296296297,10.572787407168962,10.690141185423633,50,paired calibration resample
class_burst,L1_M0,L1_LP,AUROC,9.522993185185188,9.462608799197337,9.583377571173038,50,paired calibration resample
class_burst,L2_M0,L2_LP,AUROC,10.437956,10.379913041455335,10.495998958544664,50,paired calibration resample
class_burst,L1_M1,L1_M0,AUROC,-0.06364948148148074,-0.09519233203475654,-0.03210663092820494,50,paired calibration resample
class_burst,L2_M1,L2_M0,AUROC,-0.0718589629629625,-0.10593225397050562,-0.03778567195541938,50,paired calibration resample
class_burst,L0_M0,L0_LP,FPR95,-27.794666666666668,-28.004525810564807,-27.58480752276853,50,paired calibration resample
class_burst,L1_M0,L1_LP,FPR95,-24.224,-24.44810429005686,-23.99989570994314,50,paired calibration resample
class_burst,L2_M0,L2_LP,FPR95,-27.582666666666665,-27.794781695430416,-27.370551637902913,50,paired calibration resample
class_burst,L1_M1,L1_M0,FPR95,0.36266666666666597,0.17980696298533075,0.5455263703480012,50,paired calibration resample
class_burst,L2_M1,L2_M0,FPR95,0.5626666666666672,0.36269914422298954,0.7626341891103449,50,paired calibration resample
mixed,L0_M0,L0_LP,AUROC,3.3517488888888907,3.3137862572490984,3.389711520528683,50,paired calibration resample
mixed,L1_M0,L1_LP,AUROC,2.7849251851851817,2.745688771706487,2.8241615986638764,50,paired calibration resample
mixed,L2_M0,L2_LP,AUROC,3.362109481481483,3.3241594581830785,3.4000595047798874,50,paired calibration resample
mixed,L1_M1,L1_M0,AUROC,-0.002549777777777251,-0.02178203697033955,0.016682481414785046,50,paired calibration resample
mixed,L2_M1,L2_M0,AUROC,-0.009001777777777704,-0.03028561877455984,0.012282063219004434,50,paired calibration resample
mixed,L0_M0,L0_LP,FPR95,-11.982666666666667,-12.271093322662898,-11.694240010670436,50,paired calibration resample
mixed,L1_M0,L1_LP,FPR95,-8.746666666666664,-8.976874035718238,-8.516459297615091,50,paired calibration resample
mixed,L2_M0,L2_LP,FPR95,-12.050666666666668,-12.328240411024042,-11.773092922309294,50,paired calibration resample
mixed,L1_M1,L1_M0,FPR95,0.13333333333333258,0.02075546504382031,0.24591120162284485,50,paired calibration resample
mixed,L2_M1,L2_M0,FPR95,0.1173333333333332,-0.031337666163868766,0.26600433283053515,50,paired calibration resample
