condition,method,metric,mean,lo,hi,n,unit
class_burst,L0_LP,AUROC,77.91551896296296,77.84740802729691,77.98362989862902,50,calibration resample on fixed cohort
class_burst,L0_LP,FPR95,67.856,67.64314199344207,68.06885800655792,50,calibration resample on fixed cohort
class_burst,L0_M0,AUROC,88.54698325925925,88.49826961446954,88.59569690404896,50,calibration resample on fixed cohort
class_burst,L0_M0,FPR95,40.06133333333333,39.91294445909521,40.20972220757145,50,calibration resample on fixed cohort
class_burst,L0_M1,AUROC,88.47363318518518,88.41710518350371,88.53016118686665,50,calibration resample on fixed cohort
class_burst,L0_M1,FPR95,40.608000000000004,40.362078854365315,40.85392114563469,50,calibration resample on fixed cohort
class_burst,L1_LP,AUROC,79.28160207407409,79.20984087378032,79.35336327436785,50,calibration resample on fixed cohort
class_burst,L1_LP,FPR95,63.541333333333334,63.32006218101203,63.76260448565464,50,calibration resample on fixed cohort
class_burst,L1_M0,AUROC,88.80459525925927,88.75606035589794,88.8531301626206,50,calibration resample on fixed cohort
class_burst,L1_M0,FPR95,39.31733333333332,39.16558970985968,39.469076956806965,50,calibration resample on fixed cohort
class_burst,L1_M1,AUROC,88.74094577777777,88.68624423977586,88.79564731577968,50,calibration resample on fixed cohort
class_burst,L1_M1,FPR95,39.67999999999999,39.44966537423939,39.9103346257606,50,calibration resample on fixed cohort
class_burst,L2_LP,AUROC,78.20757585185186,78.13972479240302,78.2754269113007,50,calibration resample on fixed cohort
class_burst,L2_LP,FPR95,67.488,67.26706680907999,67.70893319092,50,calibration resample on fixed cohort
class_burst,L2_M0,AUROC,88.64553185185184,88.59717762755581,88.69388607614788,50,calibration resample on fixed cohort
class_burst,L2_M0,FPR95,39.90533333333333,39.760075425578165,40.0505912410885,50,calibration resample on fixed cohort
class_burst,L2_M1,AUROC,88.5736728888889,88.51772962028856,88.62961615748922,50,calibration resample on fixed cohort
class_burst,L2_M1,FPR95,40.467999999999996,40.224809330931954,40.71119066906804,50,calibration resample on fixed cohort
mixed,L0_LP,AUROC,86.95159718518521,86.89997271139286,87.00322165897755,50,calibration resample on fixed cohort
mixed,L0_LP,FPR95,51.21466666666666,50.951376432123695,51.47795690120962,50,calibration resample on fixed cohort
mixed,L0_M0,AUROC,90.30334607407408,90.27150502980658,90.3351871183416,50,calibration resample on fixed cohort
mixed,L0_M0,FPR95,39.232,39.106018344401136,39.35798165559886,50,calibration resample on fixed cohort
mixed,L0_M1,AUROC,90.29456088888887,90.25775258112424,90.3313691966535,50,calibration resample on fixed cohort
mixed,L0_M1,FPR95,39.342666666666666,39.184750708117626,39.500582625215706,50,calibration resample on fixed cohort
mixed,L1_LP,AUROC,87.84746696296297,87.7906411928736,87.90429273305234,50,calibration resample on fixed cohort
mixed,L1_LP,FPR95,47.074666666666666,46.85352798666932,47.29580534666401,50,calibration resample on fixed cohort
mixed,L1_M0,AUROC,90.63239214814816,90.59955111240895,90.66523318388737,50,calibration resample on fixed cohort
mixed,L1_M0,FPR95,38.327999999999996,38.202917066025336,38.453082933974656,50,calibration resample on fixed cohort
mixed,L1_M1,AUROC,90.62984237037038,90.59359487388642,90.66608986685435,50,calibration resample on fixed cohort
mixed,L1_M1,FPR95,38.46133333333333,38.317711119330035,38.60495554733662,50,calibration resample on fixed cohort
mixed,L2_LP,AUROC,86.92899792592593,86.87744265687077,86.98055319498108,50,calibration resample on fixed cohort
mixed,L2_LP,FPR95,51.277333333333324,51.019438714515864,51.535227952150784,50,calibration resample on fixed cohort
mixed,L2_M0,AUROC,90.2911074074074,90.25928838664733,90.32292642816746,50,calibration resample on fixed cohort
mixed,L2_M0,FPR95,39.22666666666667,39.09879419364137,39.354539139691965,50,calibration resample on fixed cohort
mixed,L2_M1,AUROC,90.28210562962963,90.24527009233458,90.31894116692467,50,calibration resample on fixed cohort
mixed,L2_M1,FPR95,39.343999999999994,39.18639284366028,39.50160715633971,50,calibration resample on fixed cohort
