rep,condition,method,AUROC,FPR95,actual_ID_acceptance,threshold,ID_ties_at_threshold,OOD_ties_at_threshold,n_ID,n_OOD
13,mixed,L0_LP,86.99023703703703,49.8,95.0,-5.654446103205753,1,0,4500,1500
13,mixed,L0_M0,90.27682962962963,39.46666666666667,95.0,-10.71907331038124,1,0,4500,1500
13,mixed,L0_M1,90.28675555555556,39.46666666666667,95.0,-10.558593083018442,1,0,4500,1500
13,mixed,L1_LP,87.89468148148148,45.666666666666664,95.0,-5.6762860389359675,1,0,4500,1500
13,mixed,L1_M0,90.60103703703703,38.46666666666667,95.0,-10.708889633498249,1,0,4500,1500
13,mixed,L1_M1,90.62084444444444,38.733333333333334,95.0,-10.600617231106128,1,0,4500,1500
13,mixed,L2_LP,86.96875555555556,50.4,95.0,-5.659479670880583,1,0,4500,1500
13,mixed,L2_M0,90.26545925925925,39.6,95.0,-10.703049660913083,1,0,4500,1500
13,mixed,L2_M1,90.2748962962963,39.46666666666667,95.0,-10.553433654989291,1,0,4500,1500
13,class_burst,L0_LP,77.8922148148148,67.33333333333333,95.0,-6.735161798983588,1,0,4500,1500
13,class_burst,L0_M0,88.56693333333332,40.400000000000006,95.0,-10.9599892074712,1,0,4500,1500
13,class_burst,L0_M1,88.54625185185185,40.86666666666667,95.0,-10.788898437732684,1,0,4500,1500
13,class_burst,L1_LP,79.27985925925925,63.53333333333333,95.0,-6.7799528321259555,1,0,4500,1500
13,class_burst,L1_M0,88.83766666666668,39.4,95.0,-10.934562476198472,1,0,4500,1500
13,class_burst,L1_M1,88.82852592592592,39.6,95.0,-10.776967721665635,1,0,4500,1500
13,class_burst,L2_LP,78.17614074074073,67.2,95.0,-6.693535455747791,1,0,4500,1500
13,class_burst,L2_M0,88.66480740740741,40.13333333333333,95.0,-10.912802248717522,1,0,4500,1500
13,class_burst,L2_M1,88.64503703703703,40.86666666666667,95.0,-10.767860669022717,1,0,4500,1500
38,mixed,L0_LP,86.81985925925926,51.46666666666667,95.0,-5.773578871186539,1,0,4500,1500
38,mixed,L0_M0,90.1578074074074,39.86666666666667,95.0,-10.838382708271117,1,0,4500,1500
38,mixed,L0_M1,90.27128888888888,39.666666666666664,95.0,-10.697718459229202,1,0,4500,1500
38,mixed,L1_LP,87.64860740740741,46.86666666666667,95.0,-5.816226934502963,1,0,4500,1500
38,mixed,L1_M0,90.44997777777778,38.93333333333333,95.0,-10.804485048297666,1,0,4500,1500
38,mixed,L1_M1,90.56276296296298,38.86666666666667,95.0,-10.744941392954637,1,0,4500,1500
38,mixed,L2_LP,86.79323703703703,51.733333333333334,95.0,-5.775789201028079,1,0,4500,1500
38,mixed,L2_M0,90.14465185185185,39.93333333333333,95.0,-10.84393562207377,1,0,4500,1500
38,mixed,L2_M1,90.2575925925926,39.733333333333334,95.0,-10.698864457518436,1,0,4500,1500
38,class_burst,L0_LP,77.81241481481483,67.46666666666667,95.0,-6.88001128787012,1,0,4500,1500
38,class_burst,L0_M0,88.38417037037036,40.266666666666666,95.0,-10.85313276550102,1,0,4500,1500
38,class_burst,L0_M1,88.30911111111112,41.266666666666666,95.0,-10.808352245267333,1,0,4500,1500
38,class_burst,L1_LP,79.11368888888889,62.73333333333333,95.0,-6.931731031599583,1,0,4500,1500
38,class_burst,L1_M0,88.61283703703704,39.6,95.0,-10.885548825935874,1,0,4500,1500
38,class_burst,L1_M1,88.55568148148147,40.400000000000006,95.0,-10.842426825539686,1,0,4500,1500
38,class_burst,L2_LP,78.11153333333333,67.26666666666667,95.0,-6.828552990594645,1,0,4500,1500
38,class_burst,L2_M0,88.4866148148148,40.13333333333333,95.0,-10.81890076459857,1,0,4500,1500
38,class_burst,L2_M1,88.4145037037037,41.199999999999996,95.0,-10.781784774681238,1,0,4500,1500
35,mixed,L0_LP,87.00636296296295,49.93333333333334,95.0,-5.741765829866351,1,0,4500,1500
35,mixed,L0_M0,90.42604444444444,38.733333333333334,95.0,-10.876490509752188,1,0,4500,1500
35,mixed,L0_M1,90.43285185185185,38.333333333333336,95.0,-10.93868277872535,1,0,4500,1500
35,mixed,L1_LP,87.8968888888889,45.46666666666667,95.0,-5.798648632536791,1,0,4500,1500
35,mixed,L1_M0,90.74909629629629,37.46666666666666,95.0,-10.850758771289595,1,0,4500,1500
35,mixed,L1_M1,90.76465925925925,37.6,95.0,-10.969762922486392,1,0,4500,1500
35,mixed,L2_LP,86.9845111111111,49.93333333333334,95.0,-5.731366625453468,1,0,4500,1500
35,mixed,L2_M0,90.41434814814815,38.733333333333334,95.0,-10.873452428659022,1,0,4500,1500
35,mixed,L2_M1,90.42100740740739,38.333333333333336,95.0,-10.926817713808544,1,0,4500,1500
35,class_burst,L0_LP,77.82205925925926,67.13333333333334,95.0,-6.905998617633106,1,0,4500,1500
35,class_burst,L0_M0,88.78108888888889,39.13333333333333,95.0,-10.978704308008409,1,0,4500,1500
35,class_burst,L0_M1,88.60065925925925,39.46666666666667,95.0,-11.069014086582042,1,0,4500,1500
35,class_burst,L1_LP,79.17980740740741,62.4,95.0,-6.862611785791726,1,1,4500,1500
35,class_burst,L1_M0,89.02146666666668,38.733333333333334,95.0,-11.011686949605187,1,0,4500,1500
35,class_burst,L1_M1,88.86379259259259,39.2,95.0,-11.122404168064797,1,0,4500,1500
35,class_burst,L2_LP,78.11463703703704,66.33333333333333,95.0,-6.8455098561524546,1,0,4500,1500
35,class_burst,L2_M0,88.87896296296297,39.06666666666666,95.0,-10.967007870624794,1,0,4500,1500
35,class_burst,L2_M1,88.69762962962963,39.33333333333333,95.0,-11.037320588859343,1,0,4500,1500
19,mixed,L0_LP,86.98040740740741,49.666666666666664,95.0,-5.674239921908269,1,0,4500,1500
19,mixed,L0_M0,90.34856296296296,38.666666666666664,95.0,-10.777011002716689,1,0,4500,1500
19,mixed,L0_M1,90.36722222222222,38.800000000000004,95.0,-10.585085107473327,1,0,4500,1500
19,mixed,L1_LP,87.88678518518519,46.266666666666666,95.0,-5.727094940188165,1,0,4500,1500
19,mixed,L1_M0,90.6813037037037,37.93333333333334,95.0,-10.75062529908431,1,0,4500,1500
19,mixed,L1_M1,90.71365925925925,37.8,95.0,-10.567123472392835,1,0,4500,1500
19,mixed,L2_LP,86.96065185185185,49.4,95.0,-5.655547788896117,1,0,4500,1500
19,mixed,L2_M0,90.33591111111112,38.46666666666667,95.0,-10.758255830867615,1,0,4500,1500
19,mixed,L2_M1,90.35458518518517,38.86666666666667,95.0,-10.58943660371365,1,0,4500,1500
19,class_burst,L0_LP,77.99541481481482,68.26666666666667,95.0,-6.811178445188695,1,0,4500,1500
19,class_burst,L0_M0,88.57434074074074,40.266666666666666,95.0,-10.913143822143347,1,0,4500,1500
19,class_burst,L0_M1,88.54431851851852,41.266666666666666,95.0,-10.832571313857986,1,0,4500,1500
19,class_burst,L1_LP,79.36646666666667,63.66666666666667,95.0,-6.820110529751751,1,0,4500,1500
19,class_burst,L1_M0,88.84721481481482,39.93333333333333,95.0,-10.953978834537814,1,0,4500,1500
19,class_burst,L1_M1,88.83154814814814,40.6,95.0,-10.876536943080307,1,0,4500,1500
19,class_burst,L2_LP,78.29198518518518,68.13333333333334,95.0,-6.763729528580377,1,0,4500,1500
19,class_burst,L2_M0,88.67704444444445,40.06666666666667,95.0,-10.867973824121067,1,0,4500,1500
19,class_burst,L2_M1,88.64822962962964,41.199999999999996,95.0,-10.799505862047184,1,0,4500,1500
14,mixed,L0_LP,86.73706666666668,50.53333333333333,95.0,-5.769370423336403,1,0,4500,1500
14,mixed,L0_M0,90.19653333333333,38.800000000000004,95.0,-10.75622212753674,1,0,4500,1500
14,mixed,L0_M1,90.23042222222223,39.2,95.0,-10.532644710027977,1,0,4500,1500
14,mixed,L1_LP,87.57886666666667,47.333333333333336,95.0,-5.843440390739527,1,0,4500,1500
14,mixed,L1_M0,90.51377037037037,38.333333333333336,95.0,-10.781722855155481,1,0,4500,1500
14,mixed,L1_M1,90.5501037037037,38.53333333333334,95.0,-10.536998393457093,1,0,4500,1500
14,mixed,L2_LP,86.71416296296296,50.33333333333333,95.0,-5.750163765270965,1,0,4500,1500
14,mixed,L2_M0,90.18583703703705,38.86666666666667,95.0,-10.7512345860257,1,0,4500,1500
14,mixed,L2_M1,90.2184888888889,39.2,95.0,-10.526328395591843,1,0,4500,1500
14,class_burst,L0_LP,77.82648148148148,68.4,95.0,-6.999539770325319,1,0,4500,1500
14,class_burst,L0_M0,88.58183703703703,40.6,95.0,-11.088393825016848,1,0,4500,1500
14,class_burst,L0_M1,88.37425185185185,41.266666666666666,95.0,-10.801554584347933,1,0,4500,1500
14,class_burst,L1_LP,79.12234814814815,63.800000000000004,95.0,-7.0304435171743345,1,0,4500,1500
14,class_burst,L1_M0,88.81406666666666,39.800000000000004,95.0,-11.083722696181784,1,0,4500,1500
14,class_burst,L1_M1,88.61735555555555,40.266666666666666,95.0,-10.791695637593586,1,0,4500,1500
14,class_burst,L2_LP,78.12085925925926,67.73333333333333,95.0,-6.953288752674562,1,0,4500,1500
14,class_burst,L2_M0,88.68374074074073,40.53333333333333,95.0,-11.057245690997759,1,0,4500,1500
14,class_burst,L2_M1,88.47946666666667,40.86666666666667,95.0,-10.753836342192454,1,0,4500,1500
4,mixed,L0_LP,87.12319259259259,50.8,95.0,-5.641102363708393,1,0,4500,1500
4,mixed,L0_M0,90.29038518518519,39.06666666666666,95.0,-10.648707815566818,1,0,4500,1500
4,mixed,L0_M1,90.25675555555556,39.266666666666666,95.0,-10.87864275067144,1,0,4500,1500
4,mixed,L1_LP,88.04600740740742,47.333333333333336,95.0,-5.701564026182824,1,0,4500,1500
4,mixed,L1_M0,90.63540740740741,38.93333333333333,95.0,-10.704230367028066,1,0,4500,1500
4,mixed,L1_M1,90.59847407407408,38.4,95.0,-10.869799505380538,1,0,4500,1500
4,mixed,L2_LP,87.10173333333333,50.866666666666674,95.0,-5.645348654589844,1,0,4500,1500
4,mixed,L2_M0,90.27957777777779,39.2,95.0,-10.643052455146648,1,0,4500,1500
4,mixed,L2_M1,90.2430962962963,39.33333333333333,95.0,-10.876510299398657,1,0,4500,1500
4,class_burst,L0_LP,78.26354074074074,66.46666666666667,95.0,-6.658849897759902,1,0,4500,1500
4,class_burst,L0_M0,88.55765925925925,39.2,95.0,-10.610322774326924,1,0,4500,1500
4,class_burst,L0_M1,88.46014074074074,39.0,95.0,-10.914461618382612,1,0,4500,1500
4,class_burst,L1_LP,79.62338518518519,62.46666666666667,95.0,-6.713719108005716,1,0,4500,1500
4,class_burst,L1_M0,88.8028,38.46666666666667,95.0,-10.6490967109422,1,0,4500,1500
4,class_burst,L1_M1,88.71907407407407,38.0,95.0,-10.906107842793073,1,0,4500,1500
4,class_burst,L2_LP,78.54737037037036,65.53333333333333,95.0,-6.587838862116714,1,0,4500,1500
4,class_burst,L2_M0,88.65384444444445,39.0,95.0,-10.58759245207705,1,0,4500,1500
4,class_burst,L2_M1,88.5545777777778,38.93333333333333,95.0,-10.894396971625868,1,0,4500,1500
23,mixed,L0_LP,87.07835555555555,51.733333333333334,95.0,-5.808875761971912,1,0,4500,1500
23,mixed,L0_M0,90.38877037037037,39.13333333333333,95.0,-10.796514678726046,1,0,4500,1500
23,mixed,L0_M1,90.4168074074074,39.666666666666664,95.0,-10.80072631895256,1,0,4500,1500
23,mixed,L1_LP,87.9657037037037,47.66666666666667,95.0,-5.859503808503068,1,0,4500,1500
23,mixed,L1_M0,90.69361481481482,38.333333333333336,95.0,-10.79506808772208,1,0,4500,1500
23,mixed,L1_M1,90.72286666666668,38.733333333333334,95.0,-10.800753292272006,1,0,4500,1500
23,mixed,L2_LP,87.05148148148149,51.66666666666667,95.0,-5.806898893251962,1,0,4500,1500
23,mixed,L2_M0,90.3760074074074,39.0,95.0,-10.78859659827662,1,0,4500,1500
23,mixed,L2_M1,90.40327407407406,39.6,95.0,-10.796971906512315,1,0,4500,1500
23,class_burst,L0_LP,78.00474074074076,67.46666666666667,95.0,-6.855560192005957,1,0,4500,1500
23,class_burst,L0_M0,88.73186666666668,40.2,95.0,-11.112502824054399,1,0,4500,1500
23,class_burst,L0_M1,88.59977777777779,41.6,95.0,-11.184496168053396,1,0,4500,1500
23,class_burst,L1_LP,79.32474074074074,63.6,95.0,-6.910164326040808,1,0,4500,1500
23,class_burst,L1_M0,88.95823703703702,39.2,95.0,-11.169702295457313,1,0,4500,1500
23,class_burst,L1_M1,88.82949629629631,40.666666666666664,95.0,-11.182670406492399,1,0,4500,1500
23,class_burst,L2_LP,78.30144444444444,67.2,95.0,-6.790116283753572,1,1,4500,1500
23,class_burst,L2_M0,88.82803703703703,40.33333333333333,95.0,-11.103291570856861,1,0,4500,1500
23,class_burst,L2_M1,88.69825925925925,41.46666666666667,95.0,-11.163575542898267,1,0,4500,1500
28,mixed,L0_LP,86.93788148148148,52.33333333333333,95.0,-5.653565627692125,1,0,4500,1500
28,mixed,L0_M0,90.36592592592592,38.53333333333334,95.0,-10.63263317438238,1,0,4500,1500
28,mixed,L0_M1,90.39670370370371,38.4,95.0,-10.708810343177577,1,0,4500,1500
28,mixed,L1_LP,87.89245925925925,48.6,95.0,-5.713663710486797,1,0,4500,1500
28,mixed,L1_M0,90.70611851851854,37.733333333333334,95.0,-10.671221146099516,1,0,4500,1500
28,mixed,L1_M1,90.73435555555555,38.13333333333333,95.0,-10.779798255194606,1,0,4500,1500
28,mixed,L2_LP,86.91353333333333,52.13333333333333,95.0,-5.635641421779313,1,0,4500,1500
28,mixed,L2_M0,90.35401481481482,38.46666666666667,95.0,-10.614337188968598,1,0,4500,1500
28,mixed,L2_M1,90.38576296296296,38.46666666666667,95.0,-10.712704330457008,1,0,4500,1500
28,class_burst,L0_LP,77.90037777777778,67.86666666666666,95.0,-6.730823397384991,1,0,4500,1500
28,class_burst,L0_M0,88.81691111111112,39.46666666666667,95.0,-10.977151260408426,1,0,4500,1500
28,class_burst,L0_M1,88.77814074074074,39.800000000000004,95.0,-11.048020956823581,1,0,4500,1500
28,class_burst,L1_LP,79.3328888888889,63.866666666666674,95.0,-6.75946512979392,1,0,4500,1500
28,class_burst,L1_M0,89.08304444444444,38.800000000000004,95.0,-10.992769549002608,1,0,4500,1500
28,class_burst,L1_M1,89.04123703703704,38.93333333333333,95.0,-11.045281722816679,1,0,4500,1500
28,class_burst,L2_LP,78.20297777777779,67.66666666666666,95.0,-6.684303381750098,1,0,4500,1500
28,class_burst,L2_M0,88.91448148148147,39.53333333333333,95.0,-10.96278265677286,1,0,4500,1500
28,class_burst,L2_M1,88.8705111111111,39.733333333333334,95.0,-11.020446136875435,1,0,4500,1500
5,mixed,L0_LP,86.76045185185185,50.73333333333333,95.0,-5.823371770623585,1,0,4500,1500
5,mixed,L0_M0,90.13282962962963,39.4,95.0,-10.930961341964291,1,0,4500,1500
5,mixed,L0_M1,90.14959999999999,40.400000000000006,95.0,-10.860368443885005,1,0,4500,1500
5,mixed,L1_LP,87.61195555555555,47.53333333333333,95.0,-5.8786913402103265,1,0,4500,1500
5,mixed,L1_M0,90.4558,38.53333333333334,95.0,-10.889919253591259,1,0,4500,1500
5,mixed,L1_M1,90.4876074074074,38.733333333333334,95.0,-10.838855615783906,1,0,4500,1500
5,mixed,L2_LP,86.7362074074074,50.8,95.0,-5.818689383420237,1,0,4500,1500
5,mixed,L2_M0,90.11949629629629,39.4,95.0,-10.908721921616781,1,0,4500,1500
5,mixed,L2_M1,90.1356,40.400000000000006,95.0,-10.839161185371566,1,0,4500,1500
5,class_burst,L0_LP,77.64557037037036,68.33333333333333,95.0,-6.9812797772580755,1,0,4500,1500
5,class_burst,L0_M0,88.36593333333333,41.06666666666667,95.0,-11.201528635911714,1,0,4500,1500
5,class_burst,L0_M1,88.37205925925925,42.13333333333333,95.0,-11.062071759744514,1,0,4500,1500
5,class_burst,L1_LP,78.94365185185185,63.733333333333334,95.0,-7.074103012234229,1,0,4500,1500
5,class_burst,L1_M0,88.61042962962962,39.86666666666667,95.0,-11.19169715152097,1,0,4500,1500
5,class_burst,L1_M1,88.62282962962963,40.400000000000006,95.0,-11.123993566851158,1,0,4500,1500
5,class_burst,L2_LP,77.94025185185185,68.26666666666667,95.0,-6.965469171231433,1,0,4500,1500
5,class_burst,L2_M0,88.46721481481481,41.0,95.0,-11.194914189887003,1,0,4500,1500
5,class_burst,L2_M1,88.47498518518519,41.733333333333334,95.0,-11.001137080107435,1,0,4500,1500
9,mixed,L0_LP,87.1875037037037,51.46666666666667,95.0,-5.7596598190981965,1,0,4500,1500
9,mixed,L0_M0,90.24344444444444,38.666666666666664,95.0,-10.816428279443175,1,0,4500,1500
9,mixed,L0_M1,90.27442962962962,39.266666666666666,95.0,-10.477754560832372,1,0,4500,1500
9,mixed,L1_LP,88.11509629629629,47.599999999999994,95.0,-5.839457908375209,1,0,4500,1500
9,mixed,L1_M0,90.5903925925926,38.06666666666666,95.0,-10.808188982025747,1,0,4500,1500
9,mixed,L1_M1,90.63063703703705,38.800000000000004,95.0,-10.528084442928751,1,0,4500,1500
9,mixed,L2_LP,87.16437777777777,51.6,95.0,-5.7596598190981965,1,0,4500,1500
9,mixed,L2_M0,90.23018518518518,38.666666666666664,95.0,-10.789500904476057,1,0,4500,1500
9,mixed,L2_M1,90.26142962962963,39.266666666666666,95.0,-10.4642288619106,1,0,4500,1500
9,class_burst,L0_LP,78.25811851851851,67.86666666666666,95.0,-6.798999721989309,1,0,4500,1500
9,class_burst,L0_M0,88.33123703703704,40.53333333333333,95.0,-10.895704837600412,1,0,4500,1500
9,class_burst,L0_M1,88.3853037037037,41.8,95.0,-10.660230628243408,1,0,4500,1500
9,class_burst,L1_LP,79.65178518518519,62.73333333333333,95.0,-6.792793661524288,1,0,4500,1500
9,class_burst,L1_M0,88.62230370370371,39.2,95.0,-10.885769247277683,1,0,4500,1500
9,class_burst,L1_M1,88.67771111111112,40.13333333333333,95.0,-10.629183358407145,1,0,4500,1500
9,class_burst,L2_LP,78.55078518518519,67.06666666666666,95.0,-6.717091148738682,1,0,4500,1500
9,class_burst,L2_M0,88.43331851851852,39.93333333333333,95.0,-10.828282264578107,1,0,4500,1500
9,class_burst,L2_M1,88.4880962962963,41.53333333333333,95.0,-10.61363534201866,1,0,4500,1500
45,mixed,L0_LP,87.09694074074075,51.26666666666667,95.0,-5.803340125078558,1,0,4500,1500
45,mixed,L0_M0,90.2668962962963,38.93333333333333,95.0,-10.798735212763889,1,0,4500,1500
45,mixed,L0_M1,90.24484444444444,39.13333333333333,95.0,-10.886788462001523,1,0,4500,1500
45,mixed,L1_LP,88.03987407407408,46.93333333333333,95.0,-5.806616802185967,1,1,4500,1500
45,mixed,L1_M0,90.61734074074073,38.13333333333333,95.0,-10.824399624960831,1,0,4500,1500
45,mixed,L1_M1,90.60196296296296,38.333333333333336,95.0,-10.8663542347407,1,0,4500,1500
45,mixed,L2_LP,87.07807407407407,51.26666666666667,95.0,-5.790718216118169,1,0,4500,1500
45,mixed,L2_M0,90.25582962962963,38.86666666666667,95.0,-10.790911730054907,1,0,4500,1500
45,mixed,L2_M1,90.23194074074074,39.13333333333333,95.0,-10.884464206021624,1,0,4500,1500
45,class_burst,L0_LP,77.98725925925926,66.53333333333333,95.0,-6.836851793409339,1,0,4500,1500
45,class_burst,L0_M0,88.51002962962963,40.400000000000006,95.0,-11.024734066295775,1,0,4500,1500
45,class_burst,L0_M1,88.47214814814815,40.46666666666667,95.0,-11.092296797403446,1,0,4500,1500
45,class_burst,L1_LP,79.37972592592591,62.6,95.0,-6.857538432018061,1,0,4500,1500
45,class_burst,L1_M0,88.79774074074074,39.6,95.0,-11.058279485098904,1,0,4500,1500
45,class_burst,L1_M1,88.76871851851851,39.666666666666664,95.0,-11.078573127136963,1,0,4500,1500
45,class_burst,L2_LP,78.27557777777777,66.73333333333333,95.0,-6.820322491458128,1,1,4500,1500
45,class_burst,L2_M0,88.60630370370372,40.06666666666667,95.0,-10.97138020091532,1,0,4500,1500
45,class_burst,L2_M1,88.56863703703704,40.2,95.0,-11.044187527488093,1,0,4500,1500
31,mixed,L0_LP,87.06206666666667,51.53333333333333,95.0,-5.779300991539005,1,0,4500,1500
31,mixed,L0_M0,90.34622222222222,38.733333333333334,95.0,-10.614457125077884,1,0,4500,1500
31,mixed,L0_M1,90.34225925925927,38.4,95.0,-10.52514434708062,1,0,4500,1500
31,mixed,L1_LP,87.91643703703704,47.733333333333334,95.0,-5.8236847106981156,1,0,4500,1500
31,mixed,L1_M0,90.65859259259258,38.2,95.0,-10.684523897931275,1,0,4500,1500
31,mixed,L1_M1,90.66304444444442,38.0,95.0,-10.548823797201285,1,0,4500,1500
31,mixed,L2_LP,87.04237037037036,52.06666666666667,95.0,-5.78455428692235,1,0,4500,1500
31,mixed,L2_M0,90.33542962962963,38.46666666666667,95.0,-10.58799850957616,1,0,4500,1500
31,mixed,L2_M1,90.33265925925926,38.333333333333336,95.0,-10.496435006134364,1,0,4500,1500
31,class_burst,L0_LP,78.10482962962962,67.53333333333333,95.0,-6.7048031805941335,1,0,4500,1500
31,class_burst,L0_M0,88.73021481481481,39.46666666666667,95.0,-10.86309840713181,1,0,4500,1500
31,class_burst,L0_M1,88.54711111111111,40.46666666666667,95.0,-10.800607855603513,1,0,4500,1500
31,class_burst,L1_LP,79.4077037037037,63.0,95.0,-6.76112874688032,1,0,4500,1500
31,class_burst,L1_M0,88.97342222222223,39.06666666666666,95.0,-10.907929508356172,1,0,4500,1500
31,class_burst,L1_M1,88.80708148148148,40.2,95.0,-10.823469664534763,1,0,4500,1500
31,class_burst,L2_LP,78.40326666666667,67.26666666666667,95.0,-6.668577189515075,1,0,4500,1500
31,class_burst,L2_M0,88.82724444444443,39.6,95.0,-10.846532643655827,1,0,4500,1500
31,class_burst,L2_M1,88.64746666666669,40.400000000000006,95.0,-10.761753504235127,1,0,4500,1500
30,mixed,L0_LP,86.94124444444444,52.53333333333333,95.0,-5.862292153411209,1,0,4500,1500
30,mixed,L0_M0,90.3850962962963,39.46666666666667,95.0,-10.783339937229634,1,0,4500,1500
30,mixed,L0_M1,90.3485185185185,39.800000000000004,95.0,-10.450712943460564,1,0,4500,1500
30,mixed,L1_LP,87.89248148148148,47.333333333333336,95.0,-5.874236989860947,1,0,4500,1500
30,mixed,L1_M0,90.74823703703704,38.733333333333334,95.0,-10.820533087523895,1,0,4500,1500
30,mixed,L1_M1,90.7211037037037,38.46666666666667,95.0,-10.486492815140846,1,0,4500,1500
30,mixed,L2_LP,86.9202962962963,52.53333333333333,95.0,-5.86034220154213,1,0,4500,1500
30,mixed,L2_M0,90.37256296296296,39.53333333333333,95.0,-10.766343827239377,1,0,4500,1500
30,mixed,L2_M1,90.33598518518518,39.800000000000004,95.0,-10.433046888146189,1,0,4500,1500
30,class_burst,L0_LP,77.89717037037036,67.53333333333333,95.0,-6.792450007099792,1,0,4500,1500
30,class_burst,L0_M0,88.79199999999999,39.33333333333333,95.0,-10.948468628601344,1,0,4500,1500
30,class_burst,L0_M1,88.59945185185187,40.06666666666667,95.0,-10.667432566356192,1,0,4500,1500
30,class_burst,L1_LP,79.31887407407407,63.26666666666667,95.0,-6.889961618723288,1,0,4500,1500
30,class_burst,L1_M0,89.06691851851853,38.333333333333336,95.0,-10.91976789072261,1,0,4500,1500
30,class_burst,L1_M1,88.88654074074074,38.733333333333334,95.0,-10.64199228546888,1,0,4500,1500
30,class_burst,L2_LP,78.19613333333334,67.13333333333334,95.0,-6.764531131829713,1,0,4500,1500
30,class_burst,L2_M0,88.88954074074074,39.13333333333333,95.0,-10.90476774216622,1,0,4500,1500
30,class_burst,L2_M1,88.69803703703704,39.800000000000004,95.0,-10.626962269160765,1,0,4500,1500
29,mixed,L0_LP,86.86691111111111,51.0,95.0,-5.817703676095477,1,0,4500,1500
29,mixed,L0_M0,90.19394074074074,39.86666666666667,95.0,-10.842404538010324,1,0,4500,1500
29,mixed,L0_M1,90.19084444444444,39.33333333333333,95.0,-10.689509066263284,1,0,4500,1500
29,mixed,L1_LP,87.77882962962964,46.666666666666664,95.0,-5.848320595633054,1,0,4500,1500
29,mixed,L1_M0,90.52032592592593,38.86666666666667,95.0,-10.811684478821345,1,0,4500,1500
29,mixed,L1_M1,90.52253333333334,38.6,95.0,-10.688557456033926,1,0,4500,1500
29,mixed,L2_LP,86.84587407407408,51.06666666666667,95.0,-5.809698468723375,1,0,4500,1500
29,mixed,L2_M0,90.18168888888887,39.666666666666664,95.0,-10.813558734536786,1,0,4500,1500
29,mixed,L2_M1,90.17908148148149,39.6,95.0,-10.686787976148924,1,0,4500,1500
29,class_burst,L0_LP,77.74940000000001,68.4,95.0,-7.002757112868633,1,0,4500,1500
29,class_burst,L0_M0,88.37542222222223,39.93333333333333,95.0,-10.889415686301597,1,0,4500,1500
29,class_burst,L0_M1,88.20518518518519,40.733333333333334,95.0,-10.710719158116326,1,0,4500,1500
29,class_burst,L1_LP,79.10802222222222,63.93333333333333,95.0,-7.0020789168439945,1,0,4500,1500
29,class_burst,L1_M0,88.62188148148148,39.4,95.0,-10.893123779569253,1,0,4500,1500
29,class_burst,L1_M1,88.4532074074074,39.46666666666667,95.0,-10.683618157968427,1,0,4500,1500
29,class_burst,L2_LP,78.05166666666666,67.53333333333333,95.0,-6.9246471767111775,1,0,4500,1500
29,class_burst,L2_M0,88.47767407407407,40.13333333333333,95.0,-10.88805239712458,1,0,4500,1500
29,class_burst,L2_M1,88.3131037037037,40.6,95.0,-10.682687448864606,1,0,4500,1500
3,mixed,L0_LP,87.12550370370369,51.4,95.0,-5.974155852911014,1,0,4500,1500
3,mixed,L0_M0,90.36543703703703,38.800000000000004,95.0,-10.988961757828042,1,0,4500,1500
3,mixed,L0_M1,90.3693111111111,38.93333333333333,95.0,-11.046720487048546,1,0,4500,1500
3,mixed,L1_LP,87.99636296296296,47.66666666666667,95.0,-6.043183373832317,1,0,4500,1500
3,mixed,L1_M0,90.68483703703703,38.13333333333333,95.0,-11.061817018688824,1,0,4500,1500
3,mixed,L1_M1,90.68742222222221,38.333333333333336,95.0,-11.09280138342414,1,0,4500,1500
3,mixed,L2_LP,87.10321481481482,51.4,95.0,-5.948534913577591,1,0,4500,1500
3,mixed,L2_M0,90.3526074074074,38.733333333333334,95.0,-10.97318369880125,1,0,4500,1500
3,mixed,L2_M1,90.35607407407407,38.93333333333333,95.0,-11.045699160041082,1,0,4500,1500
3,class_burst,L0_LP,78.06539259259259,67.26666666666667,95.0,-7.04901063949462,1,0,4500,1500
3,class_burst,L0_M0,88.67388888888887,39.6,95.0,-11.186650281418773,1,0,4500,1500
3,class_burst,L0_M1,88.66521481481482,40.266666666666666,95.0,-11.366856402852829,1,0,4500,1500
3,class_burst,L1_LP,79.39123703703706,63.26666666666667,95.0,-7.082333511370745,1,0,4500,1500
3,class_burst,L1_M0,88.91707407407408,38.53333333333334,95.0,-11.214931499022562,1,0,4500,1500
3,class_burst,L1_M1,88.91133333333333,38.666666666666664,95.0,-11.242493091879547,1,0,4500,1500
3,class_burst,L2_LP,78.3638074074074,66.53333333333333,95.0,-6.979041248776976,1,0,4500,1500
3,class_burst,L2_M0,88.77464444444445,39.46666666666667,95.0,-11.17977856926385,1,0,4500,1500
3,class_burst,L2_M1,88.76533333333332,40.2,95.0,-11.329977772467462,1,0,4500,1500
1,mixed,L0_LP,86.96254074074072,50.53333333333333,95.0,-5.682721430840683,1,0,4500,1500
1,mixed,L0_M0,90.35250370370372,39.666666666666664,95.0,-10.7574148550766,1,0,4500,1500
1,mixed,L0_M1,90.34339259259258,39.33333333333333,95.0,-11.010391488869748,1,0,4500,1500
1,mixed,L1_LP,87.84368888888889,47.06666666666667,95.0,-5.731937564663953,1,0,4500,1500
1,mixed,L1_M0,90.68063703703704,38.4,95.0,-10.748270705424268,1,0,4500,1500
1,mixed,L1_M1,90.67593333333333,38.6,95.0,-11.012568920738431,1,0,4500,1500
1,mixed,L2_LP,86.9417111111111,50.73333333333333,95.0,-5.674576905904718,1,0,4500,1500
1,mixed,L2_M0,90.34205925925927,39.53333333333333,95.0,-10.738022345922252,1,0,4500,1500
1,mixed,L2_M1,90.33453333333333,39.33333333333333,95.0,-11.013055966859712,1,0,4500,1500
1,class_burst,L0_LP,78.03031111111112,67.86666666666666,95.0,-6.7667388597710865,1,0,4500,1500
1,class_burst,L0_M0,88.57935555555557,40.93333333333333,95.0,-10.920139987376668,1,0,4500,1500
1,class_burst,L0_M1,88.68103703703703,41.06666666666667,95.0,-11.063845510837318,1,0,4500,1500
1,class_burst,L1_LP,79.41222962962964,64.46666666666667,95.0,-6.861506691193682,1,0,4500,1500
1,class_burst,L1_M0,88.84762222222221,40.2,95.0,-10.917267914337053,1,0,4500,1500
1,class_burst,L1_M1,88.9502962962963,40.6,95.0,-11.117506016979169,1,0,4500,1500
1,class_burst,L2_LP,78.3232,68.0,95.0,-6.762128247213404,1,0,4500,1500
1,class_burst,L2_M0,88.67820740740741,40.666666666666664,95.0,-10.89240750544392,1,0,4500,1500
1,class_burst,L2_M1,88.77928888888889,41.06666666666667,95.0,-11.058854598792738,1,0,4500,1500
10,mixed,L0_LP,87.17144444444445,52.733333333333334,95.0,-5.675273699558373,1,0,4500,1500
10,mixed,L0_M0,90.4396814814815,39.4,95.0,-10.671687630573269,1,0,4500,1500
10,mixed,L0_M1,90.49857777777778,38.800000000000004,95.0,-10.501454879794881,1,0,4500,1500
10,mixed,L1_LP,88.04833333333335,45.86666666666667,95.0,-5.589027106554554,1,0,4500,1500
10,mixed,L1_M0,90.75364444444445,38.266666666666666,95.0,-10.657085129701077,1,0,4500,1500
10,mixed,L1_M1,90.81186666666667,38.06666666666666,95.0,-10.522467094168556,1,0,4500,1500
10,mixed,L2_LP,87.14225185185185,52.800000000000004,95.0,-5.666988648024266,1,0,4500,1500
10,mixed,L2_M0,90.42422222222221,39.4,95.0,-10.66044582875349,1,0,4500,1500
10,mixed,L2_M1,90.48422962962962,38.6,95.0,-10.490260468958326,1,0,4500,1500
10,class_burst,L0_LP,78.11648148148149,68.33333333333333,95.0,-6.7363305543922625,1,0,4500,1500
10,class_burst,L0_M0,88.67162962962962,39.733333333333334,95.0,-10.743236217853624,1,0,4500,1500
10,class_burst,L0_M1,88.6463037037037,39.86666666666667,95.0,-10.595321893227974,1,0,4500,1500
10,class_burst,L1_LP,79.47796296296296,63.6,95.02222222222223,-6.754160077564226,2,0,4500,1500
10,class_burst,L1_M0,88.92268148148148,39.0,95.0,-10.814345388844842,1,0,4500,1500
10,class_burst,L1_M1,88.90525185185186,38.733333333333334,95.0,-10.604129278121679,1,0,4500,1500
10,class_burst,L2_LP,78.40764444444443,68.06666666666666,95.02222222222223,-6.689621556426655,2,0,4500,1500
10,class_burst,L2_M0,88.76708888888889,39.53333333333333,95.0,-10.718494925952676,1,0,4500,1500
10,class_burst,L2_M1,88.74450370370369,40.06666666666667,95.0,-10.581883603417506,1,0,4500,1500
17,mixed,L0_LP,86.79924444444444,51.4,95.0,-5.657136351581254,1,0,4500,1500
17,mixed,L0_M0,90.25291851851851,38.53333333333334,95.0,-10.569133737967999,1,0,4500,1500
17,mixed,L0_M1,90.12408888888889,39.733333333333334,95.0,-10.821555251054601,1,0,4500,1500
17,mixed,L1_LP,87.67927407407407,46.800000000000004,95.0,-5.654886631847239,1,0,4500,1500
17,mixed,L1_M0,90.57014814814815,37.666666666666664,95.0,-10.612051657835561,1,0,4500,1500
17,mixed,L1_M1,90.45273333333334,38.4,95.0,-10.773636566149468,1,0,4500,1500
17,mixed,L2_LP,86.77613333333333,51.4,95.0,-5.647905111031147,1,0,4500,1500
17,mixed,L2_M0,90.24054814814815,38.6,95.0,-10.56167387138899,1,0,4500,1500
17,mixed,L2_M1,90.11180740740741,39.666666666666664,95.0,-10.809129161328624,1,0,4500,1500
17,class_burst,L0_LP,77.74419259259258,68.46666666666667,95.0,-6.814264001633932,1,0,4500,1500
17,class_burst,L0_M0,88.51032592592593,39.33333333333333,95.0,-10.863711683170123,1,0,4500,1500
17,class_burst,L0_M1,88.40962222222221,40.0,95.0,-11.264036246967997,1,0,4500,1500
17,class_burst,L1_LP,79.09313333333334,64.4,95.0,-6.883919304267326,1,0,4500,1500
17,class_burst,L1_M0,88.76076296296296,39.0,95.0,-10.94769958380424,1,0,4500,1500
17,class_burst,L1_M1,88.6699111111111,39.33333333333333,95.0,-11.228601304222241,1,0,4500,1500
17,class_burst,L2_LP,78.03228148148149,68.4,95.0,-6.799207255454824,1,0,4500,1500
17,class_burst,L2_M0,88.60723703703705,39.4,95.0,-10.853754245966613,1,0,4500,1500
17,class_burst,L2_M1,88.50561481481482,40.13333333333333,95.0,-11.229130558398097,1,0,4500,1500
36,mixed,L0_LP,86.59506666666667,50.73333333333333,95.0,-5.811577805587607,1,0,4500,1500
36,mixed,L0_M0,90.11383703703702,39.13333333333333,95.0,-10.814381229101274,1,0,4500,1500
36,mixed,L0_M1,90.08871111111112,39.800000000000004,95.0,-10.607443371770739,1,0,4500,1500
36,mixed,L1_LP,87.48192592592594,46.733333333333334,95.0,-5.801629260674928,1,0,4500,1500
36,mixed,L1_M0,90.43568888888889,38.4,95.0,-10.813318099581842,1,0,4500,1500
36,mixed,L1_M1,90.42146666666667,38.6,95.0,-10.563070077418313,1,0,4500,1500
36,mixed,L2_LP,86.57331851851852,50.33333333333333,95.0,-5.773727728705359,1,0,4500,1500
36,mixed,L2_M0,90.10324444444444,39.2,95.0,-10.78910073817964,1,0,4500,1500
36,mixed,L2_M1,90.0778962962963,39.6,95.0,-10.566431298409668,1,0,4500,1500
36,class_burst,L0_LP,77.49531111111112,69.13333333333334,95.0,-6.998357038076269,1,0,4500,1500
36,class_burst,L0_M0,88.23577777777777,40.6,95.0,-11.024555266122762,1,0,4500,1500
36,class_burst,L0_M1,88.09491851851851,41.53333333333333,95.0,-10.731891998381045,1,0,4500,1500
36,class_burst,L1_LP,78.90276296296295,64.8,95.0,-6.9695625048224334,1,0,4500,1500
36,class_burst,L1_M0,88.4927925925926,39.6,95.0,-10.982032018978849,1,0,4500,1500
36,class_burst,L1_M1,88.38017037037037,40.53333333333333,95.0,-10.709441036275066,1,0,4500,1500
36,class_burst,L2_LP,77.78735555555556,68.73333333333333,95.0,-6.928655198108718,1,0,4500,1500
36,class_burst,L2_M0,88.33608888888888,40.33333333333333,95.0,-10.989494876146194,1,0,4500,1500
36,class_burst,L2_M1,88.20134814814816,41.53333333333333,95.0,-10.718828973105635,1,0,4500,1500
42,mixed,L0_LP,87.07897037037037,52.33333333333333,95.0,-5.714645523647157,1,0,4500,1500
42,mixed,L0_M0,90.3636148148148,39.33333333333333,95.0,-10.750378104166447,1,0,4500,1500
42,mixed,L0_M1,90.46157777777776,38.666666666666664,95.0,-10.76847415572125,1,0,4500,1500
42,mixed,L1_LP,87.92525185185185,47.86666666666667,95.0,-5.708559815561372,1,0,4500,1500
42,mixed,L1_M0,90.6705037037037,38.53333333333334,95.0,-10.687872161835182,1,0,4500,1500
42,mixed,L1_M1,90.75263703703705,38.0,95.0,-10.733624777125954,1,0,4500,1500
42,mixed,L2_LP,87.05656296296296,52.2,95.0,-5.669623460311088,1,0,4500,1500
42,mixed,L2_M0,90.35177777777778,39.4,95.0,-10.744121566552144,1,0,4500,1500
42,mixed,L2_M1,90.45042222222223,38.6,95.0,-10.763524054547048,1,0,4500,1500
42,class_burst,L0_LP,77.80846666666666,68.8,95.0,-6.918704087588942,1,0,4500,1500
42,class_burst,L0_M0,88.49681481481481,40.733333333333334,95.0,-11.053377047452429,1,0,4500,1500
42,class_burst,L0_M1,88.69122222222222,39.266666666666666,95.0,-11.183105509356508,1,0,4500,1500
42,class_burst,L1_LP,79.16509629629628,64.73333333333333,95.02222222222223,-6.936481634358181,2,1,4500,1500
42,class_burst,L1_M0,88.74603703703704,40.06666666666667,95.0,-11.04861333861843,1,0,4500,1500
42,class_burst,L1_M1,88.91282222222223,38.266666666666666,95.0,-11.156334069388844,1,0,4500,1500
42,class_burst,L2_LP,78.11009629629629,68.53333333333333,95.0,-6.86793330611038,1,0,4500,1500
42,class_burst,L2_M0,88.60458518518519,40.6,95.0,-10.997135795476362,1,0,4500,1500
42,class_burst,L2_M1,88.79241481481482,39.13333333333333,95.0,-11.1548359180937,1,0,4500,1500
25,mixed,L0_LP,87.00561481481482,50.4,95.0,-5.560999483339202,1,0,4500,1500
25,mixed,L0_M0,90.46375555555555,39.46666666666667,95.0,-10.701869050116473,1,0,4500,1500
25,mixed,L0_M1,90.3073111111111,39.666666666666664,95.0,-10.501539146920477,1,0,4500,1500
25,mixed,L1_LP,87.9221925925926,46.93333333333333,95.0,-5.677276873795331,1,0,4500,1500
25,mixed,L1_M0,90.80308148148148,38.53333333333334,95.0,-10.746910737063649,1,0,4500,1500
25,mixed,L1_M1,90.66388148148148,38.93333333333333,95.0,-10.558689161165901,1,0,4500,1500
25,mixed,L2_LP,86.98342222222222,50.46666666666667,95.0,-5.562283953471248,1,0,4500,1500
25,mixed,L2_M0,90.45226666666667,39.4,95.0,-10.69411345894781,1,0,4500,1500
25,mixed,L2_M1,90.29521481481481,39.53333333333333,95.0,-10.495713795012783,1,0,4500,1500
25,class_burst,L0_LP,78.03562222222223,66.93333333333334,95.0,-6.666999902121827,1,0,4500,1500
25,class_burst,L0_M0,88.70964444444445,39.4,95.0,-10.727595351876133,1,0,4500,1500
25,class_burst,L0_M1,88.3819185185185,40.2,95.0,-10.588951688684443,1,0,4500,1500
25,class_burst,L1_LP,79.43868148148148,63.26666666666667,95.0,-6.699842261129126,1,0,4500,1500
25,class_burst,L1_M0,88.96028888888888,39.13333333333333,95.0,-10.80247697324035,1,0,4500,1500
25,class_burst,L1_M1,88.66464444444443,39.13333333333333,95.0,-10.619026190653539,1,0,4500,1500
25,class_burst,L2_LP,78.32369629629629,66.8,95.0,-6.613593306171781,1,0,4500,1500
25,class_burst,L2_M0,88.80716296296296,39.266666666666666,95.0,-10.71921365086677,1,0,4500,1500
25,class_burst,L2_M1,88.48417037037036,40.13333333333333,95.0,-10.553248940573493,1,0,4500,1500
12,mixed,L0_LP,86.9330074074074,51.13333333333333,95.0,-5.705658268743261,1,0,4500,1500
12,mixed,L0_M0,90.51838518518518,39.46666666666667,95.0,-10.836052550799225,1,0,4500,1500
12,mixed,L0_M1,90.48482962962963,39.266666666666666,95.0,-10.54836830054376,1,0,4500,1500
12,mixed,L1_LP,87.7866814814815,46.800000000000004,95.0,-5.7320803504141775,1,0,4500,1500
12,mixed,L1_M0,90.81291851851852,38.46666666666667,95.0,-10.879097276398651,1,0,4500,1500
12,mixed,L1_M1,90.78900740740741,38.666666666666664,95.0,-10.616226688376758,1,0,4500,1500
12,mixed,L2_LP,86.91457777777778,51.53333333333333,95.0,-5.700456606357577,1,0,4500,1500
12,mixed,L2_M0,90.50758518518519,39.2,95.0,-10.81085289724291,1,0,4500,1500
12,mixed,L2_M1,90.47482962962962,39.33333333333333,95.0,-10.535294642950198,1,0,4500,1500
12,class_burst,L0_LP,77.95068148148147,66.93333333333334,95.0,-6.620107987192974,1,0,4500,1500
12,class_burst,L0_M0,88.90723703703705,38.93333333333333,95.0,-10.96124812202271,1,0,4500,1500
12,class_burst,L0_M1,88.87993333333333,38.666666666666664,95.0,-10.723088889932129,1,0,4500,1500
12,class_burst,L1_LP,79.26145925925925,63.26666666666667,95.0,-6.6477881687750005,1,0,4500,1500
12,class_burst,L1_M0,89.14961481481481,38.93333333333333,95.0,-11.05382972956194,1,0,4500,1500
12,class_burst,L1_M1,89.11260740740741,39.0,95.0,-10.808715768197374,1,0,4500,1500
12,class_burst,L2_LP,78.24455555555556,66.73333333333333,95.0,-6.562294265334818,1,0,4500,1500
12,class_burst,L2_M0,89.00218518518518,38.666666666666664,95.0,-10.90799647329267,1,0,4500,1500
12,class_burst,L2_M1,88.9794888888889,38.53333333333334,95.0,-10.690832886775748,1,0,4500,1500
15,mixed,L0_LP,86.73242962962964,50.46666666666667,95.0,-5.707676854331064,1,0,4500,1500
15,mixed,L0_M0,90.11906666666665,39.733333333333334,95.0,-10.88516246707222,1,0,4500,1500
15,mixed,L0_M1,90.05517777777779,40.2,95.0,-10.752969881717073,1,0,4500,1500
15,mixed,L1_LP,87.64567407407408,47.599999999999994,95.0,-5.817288931934833,1,0,4500,1500
15,mixed,L1_M0,90.45674074074073,38.733333333333334,95.0,-10.869748952284047,1,0,4500,1500
15,mixed,L1_M1,90.41184444444445,39.53333333333333,95.0,-10.78614742546446,1,0,4500,1500
15,mixed,L2_LP,86.71095555555554,50.66666666666667,95.0,-5.704060213860875,1,0,4500,1500
15,mixed,L2_M0,90.10697777777779,39.800000000000004,95.0,-10.882339281987207,1,0,4500,1500
15,mixed,L2_M1,90.0428888888889,40.13333333333333,95.0,-10.734680021200191,1,0,4500,1500
15,class_burst,L0_LP,77.57957037037036,69.19999999999999,95.0,-6.964652511324878,1,0,4500,1500
15,class_burst,L0_M0,88.32018518518517,39.733333333333334,95.0,-11.03129824813465,1,0,4500,1500
15,class_burst,L0_M1,88.2182074074074,42.199999999999996,95.0,-10.942715219738055,1,0,4500,1500
15,class_burst,L1_LP,78.94265925925924,63.6,95.0,-6.930783613243543,1,0,4500,1500
15,class_burst,L1_M0,88.58595555555556,39.733333333333334,95.0,-11.092418168430116,1,0,4500,1500
15,class_burst,L1_M1,88.51022962962963,40.666666666666664,95.0,-10.980281713041615,1,0,4500,1500
15,class_burst,L2_LP,77.8697037037037,68.73333333333333,95.0,-6.915901220602942,1,0,4500,1500
15,class_burst,L2_M0,88.41822962962964,39.800000000000004,95.0,-10.991891099748123,1,0,4500,1500
15,class_burst,L2_M1,88.31858518518519,41.66666666666667,95.0,-10.891649590154252,1,0,4500,1500
44,mixed,L0_LP,87.13753333333334,50.93333333333333,95.0,-5.6886286593603685,1,0,4500,1500
44,mixed,L0_M0,90.43748148148147,38.86666666666667,95.0,-10.553220867971326,1,0,4500,1500
44,mixed,L0_M1,90.42768148148147,39.666666666666664,95.0,-10.426695531859375,1,0,4500,1500
44,mixed,L1_LP,88.04752592592592,47.266666666666666,95.0,-5.679645340475178,1,0,4500,1500
44,mixed,L1_M0,90.7856,38.2,95.0,-10.52825225785811,1,0,4500,1500
44,mixed,L1_M1,90.79731111111111,38.666666666666664,95.0,-10.385848210948257,1,0,4500,1500
44,mixed,L2_LP,87.11157037037037,51.0,95.0,-5.681996793127815,1,0,4500,1500
44,mixed,L2_M0,90.42097777777778,38.86666666666667,95.0,-10.538047848323497,1,0,4500,1500
44,mixed,L2_M1,90.4123925925926,39.53333333333333,95.0,-10.416189804390731,1,0,4500,1500
44,class_burst,L0_LP,77.9798,68.93333333333334,95.0,-7.000385436337661,1,0,4500,1500
44,class_burst,L0_M0,88.44186666666668,41.06666666666667,95.0,-10.913465628387314,1,0,4500,1500
44,class_burst,L0_M1,88.29221481481481,42.46666666666667,95.0,-10.86039195015922,1,0,4500,1500
44,class_burst,L1_LP,79.37308148148148,64.93333333333334,95.0,-6.998357038076268,1,0,4500,1500
44,class_burst,L1_M0,88.73596296296297,40.2,95.0,-10.869451807843909,1,0,4500,1500
44,class_burst,L1_M1,88.62218518518519,41.66666666666667,95.0,-10.80646215511381,1,0,4500,1500
44,class_burst,L2_LP,78.2627037037037,68.33333333333333,95.0,-6.930783613243543,1,0,4500,1500
44,class_burst,L2_M0,88.54117037037035,40.93333333333333,95.0,-10.89821358780727,1,0,4500,1500
44,class_burst,L2_M1,88.39687407407406,42.333333333333336,95.0,-10.830045874347903,1,0,4500,1500
46,mixed,L0_LP,86.74348148148148,51.46666666666667,95.0,-5.912775356990062,1,0,4500,1500
46,mixed,L0_M0,90.25045925925926,40.0,95.0,-10.99646891518055,1,0,4500,1500
46,mixed,L0_M1,90.2606074074074,40.666666666666664,95.0,-10.978030039259497,1,0,4500,1500
46,mixed,L1_LP,87.61114814814816,48.266666666666666,95.0,-5.998211995765251,1,0,4500,1500
46,mixed,L1_M0,90.5738814814815,39.4,95.0,-10.946216476815922,1,0,4500,1500
46,mixed,L1_M1,90.59077037037038,39.666666666666664,95.0,-10.945099297967687,1,0,4500,1500
46,mixed,L2_LP,86.71894074074073,51.53333333333333,95.0,-5.897158880296212,1,0,4500,1500
46,mixed,L2_M0,90.23758518518518,40.0,95.0,-10.982384175298812,1,0,4500,1500
46,mixed,L2_M1,90.24719999999999,40.8,95.0,-10.97060013532721,1,0,4500,1500
46,class_burst,L0_LP,77.56561481481481,68.8,95.0,-7.06657224126284,1,0,4500,1500
46,class_burst,L0_M0,88.4326074074074,39.6,95.0,-11.007956196013575,1,0,4500,1500
46,class_burst,L0_M1,88.39486666666666,41.0,95.0,-10.98747371161921,1,0,4500,1500
46,class_burst,L1_LP,78.89067407407407,64.73333333333333,95.0,-7.0808653518117435,1,0,4500,1500
46,class_burst,L1_M0,88.68717037037037,39.0,95.0,-11.032672754988425,1,0,4500,1500
46,class_burst,L1_M1,88.66423703703703,39.86666666666667,95.0,-10.95044798685701,1,0,4500,1500
46,class_burst,L2_LP,77.86075555555556,68.60000000000001,95.0,-7.033237302822489,1,0,4500,1500
46,class_burst,L2_M0,88.53370370370371,39.266666666666666,95.0,-10.943853888152645,1,0,4500,1500
46,class_burst,L2_M1,88.49670370370369,41.0,95.0,-10.95389498374795,1,0,4500,1500
40,mixed,L0_LP,86.55452592592593,51.46666666666667,95.0,-5.620711929553728,1,0,4500,1500
40,mixed,L0_M0,90.19662222222222,39.86666666666667,95.0,-10.791186010196437,1,0,4500,1500
40,mixed,L0_M1,90.29314814814813,39.06666666666666,95.0,-10.704882731393896,1,0,4500,1500
40,mixed,L1_LP,87.38973333333333,47.333333333333336,95.0,-5.712076149160671,1,0,4500,1500
40,mixed,L1_M0,90.4827111111111,38.53333333333334,95.0,-10.741327176462995,1,0,4500,1500
40,mixed,L1_M1,90.57964444444444,38.0,95.0,-10.657876689017966,1,0,4500,1500
40,mixed,L2_LP,86.53217777777778,51.6,95.0,-5.619180144725242,1,0,4500,1500
40,mixed,L2_M0,90.18579259259258,39.86666666666667,95.0,-10.776715647375681,1,0,4500,1500
40,mixed,L2_M1,90.2821037037037,39.06666666666666,95.0,-10.697220054522441,1,0,4500,1500
40,class_burst,L0_LP,77.48516296296296,67.13333333333334,95.0,-6.700092856293951,1,0,4500,1500
40,class_burst,L0_M0,88.47319259259258,40.13333333333333,95.0,-10.897164970370024,1,0,4500,1500
40,class_burst,L0_M1,88.5447037037037,39.800000000000004,95.0,-10.9440633719745,1,0,4500,1500
40,class_burst,L1_LP,78.81256296296296,62.46666666666667,95.0,-6.706252136654486,1,0,4500,1500
40,class_burst,L1_M0,88.6932074074074,38.6,95.0,-10.7940017691608,1,0,4500,1500
40,class_burst,L1_M1,88.7596074074074,38.86666666666667,95.0,-10.88470892028003,1,0,4500,1500
40,class_burst,L2_LP,77.78173333333335,67.13333333333334,95.0,-6.6691845015706654,1,0,4500,1500
40,class_burst,L2_M0,88.56920000000001,39.733333333333334,95.0,-10.846006506996869,1,0,4500,1500
40,class_burst,L2_M1,88.64353333333335,39.53333333333333,95.0,-10.891515294579186,1,0,4500,1500
32,mixed,L0_LP,86.90637037037037,51.866666666666674,95.0,-5.858612097304348,1,0,4500,1500
32,mixed,L0_M0,90.26488888888889,39.33333333333333,95.0,-10.934477909650413,1,0,4500,1500
32,mixed,L0_M1,90.27298518518518,40.33333333333333,95.0,-10.84152936081712,1,0,4500,1500
32,mixed,L1_LP,87.71971851851852,46.46666666666667,95.0,-5.80507952286708,1,0,4500,1500
32,mixed,L1_M0,90.56529629629631,38.733333333333334,95.0,-10.906676688897925,1,0,4500,1500
32,mixed,L1_M1,90.58037037037037,39.266666666666666,95.0,-10.80541313160051,1,0,4500,1500
32,mixed,L2_LP,86.88262222222222,51.6,95.0,-5.838186856408726,1,0,4500,1500
32,mixed,L2_M0,90.25304444444444,39.46666666666667,95.0,-10.929815896544602,1,0,4500,1500
32,mixed,L2_M1,90.2587851851852,40.46666666666667,95.0,-10.843915127696267,1,0,4500,1500
32,class_burst,L0_LP,77.94705185185185,67.4,95.0,-6.894289150815742,1,0,4500,1500
32,class_burst,L0_M0,88.57160000000002,40.86666666666667,95.0,-11.107219775431158,1,0,4500,1500
32,class_burst,L0_M1,88.41488148148149,41.13333333333333,95.0,-11.038790312042128,1,0,4500,1500
32,class_burst,L1_LP,79.24145185185183,63.26666666666667,95.0,-6.915279426707579,1,0,4500,1500
32,class_burst,L1_M0,88.81386666666667,39.86666666666667,95.0,-11.038933811192724,1,0,4500,1500
32,class_burst,L1_M1,88.6712962962963,39.666666666666664,95.0,-10.986118010806042,1,0,4500,1500
32,class_burst,L2_LP,78.23952592592592,67.13333333333334,95.0,-6.856365669294773,1,0,4500,1500
32,class_burst,L2_M0,88.66959999999999,40.6,95.0,-11.067010634579155,1,0,4500,1500
32,class_burst,L2_M1,88.51243703703703,40.93333333333333,95.0,-11.017054413607429,1,0,4500,1500
49,mixed,L0_LP,86.72638518518518,50.866666666666674,95.0,-5.80507952286708,1,0,4500,1500
49,mixed,L0_M0,90.26542222222223,39.2,95.0,-10.796449549433985,1,0,4500,1500
49,mixed,L0_M1,90.08045925925924,40.53333333333333,95.0,-10.750981596394718,1,0,4500,1500
49,mixed,L1_LP,87.59692592592592,47.4,95.0,-5.879463242988908,1,0,4500,1500
49,mixed,L1_M0,90.56557037037037,38.93333333333333,95.0,-10.851728025750088,1,0,4500,1500
49,mixed,L1_M1,90.4133111111111,39.4,95.0,-10.736389640015844,1,0,4500,1500
49,mixed,L2_LP,86.70743703703702,50.8,95.0,-5.799717579725694,1,0,4500,1500
49,mixed,L2_M0,90.25260740740741,39.33333333333333,95.0,-10.795406432711935,1,0,4500,1500
49,mixed,L2_M1,90.06751111111112,40.33333333333333,95.0,-10.746064881287019,1,0,4500,1500
49,class_burst,L0_LP,77.77747407407408,68.06666666666666,95.0,-6.845727271089716,1,0,4500,1500
49,class_burst,L0_M0,88.6862888888889,40.266666666666666,95.0,-10.972573828561043,1,0,4500,1500
49,class_burst,L0_M1,88.29475555555555,41.333333333333336,95.0,-10.777761229962966,1,0,4500,1500
49,class_burst,L1_LP,79.12373333333333,64.13333333333333,95.0,-6.915901220602942,1,0,4500,1500
49,class_burst,L1_M0,88.91453333333334,39.13333333333333,95.0,-10.975196397632761,1,0,4500,1500
49,class_burst,L1_M1,88.55826666666668,39.93333333333333,95.0,-10.758396961155142,1,0,4500,1500
49,class_burst,L2_LP,78.0772962962963,67.66666666666666,95.0,-6.792381290384425,1,0,4500,1500
49,class_burst,L2_M0,88.78357777777777,40.06666666666667,95.0,-10.93391657962728,1,0,4500,1500
49,class_burst,L2_M1,88.3968962962963,41.266666666666666,95.0,-10.75131527544757,1,0,4500,1500
27,mixed,L0_LP,86.83611851851852,50.8,95.0,-5.615784555724104,1,0,4500,1500
27,mixed,L0_M0,90.17856296296297,39.33333333333333,95.0,-10.603016918716284,1,0,4500,1500
27,mixed,L0_M1,90.14624444444443,39.13333333333333,95.0,-10.38450788965515,1,0,4500,1500
27,mixed,L1_LP,87.73708888888889,45.4,95.0,-5.6381081546107605,1,0,4500,1500
27,mixed,L1_M0,90.51050370370369,38.53333333333334,95.0,-10.597329110029552,1,0,4500,1500
27,mixed,L1_M1,90.48197777777779,38.6,95.0,-10.445972119639922,1,0,4500,1500
27,mixed,L2_LP,86.8132962962963,50.8,95.0,-5.612886217593972,1,0,4500,1500
27,mixed,L2_M0,90.16457777777778,39.46666666666667,95.0,-10.595516694490382,1,0,4500,1500
27,mixed,L2_M1,90.13325925925926,39.13333333333333,95.0,-10.382792470960933,1,0,4500,1500
27,class_burst,L0_LP,77.66705185185185,67.93333333333334,95.0,-6.901237069584539,1,0,4500,1500
27,class_burst,L0_M0,88.22388148148148,40.2,95.0,-10.87805474705123,1,0,4500,1500
27,class_burst,L0_M1,88.2198074074074,40.13333333333333,95.0,-10.72156798416893,1,0,4500,1500
27,class_burst,L1_LP,79.06957777777778,62.866666666666674,95.0,-6.929758255264368,1,0,4500,1500
27,class_burst,L1_M0,88.48662222222221,40.266666666666666,95.0,-10.96833732512575,1,0,4500,1500
27,class_burst,L1_M1,88.48967407407409,40.06666666666667,95.0,-10.764614305599666,1,0,4500,1500
27,class_burst,L2_LP,77.94887407407407,68.0,95.0,-6.8735068351967925,1,0,4500,1500
27,class_burst,L2_M0,88.3226814814815,40.0,95.0,-10.84822354141587,1,0,4500,1500
27,class_burst,L2_M1,88.31880000000001,40.0,95.0,-10.67649891589917,1,0,4500,1500
21,mixed,L0_LP,86.97894814814813,53.06666666666666,95.0,-5.685080136461135,1,0,4500,1500
21,mixed,L0_M0,90.16802962962963,39.2,95.0,-10.522528365327378,1,0,4500,1500
21,mixed,L0_M1,90.1326,39.0,95.0,-10.621847019574352,1,0,4500,1500
21,mixed,L1_LP,87.88244444444445,47.93333333333333,95.0,-5.711026941216345,1,0,4500,1500
21,mixed,L1_M0,90.50848148148148,38.53333333333334,95.0,-10.624748348867247,1,0,4500,1500
21,mixed,L1_M1,90.47225925925926,38.53333333333334,95.0,-10.596162162927925,1,0,4500,1500
21,mixed,L2_LP,86.95537777777777,53.0,95.0,-5.660121725477278,1,0,4500,1500
21,mixed,L2_M0,90.1548074074074,39.266666666666666,95.0,-10.523141056138428,1,0,4500,1500
21,mixed,L2_M1,90.11993333333335,39.2,95.0,-10.618410546976472,1,0,4500,1500
21,class_burst,L0_LP,78.08814074074076,67.13333333333334,95.0,-6.643338311243916,1,0,4500,1500
21,class_burst,L0_M0,88.40988888888889,39.86666666666667,95.0,-10.707061291875455,1,0,4500,1500
21,class_burst,L0_M1,88.13965185185185,40.6,95.0,-10.802429413318233,1,0,4500,1500
21,class_burst,L1_LP,79.49401481481482,62.866666666666674,95.0,-6.733540790361491,1,0,4500,1500
21,class_burst,L1_M0,88.66398518518518,39.0,95.0,-10.679747006575807,1,0,4500,1500
21,class_burst,L1_M1,88.40712592592593,39.53333333333333,95.0,-10.768321851835017,1,0,4500,1500
21,class_burst,L2_LP,78.36987407407409,66.60000000000001,95.0,-6.575316785146597,1,0,4500,1500
21,class_burst,L2_M0,88.50477777777779,39.733333333333334,95.0,-10.65966117654612,1,0,4500,1500
21,class_burst,L2_M1,88.23511851851853,40.33333333333333,95.0,-10.758319917190516,1,0,4500,1500
22,mixed,L0_LP,87.00288888888889,51.0,95.0,-5.74907384690694,1,0,4500,1500
22,mixed,L0_M0,90.27591851851852,39.13333333333333,95.0,-10.72572053233654,1,0,4500,1500
22,mixed,L0_M1,90.22430370370371,39.0,95.0,-10.548272238582287,1,0,4500,1500
22,mixed,L1_LP,87.92222962962964,46.666666666666664,95.0,-5.737569231340352,1,0,4500,1500
22,mixed,L1_M0,90.63025185185185,38.46666666666667,95.0,-10.7366608525156,1,0,4500,1500
22,mixed,L1_M1,90.58292592592593,38.86666666666667,95.0,-10.60656982095249,1,0,4500,1500
22,mixed,L2_LP,86.97950370370371,51.46666666666667,95.0,-5.732699324365615,1,0,4500,1500
22,mixed,L2_M0,90.26345185185185,39.2,95.0,-10.71404948673337,1,0,4500,1500
22,mixed,L2_M1,90.21007407407407,39.06666666666666,95.0,-10.555707217069806,1,0,4500,1500
22,class_burst,L0_LP,78.28165925925926,66.2,95.0,-6.75019967634813,1,0,4500,1500
22,class_burst,L0_M0,88.49421481481481,40.2,95.0,-10.80111461442231,1,0,4500,1500
22,class_burst,L0_M1,88.40543703703703,40.8,95.0,-10.801960659765646,1,0,4500,1500
22,class_burst,L1_LP,79.67676296296295,61.8,95.0,-6.812720033329463,1,0,4500,1500
22,class_burst,L1_M0,88.78334814814815,39.4,95.0,-10.858198056943209,1,0,4500,1500
22,class_burst,L1_M1,88.69685925925926,39.33333333333333,95.0,-10.761372550842372,1,0,4500,1500
22,class_burst,L2_LP,78.57526666666666,65.53333333333333,95.0,-6.680732609009409,1,0,4500,1500
22,class_burst,L2_M0,88.59452592592592,40.2,95.0,-10.789489064985897,1,0,4500,1500
22,class_burst,L2_M1,88.5080074074074,40.666666666666664,95.0,-10.763578761817636,1,0,4500,1500
33,mixed,L0_LP,86.77245925925926,52.46666666666666,95.0,-5.695694856909529,1,0,4500,1500
33,mixed,L0_M0,90.16161481481481,39.733333333333334,95.0,-10.63125424375681,1,0,4500,1500
33,mixed,L0_M1,90.19413333333333,39.266666666666666,95.0,-10.56576020561911,1,0,4500,1500
33,mixed,L1_LP,87.65256296296296,47.8,95.0,-5.7395094678912955,1,0,4500,1500
33,mixed,L1_M0,90.47357777777776,38.800000000000004,95.0,-10.634967402401882,1,0,4500,1500
33,mixed,L1_M1,90.50051111111111,38.733333333333334,95.0,-10.580872644254184,1,0,4500,1500
33,mixed,L2_LP,86.74634074074075,52.400000000000006,95.0,-5.686898318780193,1,0,4500,1500
33,mixed,L2_M0,90.14761481481482,39.733333333333334,95.0,-10.6280445437047,1,0,4500,1500
33,mixed,L2_M1,90.18156296296296,39.33333333333333,95.0,-10.562407878358758,1,0,4500,1500
33,class_burst,L0_LP,77.75460000000001,68.46666666666667,95.02222222222223,-6.683686820906841,2,0,4500,1500
33,class_burst,L0_M0,88.35237777777779,40.0,95.0,-10.767409112883481,1,0,4500,1500
33,class_burst,L0_M1,88.48742962962962,39.266666666666666,95.0,-10.759879945054806,1,0,4500,1500
33,class_burst,L1_LP,79.10442222222223,64.2,95.0,-6.791900405547073,1,0,4500,1500
33,class_burst,L1_M0,88.60008148148148,39.13333333333333,95.0,-10.734513783426042,1,0,4500,1500
33,class_burst,L1_M1,88.71903703703703,38.733333333333334,95.0,-10.735785046132483,1,0,4500,1500
33,class_burst,L2_LP,78.04718518518519,68.06666666666666,95.0,-6.6459464929239935,1,0,4500,1500
33,class_burst,L2_M0,88.45239259259259,40.0,95.0,-10.73884562340871,1,0,4500,1500
33,class_burst,L2_M1,88.58722222222222,39.2,95.0,-10.75027269073809,1,0,4500,1500
7,mixed,L0_LP,86.87843703703703,52.0,95.0,-5.9414677463544985,1,0,4500,1500
7,mixed,L0_M0,90.21279999999999,39.733333333333334,95.0,-11.114627390049414,1,0,4500,1500
7,mixed,L0_M1,90.27112592592592,39.33333333333333,95.0,-10.77259243495104,1,0,4500,1500
7,mixed,L1_LP,87.74295555555555,47.4,95.0,-5.977313878127634,1,0,4500,1500
7,mixed,L1_M0,90.54500740740743,38.333333333333336,95.0,-11.016962916824134,1,0,4500,1500
7,mixed,L1_M1,90.59764444444444,38.333333333333336,95.0,-10.787496413057813,1,0,4500,1500
7,mixed,L2_LP,86.86032592592593,52.0,95.0,-5.9380697701516265,1,0,4500,1500
7,mixed,L2_M0,90.20274074074072,39.800000000000004,95.0,-11.102548463846034,1,0,4500,1500
7,mixed,L2_M1,90.2611851851852,39.46666666666667,95.0,-10.805751082437107,1,0,4500,1500
7,class_burst,L0_LP,77.96960740740741,67.13333333333334,95.0,-6.962532311558124,1,0,4500,1500
7,class_burst,L0_M0,88.47516296296297,39.800000000000004,95.0,-11.121452139801137,1,0,4500,1500
7,class_burst,L0_M1,88.38124444444445,40.6,95.0,-10.779622775938828,1,0,4500,1500
7,class_burst,L1_LP,79.33540740740742,62.66666666666667,95.0,-6.943969919170508,1,0,4500,1500
7,class_burst,L1_M0,88.73700740740742,39.13333333333333,95.0,-11.133096990617185,1,0,4500,1500
7,class_burst,L1_M1,88.64662222222222,39.800000000000004,95.0,-10.81249747111385,1,0,4500,1500
7,class_burst,L2_LP,78.25397037037037,66.73333333333333,95.0,-6.895126448676267,1,0,4500,1500
7,class_burst,L2_M0,88.5730222222222,39.733333333333334,95.0,-11.072919880390739,1,0,4500,1500
7,class_burst,L2_M1,88.4832,40.6,95.0,-10.746683759507015,1,0,4500,1500
37,mixed,L0_LP,86.94982962962963,49.93333333333334,95.0,-5.753197564090803,1,0,4500,1500
37,mixed,L0_M0,90.25816296296296,39.13333333333333,95.0,-10.836134883113719,1,0,4500,1500
37,mixed,L0_M1,90.15469629629631,39.33333333333333,95.0,-10.57924553047888,1,0,4500,1500
37,mixed,L1_LP,87.8437037037037,46.666666666666664,95.0,-5.848721670519112,1,0,4500,1500
37,mixed,L1_M0,90.59401481481481,38.06666666666666,95.0,-10.81127061827745,1,0,4500,1500
37,mixed,L1_M1,90.51813333333332,38.13333333333333,95.0,-10.546448985893175,1,0,4500,1500
37,mixed,L2_LP,86.92572592592592,50.0,95.0,-5.750527335534924,1,0,4500,1500
37,mixed,L2_M0,90.2449037037037,39.13333333333333,95.0,-10.850827187803217,1,0,4500,1500
37,mixed,L2_M1,90.14309629629629,39.266666666666666,95.0,-10.562451138823661,1,0,4500,1500
37,class_burst,L0_LP,77.82814814814814,68.93333333333334,95.0,-7.0330624623639615,1,0,4500,1500
37,class_burst,L0_M0,88.42894814814815,40.266666666666666,95.0,-11.142730100084549,1,0,4500,1500
37,class_burst,L0_M1,88.28893333333333,41.733333333333334,95.0,-10.834688250656757,1,0,4500,1500
37,class_burst,L1_LP,79.19358518518519,63.93333333333333,95.0,-7.0578424913624485,1,0,4500,1500
37,class_burst,L1_M0,88.68846666666666,39.800000000000004,95.0,-11.163468487939213,1,0,4500,1500
37,class_burst,L1_M1,88.58354074074074,40.93333333333333,95.0,-10.845220527082148,1,0,4500,1500
37,class_burst,L2_LP,78.1228814814815,68.53333333333333,95.0,-7.003690384051631,1,0,4500,1500
37,class_burst,L2_M0,88.52842962962964,40.0,95.0,-11.081545782587213,1,0,4500,1500
37,class_burst,L2_M1,88.39433333333334,41.733333333333334,95.0,-10.822920616204717,1,0,4500,1500
20,mixed,L0_LP,86.80680740740742,51.733333333333334,95.0,-5.95190939506762,1,0,4500,1500
20,mixed,L0_M0,90.32302222222222,38.666666666666664,95.0,-10.984799021024752,1,0,4500,1500
20,mixed,L0_M1,90.19613333333332,38.800000000000004,95.0,-11.346729250012363,1,0,4500,1500
20,mixed,L1_LP,87.67106666666666,47.13333333333333,95.0,-5.996660405073833,1,0,4500,1500
20,mixed,L1_M0,90.63359999999999,38.13333333333333,95.0,-10.983339712043717,1,0,4500,1500
20,mixed,L1_M1,90.51764444444444,38.06666666666666,95.0,-11.265144280322357,1,0,4500,1500
20,mixed,L2_LP,86.78299999999999,52.0,95.0,-5.951020269019893,1,0,4500,1500
20,mixed,L2_M0,90.31180740740741,38.666666666666664,95.0,-10.989737302665334,1,0,4500,1500
20,mixed,L2_M1,90.18448888888891,38.733333333333334,95.0,-11.322098424934754,1,0,4500,1500
20,class_burst,L0_LP,77.89499259259259,67.73333333333333,95.0,-7.0578424913624485,1,0,4500,1500
20,class_burst,L0_M0,88.54695555555556,40.266666666666666,95.0,-11.228885802756674,1,0,4500,1500
20,class_burst,L0_M1,88.47357037037038,40.93333333333333,95.0,-11.46010535946931,1,0,4500,1500
20,class_burst,L1_LP,79.24033333333333,63.13333333333333,95.0,-7.121473419708015,1,0,4500,1500
20,class_burst,L1_M0,88.7987925925926,40.13333333333333,95.0,-11.33118954956031,1,0,4500,1500
20,class_burst,L1_M1,88.74084444444446,40.2,95.0,-11.539039319960864,1,0,4500,1500
20,class_burst,L2_LP,78.19011851851852,67.4,95.0,-7.000639275658735,1,0,4500,1500
20,class_burst,L2_M0,88.64565925925928,40.2,95.0,-11.167554921586234,1,0,4500,1500
20,class_burst,L2_M1,88.57094074074074,40.46666666666667,95.0,-11.403294953289041,1,0,4500,1500
26,mixed,L0_LP,87.28485925925926,52.26666666666666,95.0,-5.842350269521775,1,0,4500,1500
26,mixed,L0_M0,90.57552592592593,39.13333333333333,95.0,-10.73109932056211,1,0,4500,1500
26,mixed,L0_M1,90.59903703703702,38.666666666666664,95.0,-10.712658242622803,1,0,4500,1500
26,mixed,L1_LP,88.22722222222222,47.599999999999994,95.0,-5.771323911179599,1,0,4500,1500
26,mixed,L1_M0,90.9354074074074,37.733333333333334,95.0,-10.636714128079076,1,0,4500,1500
26,mixed,L1_M1,90.95308148148148,37.06666666666666,95.0,-10.569067838347554,1,0,4500,1500
26,mixed,L2_LP,87.26590370370371,52.13333333333333,95.0,-5.82770949202434,1,0,4500,1500
26,mixed,L2_M0,90.56369629629629,39.13333333333333,95.0,-10.72888613068083,1,0,4500,1500
26,mixed,L2_M1,90.58714074074074,38.6,95.0,-10.702785527136797,1,0,4500,1500
26,class_burst,L0_LP,78.21682962962964,68.46666666666667,95.0,-6.90139031454691,1,0,4500,1500
26,class_burst,L0_M0,88.71777777777778,40.46666666666667,95.0,-10.903267335547524,1,0,4500,1500
26,class_burst,L0_M1,88.72744444444444,40.06666666666667,95.0,-10.915507471273367,1,0,4500,1500
26,class_burst,L1_LP,79.63191111111111,64.60000000000001,95.0,-6.8709019887122,1,0,4500,1500
26,class_burst,L1_M0,89.01783703703703,39.33333333333333,95.0,-10.912026143255344,1,0,4500,1500
26,class_burst,L1_M1,89.0266074074074,39.13333333333333,95.0,-10.918228994940314,1,0,4500,1500
26,class_burst,L2_LP,78.50737777777779,68.0,95.0,-6.829336996906854,1,0,4500,1500
26,class_burst,L2_M0,88.81117037037035,40.13333333333333,95.0,-10.875304281040096,1,0,4500,1500
26,class_burst,L2_M1,88.8225037037037,39.733333333333334,95.0,-10.884125228143771,1,0,4500,1500
2,mixed,L0_LP,86.80857037037036,53.0,95.0,-5.693288116878964,1,0,4500,1500
2,mixed,L0_M0,90.24814814814815,39.266666666666666,95.0,-10.528900491876094,1,0,4500,1500
2,mixed,L0_M1,90.25711111111112,39.666666666666664,95.0,-10.398986550590836,1,0,4500,1500
2,mixed,L1_LP,87.69414074074074,48.86666666666667,95.0,-5.748638211962128,1,0,4500,1500
2,mixed,L1_M0,90.59142962962963,38.666666666666664,95.0,-10.52576483149188,1,0,4500,1500
2,mixed,L1_M1,90.60849629629631,38.86666666666667,95.0,-10.392816014043122,1,0,4500,1500
2,mixed,L2_LP,86.78853333333333,52.93333333333333,95.0,-5.672018671037042,1,0,4500,1500
2,mixed,L2_M0,90.2366,39.33333333333333,95.0,-10.526021488654777,1,0,4500,1500
2,mixed,L2_M1,90.24376296296295,39.666666666666664,95.0,-10.383194188254034,1,0,4500,1500
2,class_burst,L0_LP,77.80757037037036,67.86666666666666,95.0,-6.802950241733658,1,0,4500,1500
2,class_burst,L0_M0,88.48037777777779,39.33333333333333,95.0,-10.768395998700193,1,0,4500,1500
2,class_burst,L0_M1,88.41466666666666,40.33333333333333,95.0,-10.643261812677395,1,0,4500,1500
2,class_burst,L1_LP,79.14741481481482,63.46666666666667,95.0,-6.8117387477667375,1,0,4500,1500
2,class_burst,L1_M0,88.7483037037037,38.4,95.0,-10.747990043330063,1,0,4500,1500
2,class_burst,L1_M1,88.6963111111111,39.53333333333333,95.0,-10.651463331627689,1,0,4500,1500
2,class_burst,L2_LP,78.09382962962962,67.73333333333333,95.0,-6.786557561136578,1,0,4500,1500
2,class_burst,L2_M0,88.57904444444445,39.13333333333333,95.0,-10.729129918447377,1,0,4500,1500
2,class_burst,L2_M1,88.51468148148147,40.0,95.0,-10.59185638490817,1,0,4500,1500
34,mixed,L0_LP,86.91637037037037,51.733333333333334,95.0,-5.768580221793902,1,0,4500,1500
34,mixed,L0_M0,90.1327925925926,40.266666666666666,95.0,-10.721338975205397,1,0,4500,1500
34,mixed,L0_M1,90.19085925925927,39.86666666666667,95.0,-10.75741284579364,1,0,4500,1500
34,mixed,L1_LP,87.8762074074074,47.599999999999994,95.0,-5.831645368638416,1,0,4500,1500
34,mixed,L1_M0,90.51474074074073,39.13333333333333,95.0,-10.701929129394259,1,0,4500,1500
34,mixed,L1_M1,90.56073333333335,38.733333333333334,95.0,-10.681103415585506,1,0,4500,1500
34,mixed,L2_LP,86.89228888888888,51.66666666666667,95.0,-5.745931850364386,1,0,4500,1500
34,mixed,L2_M0,90.12002962962964,40.13333333333333,95.0,-10.694263388600117,1,0,4500,1500
34,mixed,L2_M1,90.1781037037037,39.800000000000004,95.0,-10.742649755000281,1,0,4500,1500
34,class_burst,L0_LP,77.82050370370371,67.86666666666666,95.0,-6.876716391973268,1,0,4500,1500
34,class_burst,L0_M0,88.30677037037037,40.86666666666667,95.0,-10.97810668474473,1,0,4500,1500
34,class_burst,L0_M1,88.27515555555556,42.13333333333333,95.0,-11.146496766651879,1,0,4500,1500
34,class_burst,L1_LP,79.22693333333332,63.46666666666667,95.0,-6.872538528540374,1,0,4500,1500
34,class_burst,L1_M0,88.58630370370372,40.53333333333333,95.0,-11.023229857410833,1,0,4500,1500
34,class_burst,L1_M1,88.55882962962963,41.53333333333333,95.0,-11.17856853827754,1,0,4500,1500
34,class_burst,L2_LP,78.107,67.66666666666666,95.0,-6.848703355745593,1,0,4500,1500
34,class_burst,L2_M0,88.40668148148147,40.86666666666667,95.0,-10.95891301771739,1,0,4500,1500
34,class_burst,L2_M1,88.37535555555553,42.199999999999996,95.0,-11.125998245103538,1,0,4500,1500
18,mixed,L0_LP,87.00977037037038,50.4,95.0,-5.780299493868593,1,0,4500,1500
18,mixed,L0_M0,90.33980740740742,39.4,95.0,-10.891644143105898,1,0,4500,1500
18,mixed,L0_M1,90.42680740740741,39.6,95.0,-10.9065705572321,1,0,4500,1500
18,mixed,L1_LP,87.90685925925926,46.800000000000004,95.0,-5.871770897365753,1,0,4500,1500
18,mixed,L1_M0,90.66444444444444,38.333333333333336,95.0,-10.919478944985265,1,0,4500,1500
18,mixed,L1_M1,90.75154814814815,38.666666666666664,95.0,-10.940137189881074,1,0,4500,1500
18,mixed,L2_LP,86.98619259259259,50.13333333333333,95.0,-5.760810327774362,1,0,4500,1500
18,mixed,L2_M0,90.32863703703704,39.2,95.0,-10.868875283489325,1,0,4500,1500
18,mixed,L2_M1,90.41604444444445,39.733333333333334,95.0,-10.9065705572321,1,0,4500,1500
18,class_burst,L0_LP,77.97374074074075,67.4,95.0,-6.951837022441376,1,0,4500,1500
18,class_burst,L0_M0,88.53882962962963,39.86666666666667,95.0,-11.051959967233628,1,0,4500,1500
18,class_burst,L0_M1,88.6225925925926,40.46666666666667,95.0,-11.078756728934753,1,0,4500,1500
18,class_burst,L1_LP,79.38056296296297,63.866666666666674,95.0,-7.019863243297232,1,0,4500,1500
18,class_burst,L1_M0,88.7918,39.2,95.0,-11.116415787276905,1,0,4500,1500
18,class_burst,L1_M1,88.88442222222223,39.266666666666666,95.0,-11.125712611430263,1,0,4500,1500
18,class_burst,L2_LP,78.26877037037036,67.13333333333334,95.0,-6.90001195457679,1,0,4500,1500
18,class_burst,L2_M0,88.6416888888889,39.666666666666664,95.0,-11.021638029017804,1,0,4500,1500
18,class_burst,L2_M1,88.7244074074074,40.400000000000006,95.0,-11.049368545757883,1,0,4500,1500
6,mixed,L0_LP,87.16207407407407,50.13333333333333,95.0,-5.895476039264077,1,0,4500,1500
6,mixed,L0_M0,90.49101481481482,39.4,95.0,-11.029465258521034,1,0,4500,1500
6,mixed,L0_M1,90.5538962962963,39.06666666666666,95.0,-11.131166492043384,1,0,4500,1500
6,mixed,L1_LP,88.0740962962963,46.666666666666664,95.0,-5.92991501853046,1,0,4500,1500
6,mixed,L1_M0,90.82174814814815,38.2,95.0,-10.999247981350816,1,0,4500,1500
6,mixed,L1_M1,90.89032592592594,38.266666666666666,95.0,-11.122374199310403,1,0,4500,1500
6,mixed,L2_LP,87.13826666666668,50.13333333333333,95.0,-5.884550624012151,1,0,4500,1500
6,mixed,L2_M0,90.47794814814814,39.33333333333333,95.0,-11.022753921955985,1,0,4500,1500
6,mixed,L2_M1,90.53982222222221,39.2,95.0,-11.13430091885351,1,0,4500,1500
6,class_burst,L0_LP,78.2590962962963,67.86666666666666,95.0,-7.1195653863109865,1,0,4500,1500
6,class_burst,L0_M0,88.86322222222222,39.86666666666667,95.0,-11.332679908117068,1,0,4500,1500
6,class_burst,L0_M1,88.96513333333334,39.266666666666666,95.0,-11.54953261279223,1,0,4500,1500
6,class_burst,L1_LP,79.5846148148148,62.6,95.0,-7.097041699370623,1,0,4500,1500
6,class_burst,L1_M0,89.12496296296295,39.13333333333333,95.0,-11.24904572259143,1,0,4500,1500
6,class_burst,L1_M1,89.22083703703703,38.2,95.0,-11.481523631495282,1,0,4500,1500
6,class_burst,L2_LP,78.55097777777777,67.13333333333334,95.0,-7.029572057424193,1,0,4500,1500
6,class_burst,L2_M0,88.96207407407407,39.733333333333334,95.0,-11.276779250882353,1,0,4500,1500
6,class_burst,L2_M1,89.06025925925925,39.13333333333333,95.0,-11.515856264843993,1,0,4500,1500
43,mixed,L0_LP,87.07300740740742,51.2,95.0,-5.7521286169018975,1,0,4500,1500
43,mixed,L0_M0,90.25537777777778,38.800000000000004,95.0,-10.627546922231696,1,0,4500,1500
43,mixed,L0_M1,90.18074074074075,39.13333333333333,95.0,-10.367890701265477,1,0,4500,1500
43,mixed,L1_LP,88.02037037037037,46.2,95.0,-5.743184662093019,1,0,4500,1500
43,mixed,L1_M0,90.62055555555555,37.733333333333334,95.0,-10.574806853129816,1,0,4500,1500
43,mixed,L1_M1,90.5558074074074,38.53333333333334,95.0,-10.38238438834272,1,0,4500,1500
43,mixed,L2_LP,87.04390370370369,51.0,95.0,-5.72553321629582,1,0,4500,1500
43,mixed,L2_M0,90.24069629629629,38.86666666666667,95.0,-10.628496649488588,1,0,4500,1500
43,mixed,L2_M1,90.16380740740742,39.13333333333333,95.0,-10.338683813232073,1,0,4500,1500
43,class_burst,L0_LP,77.82108148148149,67.66666666666666,95.0,-6.915279426707579,1,0,4500,1500
43,class_burst,L0_M0,88.31354814814813,40.0,95.0,-10.821062438668491,1,0,4500,1500
43,class_burst,L0_M1,88.22755555555557,40.400000000000006,95.0,-10.60182783520646,1,0,4500,1500
43,class_burst,L1_LP,79.25151851851851,64.2,95.0,-7.021676480421413,1,0,4500,1500
43,class_burst,L1_M0,88.5975037037037,39.4,95.0,-10.83936162200827,1,0,4500,1500
43,class_burst,L1_M1,88.51494074074076,40.06666666666667,95.0,-10.660503266516075,1,0,4500,1500
43,class_burst,L2_LP,78.10359259259259,67.06666666666666,95.0,-6.850231128768376,1,0,4500,1500
43,class_burst,L2_M0,88.41115555555555,39.800000000000004,95.0,-10.781313592347852,1,0,4500,1500
43,class_burst,L2_M1,88.33021481481481,40.400000000000006,95.0,-10.57627443825227,1,0,4500,1500
24,mixed,L0_LP,86.90965185185185,50.66666666666667,95.0,-5.685988814397352,1,0,4500,1500
24,mixed,L0_M0,90.3080962962963,39.266666666666666,95.0,-10.791261354847503,1,0,4500,1500
24,mixed,L0_M1,90.33313333333332,40.0,95.0,-10.669983801922797,1,0,4500,1500
24,mixed,L1_LP,87.82075555555555,47.13333333333333,95.0,-5.791955574390206,1,0,4500,1500
24,mixed,L1_M0,90.63283703703704,38.06666666666666,95.0,-10.739275030409614,1,0,4500,1500
24,mixed,L1_M1,90.65480000000001,39.06666666666666,95.0,-10.616579221432708,1,0,4500,1500
24,mixed,L2_LP,86.89040740740741,50.73333333333333,95.0,-5.685557089422174,1,0,4500,1500
24,mixed,L2_M0,90.29893333333334,39.266666666666666,95.0,-10.790829629872324,1,0,4500,1500
24,mixed,L2_M1,90.32336296296297,39.93333333333333,95.0,-10.644356911777592,1,0,4500,1500
24,class_burst,L0_LP,77.73569629629628,67.33333333333333,95.0,-6.826489006373793,1,0,4500,1500
24,class_burst,L0_M0,88.49782222222223,40.06666666666667,95.0,-10.927012599720516,1,0,4500,1500
24,class_burst,L0_M1,88.38145925925926,41.13333333333333,95.0,-10.979641837003097,1,0,4500,1500
24,class_burst,L1_LP,79.13037777777778,62.8,95.0,-6.806428506109983,1,0,4500,1500
24,class_burst,L1_M0,88.73523703703702,39.53333333333333,95.0,-10.92138644006469,1,0,4500,1500
24,class_burst,L1_M1,88.63833333333334,40.400000000000006,95.0,-10.964750303405516,1,0,4500,1500
24,class_burst,L2_LP,78.02943703703704,66.8,95.0,-6.770160418910668,1,0,4500,1500
24,class_burst,L2_M0,88.59781481481481,40.06666666666667,95.0,-10.901734575088293,1,0,4500,1500
24,class_burst,L2_M1,88.48306666666667,40.733333333333334,95.0,-10.936711397100526,1,0,4500,1500
11,mixed,L0_LP,87.04562222222222,52.2,95.0,-5.9585136136274865,1,0,4500,1500
11,mixed,L0_M0,90.29562962962963,39.266666666666666,95.0,-10.85611949259105,1,0,4500,1500
11,mixed,L0_M1,90.34364444444445,38.733333333333334,95.0,-10.739359373780381,1,0,4500,1500
11,mixed,L1_LP,87.94118518518519,47.599999999999994,95.0,-5.994523155735449,1,0,4500,1500
11,mixed,L1_M0,90.63008888888888,38.06666666666666,95.0,-10.845429371661051,1,0,4500,1500
11,mixed,L1_M1,90.67028888888888,38.0,95.0,-10.769645951171,1,0,4500,1500
11,mixed,L2_LP,87.02362962962964,52.26666666666666,95.0,-5.961951943895086,1,0,4500,1500
11,mixed,L2_M0,90.28244444444444,39.266666666666666,95.0,-10.842421488455699,1,0,4500,1500
11,mixed,L2_M1,90.33022222222222,38.666666666666664,95.0,-10.732928483450092,1,0,4500,1500
11,class_burst,L0_LP,77.94387407407409,67.93333333333334,95.0,-6.91948405798961,1,0,4500,1500
11,class_burst,L0_M0,88.47761481481481,40.400000000000006,95.0,-10.978449780498654,1,0,4500,1500
11,class_burst,L0_M1,88.55825925925926,40.46666666666667,95.0,-10.918042163593894,1,0,4500,1500
11,class_burst,L1_LP,79.32208148148148,64.06666666666668,95.0,-6.997344379761882,1,0,4500,1500
11,class_burst,L1_M0,88.73162962962964,39.53333333333333,95.0,-11.081026722986653,1,0,4500,1500
11,class_burst,L1_M1,88.79465185185187,39.0,95.0,-10.923431165576439,1,0,4500,1500
11,class_burst,L2_LP,78.24138518518518,67.73333333333333,95.0,-6.882414413087906,1,0,4500,1500
11,class_burst,L2_M0,88.57864444444445,40.0,95.0,-10.920820667662017,1,0,4500,1500
11,class_burst,L2_M1,88.65857037037038,39.93333333333333,95.0,-10.843563409716516,1,0,4500,1500
48,mixed,L0_LP,86.96149629629629,51.2,95.0,-5.671234559339368,1,0,4500,1500
48,mixed,L0_M0,90.30478518518518,39.4,95.0,-10.635664853332162,1,0,4500,1500
48,mixed,L0_M1,90.23562962962964,40.2,95.0,-10.49444384811412,1,0,4500,1500
48,mixed,L1_LP,87.91905925925927,46.666666666666664,95.0,-5.702973144100414,1,0,4500,1500
48,mixed,L1_M0,90.66686666666666,38.46666666666667,95.0,-10.686883786386703,1,0,4500,1500
48,mixed,L1_M1,90.61768888888889,38.733333333333334,95.0,-10.502577019686822,1,0,4500,1500
48,mixed,L2_LP,86.93864444444445,51.46666666666667,95.0,-5.668595504288592,1,0,4500,1500
48,mixed,L2_M0,90.2931851851852,39.33333333333333,95.0,-10.618416981427526,1,0,4500,1500
48,mixed,L2_M1,90.22265185185186,40.13333333333333,95.0,-10.475035404032756,1,0,4500,1500
48,class_burst,L0_LP,77.95875555555556,68.60000000000001,95.0,-6.807892992581147,1,0,4500,1500
48,class_burst,L0_M0,88.49505185185184,40.33333333333333,95.0,-10.932328948176412,1,0,4500,1500
48,class_burst,L0_M1,88.35097037037039,40.666666666666664,95.0,-10.803527181289983,1,0,4500,1500
48,class_burst,L1_LP,79.36808888888889,64.4,95.0,-6.859226691676954,1,0,4500,1500
48,class_burst,L1_M0,88.77023703703703,39.666666666666664,95.0,-10.911644589513253,1,0,4500,1500
48,class_burst,L1_M1,88.65535555555556,40.0,95.0,-10.788105613039441,1,0,4500,1500
48,class_burst,L2_LP,78.2512962962963,68.13333333333334,95.0,-6.750858654955172,1,0,4500,1500
48,class_burst,L2_M0,88.59388148148149,40.13333333333333,95.0,-10.891821347907179,1,0,4500,1500
48,class_burst,L2_M1,88.4515851851852,40.666666666666664,95.0,-10.784008595653848,1,0,4500,1500
0,mixed,L0_LP,86.74410370370369,51.800000000000004,95.0,-5.7467768018299505,1,0,4500,1500
0,mixed,L0_M0,90.2981037037037,39.6,95.0,-10.746057379911683,1,0,4500,1500
0,mixed,L0_M1,90.42478518518519,39.266666666666666,95.0,-10.560639078312839,1,0,4500,1500
0,mixed,L1_LP,87.66135555555556,47.93333333333333,95.0,-5.828469221178157,1,0,4500,1500
0,mixed,L1_M0,90.61594074074075,38.53333333333334,95.0,-10.74022573270243,1,0,4500,1500
0,mixed,L1_M1,90.73974814814814,38.0,95.0,-10.534942125791726,1,0,4500,1500
0,mixed,L2_LP,86.721,52.06666666666667,95.0,-5.743617927233989,1,0,4500,1500
0,mixed,L2_M0,90.28736296296296,39.733333333333334,95.0,-10.743910828548195,1,0,4500,1500
0,mixed,L2_M1,90.41201481481481,39.2,95.0,-10.542021110588024,1,0,4500,1500
0,class_burst,L0_LP,77.65432592592593,69.0,95.0,-6.911401949961157,1,0,4500,1500
0,class_burst,L0_M0,88.58996296296296,40.266666666666666,95.0,-10.991863747326281,1,0,4500,1500
0,class_burst,L0_M1,88.58903703703704,40.33333333333333,95.0,-10.78219559830128,1,0,4500,1500
0,class_burst,L1_LP,79.00167407407407,64.2,95.0,-6.922140517087524,1,0,4500,1500
0,class_burst,L1_M0,88.83504444444445,39.33333333333333,95.0,-11.018537184387812,1,0,4500,1500
0,class_burst,L1_M1,88.8408,39.46666666666667,95.0,-10.787776332329301,1,0,4500,1500
0,class_burst,L2_LP,77.95169629629629,68.0,95.0,-6.839297309984532,1,0,4500,1500
0,class_burst,L2_M0,88.68941481481481,40.13333333333333,95.0,-10.955948396844695,1,0,4500,1500
0,class_burst,L2_M1,88.6910148148148,40.13333333333333,95.0,-10.69230652022208,1,0,4500,1500
41,mixed,L0_LP,87.28177777777778,50.33333333333333,95.0,-5.77318202609973,1,0,4500,1500
41,mixed,L0_M0,90.44103703703705,38.53333333333334,95.0,-10.766023287968748,1,0,4500,1500
41,mixed,L0_M1,90.31324444444444,39.266666666666666,95.0,-10.729027085867866,1,0,4500,1500
41,mixed,L1_LP,88.2087925925926,46.400000000000006,95.0,-5.8485077438951265,1,0,4500,1500
41,mixed,L1_M0,90.78801481481482,37.666666666666664,95.0,-10.83216040907279,1,0,4500,1500
41,mixed,L1_M1,90.6819925925926,38.0,95.0,-10.704596884701058,1,0,4500,1500
41,mixed,L2_LP,87.26128148148146,50.4,95.0,-5.755046623057611,1,0,4500,1500
41,mixed,L2_M0,90.42882962962963,38.53333333333334,95.0,-10.745609275331878,1,0,4500,1500
41,mixed,L2_M1,90.30118518518518,39.33333333333333,95.0,-10.728282021882077,1,0,4500,1500
41,class_burst,L0_LP,78.27402222222223,66.60000000000001,95.0,-6.837929960629685,1,0,4500,1500
41,class_burst,L0_M0,88.7302962962963,39.6,95.0,-10.890181154337998,1,0,4500,1500
41,class_burst,L0_M1,88.47519259259259,41.333333333333336,95.0,-10.918653643302012,1,0,4500,1500
41,class_burst,L1_LP,79.68079259259258,62.2,95.0,-6.8972609212049,1,0,4500,1500
41,class_burst,L1_M0,88.99130370370371,38.6,95.0,-10.903845688082171,1,0,4500,1500
41,class_burst,L1_M1,88.76062222222222,40.33333333333333,95.0,-10.966101345674126,1,0,4500,1500
41,class_burst,L2_LP,78.568,66.46666666666667,95.0,-6.822727869342334,1,0,4500,1500
41,class_burst,L2_M0,88.82448888888888,39.46666666666667,95.0,-10.828937552978338,1,0,4500,1500
41,class_burst,L2_M1,88.57283703703702,41.333333333333336,95.0,-10.896175082617958,1,0,4500,1500
16,mixed,L0_LP,87.20559999999999,49.8,95.0,-5.583227127316491,1,0,4500,1500
16,mixed,L0_M0,90.38487407407409,39.93333333333333,95.0,-10.872414662599834,1,0,4500,1500
16,mixed,L0_M1,90.49835555555555,39.0,95.0,-10.664251001159194,1,0,4500,1500
16,mixed,L1_LP,88.09639259259261,46.0,95.0,-5.675723501653039,1,0,4500,1500
16,mixed,L1_M0,90.71185185185185,38.333333333333336,95.0,-10.810971733126733,1,0,4500,1500
16,mixed,L1_M1,90.81903703703705,38.46666666666667,95.0,-10.652881498824485,1,0,4500,1500
16,mixed,L2_LP,87.18262962962964,49.93333333333334,95.0,-5.572497804603344,1,0,4500,1500
16,mixed,L2_M0,90.37115555555556,39.93333333333333,95.0,-10.87487408099044,1,0,4500,1500
16,mixed,L2_M1,90.48597037037038,39.06666666666666,95.0,-10.665441642900802,1,0,4500,1500
16,class_burst,L0_LP,78.17936296296295,68.4,95.0,-6.840450213988873,1,0,4500,1500
16,class_burst,L0_M0,88.76166666666666,39.93333333333333,95.0,-10.890719741860792,1,0,4500,1500
16,class_burst,L0_M1,88.88461481481481,40.13333333333333,95.0,-10.807142018507642,1,0,4500,1500
16,class_burst,L1_LP,79.52544444444443,63.800000000000004,95.0,-6.830121618367271,1,0,4500,1500
16,class_burst,L1_M0,89.02047407407406,39.2,95.0,-10.902351291789117,1,0,4500,1500
16,class_burst,L1_M1,89.13025185185187,38.93333333333333,95.0,-10.73734793158784,1,0,4500,1500
16,class_burst,L2_LP,78.45957037037039,68.0,95.0,-6.803783922482236,1,0,4500,1500
16,class_burst,L2_M0,88.84967407407409,39.6,95.0,-10.866308220946298,1,0,4500,1500
16,class_burst,L2_M1,88.9747111111111,39.93333333333333,95.0,-10.77079232837505,1,0,4500,1500
8,mixed,L0_LP,87.40048888888889,48.8,95.0,-5.771249658348676,1,0,4500,1500
8,mixed,L0_M0,90.49694814814815,39.2,95.0,-10.913685062820734,1,0,4500,1500
8,mixed,L0_M1,90.44093333333333,38.800000000000004,95.0,-10.887889199616444,1,0,4500,1500
8,mixed,L1_LP,88.35402222222223,45.33333333333333,95.0,-5.786562823876777,1,0,4500,1500
8,mixed,L1_M0,90.85691851851851,38.2,95.0,-10.877876101157689,1,0,4500,1500
8,mixed,L1_M1,90.8105037037037,37.6,95.0,-10.836554904083417,1,0,4500,1500
8,mixed,L2_LP,87.37555555555555,49.333333333333336,95.0,-5.757753380626663,1,0,4500,1500
8,mixed,L2_M0,90.48334814814815,39.13333333333333,95.0,-10.894404403314976,1,0,4500,1500
8,mixed,L2_M1,90.42691851851852,38.86666666666667,95.0,-10.877555001911164,1,0,4500,1500
8,class_burst,L0_LP,78.70614814814813,67.60000000000001,95.0,-6.851323826017874,1,0,4500,1500
8,class_burst,L0_M0,88.87831111111112,40.13333333333333,95.0,-11.058895655137466,1,0,4500,1500
8,class_burst,L0_M1,88.80041481481481,39.666666666666664,95.0,-11.046938998315351,1,0,4500,1500
8,class_burst,L1_LP,80.13005185185185,62.866666666666674,95.0,-6.877539098724731,1,0,4500,1500
8,class_burst,L1_M0,89.1683925925926,38.6,95.0,-11.010336507209502,1,0,4500,1500
8,class_burst,L1_M1,89.09097037037037,39.0,95.0,-11.050763005450959,1,0,4500,1500
8,class_burst,L2_LP,78.99360740740741,66.93333333333334,95.0,-6.783147614437479,1,0,4500,1500
8,class_burst,L2_M0,88.9753185185185,39.93333333333333,95.0,-11.027238839822733,1,0,4500,1500
8,class_burst,L2_M1,88.8982148148148,39.666666666666664,95.0,-11.00928415663606,1,0,4500,1500
47,mixed,L0_LP,86.76066666666667,51.53333333333333,95.0,-5.652971744669623,1,0,4500,1500
47,mixed,L0_M0,90.38943703703704,38.4,95.0,-10.629129105453986,1,0,4500,1500
47,mixed,L0_M1,90.20205925925924,38.733333333333334,95.0,-10.516663491137816,1,0,4500,1500
47,mixed,L1_LP,87.64775555555556,47.599999999999994,95.0,-5.723171605525068,1,0,4500,1500
47,mixed,L1_M0,90.6878074074074,37.2,95.0,-10.598162900849186,1,0,4500,1500
47,mixed,L1_M1,90.51835555555556,37.6,95.0,-10.562552417712368,1,0,4500,1500
47,mixed,L2_LP,86.74147407407408,51.6,95.0,-5.645457771290264,1,0,4500,1500
47,mixed,L2_M0,90.37782222222222,38.53333333333334,95.0,-10.621960615975373,1,0,4500,1500
47,mixed,L2_M1,90.19035555555556,38.733333333333334,95.0,-10.505443401509948,1,0,4500,1500
47,class_burst,L0_LP,77.53622962962963,67.66666666666666,95.0,-6.78478293777821,1,0,4500,1500
47,class_burst,L0_M0,88.56456296296295,39.6,95.0,-10.976149718752716,1,0,4500,1500
47,class_burst,L0_M1,88.29091851851852,40.8,95.0,-10.84801777526626,1,0,4500,1500
47,class_burst,L1_LP,78.86998518518517,63.800000000000004,95.0,-6.829836230237481,1,0,4500,1500
47,class_burst,L1_M0,88.8084,38.6,95.0,-10.93722514860307,1,0,4500,1500
47,class_burst,L1_M1,88.55695555555555,39.6,95.0,-10.863921840432624,1,0,4500,1500
47,class_burst,L2_LP,77.82956296296295,67.4,95.0,-6.756345002457676,1,0,4500,1500
47,class_burst,L2_M0,88.66422222222221,39.46666666666667,95.0,-10.956608787624159,1,0,4500,1500
47,class_burst,L2_M1,88.39360740740743,40.8,95.0,-10.840512353395226,1,0,4500,1500
39,mixed,L0_LP,86.72971111111111,52.13333333333333,95.0,-5.81534710834125,1,0,4500,1500
39,mixed,L0_M0,90.20425185185184,38.666666666666664,95.0,-10.721284714268288,1,0,4500,1500
39,mixed,L0_M1,90.13140740740741,39.46666666666667,95.0,-10.66293098104381,1,0,4500,1500
39,mixed,L1_LP,87.61397037037037,47.266666666666666,95.0,-5.773132431535283,1,0,4500,1500
39,mixed,L1_M0,90.52324444444444,37.6,95.0,-10.73836324127448,1,0,4500,1500
39,mixed,L1_M1,90.4658,38.333333333333336,95.0,-10.657354235373841,1,0,4500,1500
39,mixed,L2_LP,86.70645185185185,52.53333333333333,95.0,-5.816045730531512,1,0,4500,1500
39,mixed,L2_M0,90.19248148148148,38.666666666666664,95.0,-10.708996199591336,1,0,4500,1500
39,mixed,L2_M1,90.11902962962962,39.46666666666667,95.0,-10.652647998572673,1,0,4500,1500
39,class_burst,L0_LP,77.66378518518519,69.13333333333334,95.0,-7.093971215450954,1,1,4500,1500
39,class_burst,L0_M0,88.39185925925925,40.53333333333333,95.0,-11.137905521375314,1,0,4500,1500
39,class_burst,L0_M1,88.31845925925926,40.13333333333333,95.0,-11.06498693317332,1,0,4500,1500
39,class_burst,L1_LP,79.03487407407407,65.0,95.0,-7.109985042701254,1,0,4500,1500
39,class_burst,L1_M0,88.64642962962964,39.53333333333333,95.0,-11.123491742524266,1,0,4500,1500
39,class_burst,L1_M1,88.59803703703703,39.733333333333334,95.0,-11.090582140459363,1,0,4500,1500
39,class_burst,L2_LP,77.94553333333333,68.86666666666666,95.0,-7.051233554205372,1,0,4500,1500
39,class_burst,L2_M0,88.48831851851853,40.266666666666666,95.0,-11.085611607909428,1,0,4500,1500
39,class_burst,L2_M1,88.41925925925926,39.93333333333333,95.0,-11.0150163597627,1,0,4500,1500
