file,method,AUROC,FPR95,delta_AUROC,delta_FPR95
inaturalist_seed123.npz,tins,99.93152377777778,0.19,0.0,0.0
inaturalist_seed123.npz,v5,99.94318266666667,0.16,0.0,0.0
inaturalist_seed123.npz,v5_lp,99.93894066666667,0.13999999999999999,-2.2222222639811662e-07,0.0
inaturalist_seed124.npz,tins,99.92574844444445,0.16,0.0,0.0
inaturalist_seed124.npz,v5,99.94294644444444,0.15,0.0,0.0
inaturalist_seed124.npz,v5_lp,99.93956555555556,0.13,0.0,0.0
inaturalist_seed125.npz,tins,99.92653577777779,0.16,0.0,0.0
inaturalist_seed125.npz,v5,99.94293022222222,0.15,0.0,0.0
inaturalist_seed125.npz,v5_lp,99.93830000000001,0.11,1.4210854715202004e-14,0.0
inaturalist_seed126.npz,tins,99.927622,0.16,0.0,0.0
inaturalist_seed126.npz,v5,99.94495844444444,0.13999999999999999,0.0,0.0
inaturalist_seed126.npz,v5_lp,99.9380348888889,0.11,0.0,0.0
inaturalist_seed127.npz,tins,99.91850288888888,0.2,0.0,0.0
inaturalist_seed127.npz,v5,99.94523622222222,0.15,0.0,0.0
inaturalist_seed127.npz,v5_lp,99.938944,0.12,1.4210854715202004e-14,0.0
ninco_seed123.npz,tins,80.85098656234054,55.41758802517435,0.0,0.0
ninco_seed123.npz,v5,98.71854963996145,5.443102568464025,0.0,0.0
ninco_seed123.npz,v5_lp,98.15940088072422,7.807450246640585,-1.4210854715202004e-14,0.0
ninco_seed124.npz,tins,80.42007616563664,56.2510631059704,0.0,0.0
ninco_seed124.npz,v5,98.66680954810909,5.613199523728525,0.0,0.0
ninco_seed124.npz,v5_lp,98.09498176182647,7.977547201905086,1.4210854715202004e-14,0.0
ninco_seed125.npz,tins,80.51201224698077,57.52679027045416,0.0,0.0
ninco_seed125.npz,v5,98.73338814235225,5.4601122639904744,0.0,0.0
ninco_seed125.npz,v5_lp,98.1002415376765,8.232692634801838,2.842170943040401e-14,0.0
ninco_seed126.npz,tins,80.96809434711119,55.31552985201564,0.0,0.0
ninco_seed126.npz,v5,98.58072272306325,5.800306174519476,0.0,0.0
ninco_seed126.npz,v5_lp,98.00643949273308,8.334750807960537,0.0,0.0
ninco_seed127.npz,tins,80.97121165731134,55.96189828202075,0.0,0.0
ninco_seed127.npz,v5,98.62026270529758,5.766286783466576,0.0,0.0
ninco_seed127.npz,v5_lp,98.01482716259378,8.147644157169587,-2.842170943040401e-14,0.0
openimageo_seed123.npz,tins,93.01021866532233,28.105110592980026,0.0,0.0
openimageo_seed123.npz,v5,97.75327465848859,11.588631923876742,0.0,0.0
openimageo_seed123.npz,v5_lp,97.29431512172579,13.239649631356734,0.0,0.0
openimageo_seed124.npz,tins,92.98758368867323,28.728968429012543,0.0,0.0
openimageo_seed124.npz,v5,97.71240181765987,11.809187724494297,0.0,0.0
openimageo_seed124.npz,v5_lp,97.220866889323,13.277459197176885,7.001770541137375e-08,0.0
openimageo_seed125.npz,tins,93.15927321612368,28.067301027159868,0.0,0.0
openimageo_seed125.npz,v5,97.75355416920482,11.588631923876742,0.0,0.0
openimageo_seed125.npz,v5_lp,97.29496915719677,13.290062385783601,-7.001771962222847e-08,0.0
openimageo_seed126.npz,tins,93.22539640529052,27.884554792362472,0.0,0.0
openimageo_seed126.npz,v5,97.74569622114396,11.525615980843153,0.0,0.0
openimageo_seed126.npz,v5_lp,97.31447693266398,12.867855567458566,7.001773383308318e-08,0.0
openimageo_seed127.npz,tins,93.05074974968667,28.23744407335056,0.0,0.0
openimageo_seed127.npz,v5,97.72651094726966,11.519314386539795,0.0,0.0
openimageo_seed127.npz,v5_lp,97.2688023469938,13.41609427185078,0.0,0.0
ssb_hard_seed123.npz,tins,82.5244675510204,56.279591836734696,0.0,0.0
ssb_hard_seed123.npz,v5,94.02465414965987,27.514285714285712,0.0,0.0
ssb_hard_seed123.npz,v5_lp,94.35391519274376,27.446938775510205,-9.070295448054821e-08,0.0
ssb_hard_seed124.npz,tins,82.091209138322,56.93469387755103,0.0,0.0
ssb_hard_seed124.npz,v5,93.91001990929708,28.04285714285714,0.0,0.0
ssb_hard_seed124.npz,v5_lp,94.34144995464852,27.663265306122447,-6.802720520227012e-08,0.0
ssb_hard_seed125.npz,tins,81.87002988662131,57.108163265306125,0.0,0.0
ssb_hard_seed125.npz,v5,93.86168353741495,28.085714285714285,0.0,0.0
ssb_hard_seed125.npz,v5_lp,94.30915560090702,27.655102040816328,-4.5351484345701465e-08,0.0
ssb_hard_seed126.npz,tins,82.20714823129254,57.099999999999994,0.0,0.0
ssb_hard_seed126.npz,v5,93.94066213151928,27.824489795918367,0.0,0.0
ssb_hard_seed126.npz,v5_lp,94.35404090702949,27.385714285714286,-9.070295448054821e-08,0.0
ssb_hard_seed127.npz,tins,82.41563408163266,55.81836734693878,0.0,0.0
ssb_hard_seed127.npz,v5,93.96464920634921,28.061224489795915,0.0,0.0
ssb_hard_seed127.npz,v5_lp,94.35210585034014,27.493877551020407,4.535147013484675e-08,0.0
textures_seed123.npz,tins,98.35432601205858,7.596899224806202,0.0,0.0
textures_seed123.npz,v5,98.83071748492678,5.174418604651162,0.0,0.0
textures_seed123.npz,v5_lp,98.89175710594316,5.116279069767442,1.4210854715202004e-14,0.0
textures_seed124.npz,tins,97.92322975882858,9.244186046511627,0.0,0.0
textures_seed124.npz,v5,98.80098966408268,5.077519379844961,0.0,0.0
textures_seed124.npz,v5_lp,98.76172609819122,5.251937984496124,-1.4210854715202004e-14,0.0
textures_seed125.npz,tins,98.18113996554696,7.6937984496124034,0.0,0.0
textures_seed125.npz,v5,98.9032282515073,4.554263565891473,0.0,0.0
textures_seed125.npz,v5_lp,98.88972049956934,5.0,0.0,0.0
textures_seed126.npz,tins,98.04666709732989,8.275193798449612,0.0,0.0
textures_seed126.npz,v5,98.89584840654608,4.8062015503875966,0.0,0.0
textures_seed126.npz,v5_lp,98.8694720068906,5.271317829457364,-1.4210854715202004e-14,0.0
textures_seed127.npz,tins,98.04913652024115,8.74031007751938,0.0,0.0
textures_seed127.npz,v5,98.85724461670974,4.8062015503875966,0.0,0.0
textures_seed127.npz,v5_lp,98.91651378122309,5.038759689922481,1.4210854715202004e-14,0.0
