capacity,method,configuration,near_FPR95,completed_configs,planned_configs
8192,AdaNeg_type,cfg1,36.39866666666667,3,3
8192,AdaNeg_type+TINS,cfg1,36.54533333333334,3,3
8192,L0_cdf,cfg0,69.18666666666668,1,1
8192,L0_cdf+TINS,cfg0,56.61199999999999,1,1
8192,L0_norm,cfg0,42.93866666666666,1,1
8192,L0_norm+TINS,cfg0,52.49066666666668,1,1
8192,L0_plp,cfg0,41.48666666666667,1,1
8192,L0_plp+TINS,cfg0,42.34666666666667,1,1
8192,L0_raw,cfg0,46.332,1,1
8192,L0_raw+TINS,cfg0,53.772000000000006,1,1
8192,L1_cdf,cfg0,78.164,1,1
8192,L1_cdf+TINS,cfg0,54.69066666666666,1,1
8192,L1_norm,cfg0,39.056000000000004,1,1
8192,L1_norm+TINS,cfg0,47.504,1,1
8192,L1_plp,cfg0,37.12133333333333,1,1
8192,L1_plp+TINS,cfg0,37.88933333333333,1,1
8192,L1_raw,cfg0,42.36133333333333,1,1
8192,L1_raw+TINS,cfg0,48.89333333333333,1,1
8192,L2_cdf,cfg0,69.35733333333334,1,1
8192,L2_cdf+TINS,cfg0,56.12,1,1
8192,L2_norm,cfg0,43.029333333333334,1,1
8192,L2_norm+TINS,cfg0,52.60533333333332,1,1
8192,L2_plp,cfg0,41.61333333333334,1,1
8192,L2_plp+TINS,cfg0,42.49466666666667,1,1
8192,L2_raw,cfg0,46.42933333333333,1,1
8192,L2_raw+TINS,cfg0,53.864,1,1
8192,M0_pt,cfg0,36.42666666666666,1,1
8192,M0_pt+TINS,cfg0,36.980000000000004,1,1
8192,M1_pt,cfg0,36.58933333333333,1,1
8192,M1_pt+TINS,cfg0,37.14266666666666,1,1
8192,MahaPP_type,cfg2,60.16400000000001,3,3
8192,MahaPP_type+TINS,cfg2,60.65733333333333,3,3
8192,OODD_type,cfg2,36.62,3,3
8192,OODD_type+TINS,cfg2,37.31066666666667,3,3
8192,REPRISE_L0_M0,cfg0,32.00266666666667,1,1
8192,REPRISE_L0_M0+TINS,cfg0,32.38533333333334,1,1
8192,REPRISE_L1_M0,cfg0,30.555999999999997,1,1
8192,REPRISE_L1_M0+TINS,cfg0,30.909333333333333,1,1
8192,REPRISE_L1_M1,cfg0,30.562666666666665,1,1
8192,REPRISE_L1_M1+TINS,cfg0,30.930666666666664,1,1
8192,REPRISE_L2_M0,cfg0,32.032,1,1
8192,REPRISE_L2_M0+TINS,cfg0,32.412,1,1
8192,REPRISE_L2_M1,cfg0,32.12266666666667,1,1
8192,REPRISE_L2_M1+TINS,cfg0,32.53333333333333,1,1
8192,class_L2_cdf,cfg0,61.31866666666667,1,1
8192,class_L2_cdf+TINS,cfg0,61.032,1,1
8192,class_L2_norm,cfg0,60.957333333333324,1,1
8192,class_L2_norm+TINS,cfg0,61.52133333333334,1,1
8192,class_L2_plp,cfg0,60.94666666666668,1,1
8192,class_L2_plp+TINS,cfg0,60.72933333333334,1,1
8192,class_L2_raw,cfg0,61.216,1,1
8192,class_L2_raw+TINS,cfg0,61.68533333333333,1,1
8192,static,cfg0,63.172,1,1
8192,static+TINS,cfg0,63.925333333333334,1,1
all,AdaNeg_type,cfg1,36.44533333333334,3,3
all,AdaNeg_type+TINS,cfg1,36.568,3,3
all,L0_cdf,cfg0,100.0,1,3
all,L0_cdf+TINS,cfg0,83.17066666666668,1,3
all,L0_norm,cfg0,41.010666666666665,1,3
all,L0_norm+TINS,cfg0,47.98799999999999,1,3
all,L0_plp,cfg0,35.794666666666664,1,3
all,L0_plp+TINS,cfg0,36.70399999999999,1,3
all,L0_raw,cfg0,50.77733333333334,1,3
all,L0_raw+TINS,cfg0,53.74400000000001,1,3
all,L1_cdf,cfg0,100.0,1,3
all,L1_cdf+TINS,cfg0,82.59733333333334,1,3
all,L1_norm,cfg0,38.2,1,3
all,L1_norm+TINS,cfg0,44.032,1,3
all,L1_plp,cfg0,32.22933333333334,1,3
all,L1_plp+TINS,cfg0,32.984,1,3
all,L1_raw,cfg0,47.06533333333333,1,3
all,L1_raw+TINS,cfg0,49.717333333333336,1,3
all,L2_cdf,cfg0,100.0,1,3
all,L2_cdf+TINS,cfg0,83.124,1,3
all,L2_norm,cfg0,41.05866666666667,1,3
all,L2_norm+TINS,cfg0,48.00533333333333,1,3
all,L2_plp,cfg0,35.85999999999999,1,3
all,L2_plp+TINS,cfg0,36.742666666666665,1,3
all,L2_raw,cfg0,50.796000000000014,1,3
all,L2_raw+TINS,cfg0,53.74133333333334,1,3
all,M0_pt,cfg0,36.42666666666666,1,3
all,M0_pt+TINS,cfg0,36.980000000000004,1,3
all,M1_pt,cfg0,36.58933333333333,1,3
all,M1_pt+TINS,cfg0,37.14266666666666,1,3
all,MahaPP_type,cfg2,60.16400000000001,3,3
all,MahaPP_type+TINS,cfg2,60.65733333333333,3,3
all,OODD_type,cfg2,36.62,3,3
all,OODD_type+TINS,cfg2,37.31066666666667,3,3
all,REPRISE_L0_M0,cfg0,29.214666666666666,1,3
all,REPRISE_L0_M0+TINS,cfg0,29.653333333333343,1,3
all,REPRISE_L1_M0,cfg0,28.106666666666673,1,3
all,REPRISE_L1_M0+TINS,cfg0,28.469333333333335,1,3
all,REPRISE_L1_M1,cfg0,28.161333333333335,1,3
all,REPRISE_L1_M1+TINS,cfg0,28.505333333333333,1,3
all,REPRISE_L2_M0,cfg0,29.226666666666674,1,3
all,REPRISE_L2_M0+TINS,cfg0,29.666666666666675,1,3
all,REPRISE_L2_M1,cfg0,29.290666666666667,1,3
all,REPRISE_L2_M1+TINS,cfg0,29.741333333333337,1,3
all,TINS,cfg0,90.45733333333332,1,3
all,class_L2_cdf,cfg0,57.07200000000001,1,3
all,class_L2_cdf+TINS,cfg0,57.06266666666667,1,3
all,class_L2_norm,cfg0,55.73866666666667,1,3
all,class_L2_norm+TINS,cfg0,56.79066666666666,1,3
all,class_L2_plp,cfg0,55.48800000000001,1,3
all,class_L2_plp+TINS,cfg0,55.48266666666667,1,3
all,class_L2_raw,cfg0,56.76133333333333,1,3
all,class_L2_raw+TINS,cfg0,57.82933333333333,1,3
all,static,cfg0,63.172,1,3
all,static+TINS,cfg0,63.925333333333334,1,3
