draw,stream,seed,view,solver,raw_AUROC,p_AUROC,within_batch_raw_AUROC,within_batch_p_AUROC,raw_FPR95,p_FPR95
3,near,125,B14,L0,76.5564311111111,88.73991666666667,88.65587202497073,88.65612342173114,56.699999999999996,43.86
3,near,125,B14,L1,78.38495333333334,89.73589944444446,89.61550373877262,89.61706239868711,52.52,39.36
3,near,125,B14,L2,76.56034666666667,88.72892777777777,88.64601727196303,88.64626866872342,56.720000000000006,44.019999999999996
3,near,125,L14,L0,81.38267444444445,91.93749944444446,91.89386229893287,91.89330922605998,47.660000000000004,32.92
3,near,125,L14,L1,82.7272211111111,92.41428388888887,92.34114741503795,92.3412982530942,44.24,29.880000000000003
3,near,125,L14,L2,81.38147111111111,91.92185500000001,91.87938184553379,91.87762206821098,47.620000000000005,32.940000000000005
2,near,125,B14,L0,76.22017777777778,88.54488888888889,88.45917919963316,88.45877696481652,57.9,44.940000000000005
2,near,125,B14,L1,78.04552999999999,89.63589222222224,89.52771599004066,89.52781654874482,53.879999999999995,40.160000000000004
2,near,125,B14,L2,76.22445222222221,88.53310722222221,88.44972668144209,88.4509836652441,57.879999999999995,44.940000000000005
2,near,125,L14,L0,81.07236,91.70932277777779,91.58303534437334,91.58474484234407,48.06,33.239999999999995
2,near,125,L14,L1,82.43823555555556,92.25584500000001,92.13510263021347,92.1334936909469,44.42,30.259999999999998
2,near,125,L14,L2,81.0709388888889,91.69631666666666,91.57257723914067,91.57308003266147,48.06,33.26
4,far,124,B14,L0,82.70150311968236,94.53758587004477,94.56783902388908,94.56612672025362,54.225751559841186,27.56664775950085
4,far,124,B14,L1,83.0355612277053,94.34664397806769,94.3518441510154,94.35416799166353,52.07033465683494,27.906976744186046
4,far,124,B14,L2,82.72067183462532,94.54008161593244,94.57762361609174,94.57285362739294,54.11230856494611,27.39648326715825
4,far,124,L14,L0,84.66910884225123,95.09187937228211,95.10697005425557,95.10941620230624,52.41066364152014,24.276800907543958
4,far,124,L14,L1,84.69402218440788,94.84260099577742,94.85330450140164,94.85122527555858,51.559841179807144,24.446965399886558
4,far,124,L14,L2,84.6852303523035,95.0917076321926,95.10794851347583,95.10856005048849,52.524106636415205,24.33352240499149
2,far,123,B14,L0,82.9463131026659,94.44061101657528,94.40784317567302,94.40845546455581,53.77197958026092,24.787294384571755
2,far,123,B14,L1,83.30445893993824,94.23226665406192,94.19305223558916,94.19035816450487,52.183777651730004,26.091888825865002
2,far,123,B14,L2,82.96502804562931,94.44346442301634,94.40906775343862,94.40968004232141,53.77197958026092,24.787294384571755
2,far,123,L14,L0,85.18202243650343,95.23472143442365,95.24202554959051,95.24104588737804,53.09132161089053,22.57515598411798
2,far,123,L14,L1,85.26736623180186,95.02906031385895,95.03335749833458,95.03286766722834,51.67328417470222,23.369256948383438
2,far,123,L14,L2,85.19761139471859,95.23389582151637,95.24496453622791,95.2434950429092,53.09132161089053,22.461712989222914
4,far,125,B14,L0,83.03994453898028,94.82019915547993,94.87068986625792,94.86824127444306,52.80771412365286,25.751559841179805
4,far,125,B14,L1,83.36855108085965,94.64530787168339,94.66672216808114,94.66255956199589,51.50311968235961,26.65910380034033
4,far,125,B14,L2,83.05613222411294,94.82149429633829,94.87068986625792,94.8677515560801,52.86443562110039,25.694838343732272
4,far,125,L14,L0,85.16876536207224,95.43946240625196,95.46594253644729,95.46863598744362,51.162790697674424,23.312535450935904
4,far,125,L14,L1,85.2246959097498,95.24108527131784,95.26246455663347,95.26381128213164,49.80147475893364,23.25581395348837
4,far,125,L14,L2,85.18451188000252,95.43913468204451,95.46300422626948,95.4671668323547,51.162790697674424,23.312535450935904
0,near,125,B14,L0,76.03077555555555,88.266385,88.15941370253127,88.15785504261677,58.68,44.86
0,near,125,B14,L1,77.84812666666669,89.33429111111111,89.22402870347652,89.22262088161827,54.620000000000005,40.839999999999996
0,near,125,B14,L2,76.03518666666666,88.25541055555557,88.15136900619844,88.15207291712755,58.660000000000004,44.96
0,near,125,L14,L0,80.79403888888889,91.47010111111112,91.36552686727458,91.36251010614977,48.28,34.62
0,near,125,L14,L1,82.15520333333333,91.99824777777779,91.88682318964165,91.88471145685428,45.32,30.84
0,near,125,L14,L2,80.79331666666667,91.45629666666666,91.3467223895966,91.34606875801956,48.26,34.699999999999996
4,far,123,B14,L0,82.38050040965526,94.49956040839479,94.5109526235354,94.50764626356832,53.94214407260351,27.453204764605786
4,far,123,B14,L1,82.70951345559968,94.34065355769837,94.33167443865355,94.33314393197226,52.29722064662508,27.73681225184345
4,far,123,B14,L2,82.39827629671646,94.50175994201801,94.51560601904464,94.51070770798229,53.998865570051045,27.39648326715825
4,far,123,L14,L0,84.59074494233315,95.09920274784143,95.11222030643835,95.11271013754457,54.225751559841186,23.312535450935904
4,far,123,L14,L1,84.64326274658096,94.87048276296716,94.88004036208315,94.88053019318939,52.92115711854793,23.823028927963698
4,far,123,L14,L2,84.60615113127876,95.09634461460895,95.1131999686508,95.11283259532114,54.16903006239365,23.369256948383438
4,near,125,B14,L0,75.48105777777778,87.71732166666666,87.66064252989611,87.6618995136981,58.379999999999995,45.660000000000004
4,near,125,B14,L1,77.31538111111111,88.83219833333335,88.77272123920503,88.77071006512182,54.08,40.96
4,near,125,B14,L2,75.48636444444443,87.7079888888889,87.65651962302553,87.65822912099625,58.34,45.76
4,near,125,L14,L0,80.25733222222222,91.03504055555554,90.94820824500927,90.94946522881128,49.32,34.68
4,near,125,L14,L1,81.62564777777779,91.61092444444445,91.51958280204818,91.5200353162169,45.46,31.28
4,near,125,L14,L2,80.25717333333333,91.0214838888889,90.93865516811404,90.93810209524116,49.36,34.64
3,far,124,B14,L0,82.78738892040083,94.56866767504884,94.55511905402562,94.55438520961043,54.73624503686897,26.091888825865002
3,far,124,B14,L1,83.15503875968992,94.4066805319216,94.40199018605402,94.39954403800336,52.86443562110039,26.545660805445266
3,far,124,B14,L2,82.80758807588076,94.57384193609376,94.56001135012696,94.56025596493203,54.73624503686897,26.14861032331254
3,far,124,L14,L0,84.63916304279321,95.07580828133862,95.08911317348571,95.08691164024012,53.261486103233125,23.539421440726034
3,far,124,L14,L1,84.73195941261737,94.88493886683055,94.89317671462747,94.89403286644522,51.900170164492344,24.163357912648895
3,far,124,L14,L2,84.65671204386463,95.07592014873639,95.08789009946038,95.08691164024012,53.31820760068066,23.6528644356211
1,near,124,B14,L0,76.55128111111111,88.40653166666667,88.32039513031192,88.31798677814662,56.96,44.12
1,near,124,B14,L1,78.24686222222222,89.43024944444444,89.33390999987958,89.33330791183826,52.94,39.58
1,near,124,B14,L2,76.55541,88.39691777777779,88.3156787739882,88.31236728976089,56.96,44.16
1,near,124,L14,L0,81.21524999999998,91.79157833333332,91.70081843834417,91.69976478427185,48.64,33.28
1,near,124,L14,L1,82.54309444444445,92.33820999999999,92.22905034660202,92.22975278265024,44.92,30.3
1,near,124,L14,L2,81.21288666666668,91.7757422222222,91.6890777215383,91.68687006538676,48.58,33.42
2,near,124,B14,L0,77.01911777777778,88.93540166666666,88.85695592314146,88.85605279107946,57.46,43.76
2,near,124,B14,L1,78.75073222222223,89.97316166666666,89.89646092649308,89.89610970846897,53.28000000000001,39.739999999999995
2,near,124,B14,L2,77.0225988888889,88.92321888888888,88.85013225867309,88.84968069264208,57.46,43.76
2,near,124,L14,L0,81.54515333333335,92.07174833333333,91.99242974636037,91.99097470026051,48.3,33.56
2,near,124,L14,L1,82.88950222222222,92.58901888888889,92.50269936138528,92.5024986653715,44.54,30.599999999999998
2,near,124,L14,L2,81.54711888888889,92.05934166666665,91.9789831134374,91.97662493527554,48.28,33.739999999999995
1,far,124,B14,L0,82.77748156551333,94.52847891851013,94.55829904649148,94.55939981311428,54.225751559841186,25.638116846284742
1,far,124,B14,L1,83.09229217873573,94.32819058423142,94.36358566165859,94.361384128413,52.92115711854793,26.03516732841747
1,far,124,B14,L2,82.79665658284489,94.53127560345371,94.55927750571176,94.55903289090669,54.16903006239365,25.751559841179805
1,far,124,L14,L0,84.86634524484779,95.20754080796621,95.2642573739133,95.26009892222717,52.524106636415205,22.51843448667045
1,far,124,L14,L1,84.92135879498329,94.99211413625763,95.03823329403188,95.03970098286229,51.616562677254684,22.80204197390811
1,far,124,L14,L2,84.88218314741287,95.20621573076197,95.25740815937144,95.25863123339677,52.58082813386273,22.34826999432785
0,near,123,B14,L0,76.67022444444444,88.27584,88.18439295227704,88.18534572675631,57.48,44.76
0,near,123,B14,L1,78.33590333333333,89.28647722222223,89.15923168265991,89.15908124458423,53.26,40.38
0,near,123,B14,L2,76.6733088888889,88.26616999999999,88.17827513719952,88.17927805770404,57.49999999999999,44.96
0,near,123,L14,L0,80.89000444444446,91.20641722222223,91.09296270740396,91.091859494849,48.16,35.52
0,near,123,L14,L1,82.13082888888889,91.6892711111111,91.54959241310696,91.54858949260246,44.519999999999996,32.64
0,near,123,L14,L2,80.89120111111112,91.19149777777777,91.08313408645976,91.08137897557688,48.14,35.68
1,near,125,B14,L0,75.93973333333334,88.066175,87.98172647227999,87.98057004718214,58.02,44.64
1,near,125,B14,L1,77.71030666666667,89.12434388888887,89.00531352192783,89.00395597942166,53.900000000000006,40.699999999999996
1,near,125,B14,L2,75.94453555555556,88.05335888888888,87.97398345205964,87.97498903910125,58.02,44.64
1,near,125,L14,L0,80.62321,91.38615277777778,91.29966091604958,91.29971119540166,49.02,33.98
1,near,125,L14,L1,82.00370666666667,91.95569166666668,91.86037625044749,91.86097960267244,45.739999999999995,30.759999999999998
1,near,125,L14,L2,80.61871111111111,91.36819222222223,91.28407431690472,91.282364818934,49.04,34.04
2,far,125,B14,L0,83.55833490893049,94.86045251150185,94.89909353131014,94.89848138335643,50.87918321043675,24.95745887691435
2,far,125,B14,L1,83.91732841747022,94.67965273838784,94.7105519615669,94.71104167992988,49.23425978445831,24.446965399886558
2,far,125,B14,L2,83.57832608558644,94.86482952038824,94.90545987002875,94.90288884862316,50.87918321043675,24.787294384571755
2,far,125,L14,L0,85.57262242389865,95.56926640196635,95.60796086170843,95.60796086170843,49.85819625638117,20.41973908111174
2,far,125,L14,L1,85.66724963761266,95.37169282157937,95.40252400844274,95.40215671967051,48.723766307430516,21.27056154282473
2,far,125,L14,L2,85.58976492090503,95.56927427995208,95.60624684743804,95.60955244638808,49.80147475893364,20.589903573454336
1,far,123,B14,L0,82.57727673788365,94.24477059305478,94.26309808378072,94.2628531682276,54.39591605218378,26.65910380034033
1,far,123,B14,L1,82.88803176403856,93.98919770593054,94.00544692190132,94.0028753085936,52.80771412365286,27.39648326715825
1,far,123,B14,L2,82.59670385075944,94.24834404739396,94.269955719268,94.26836376817273,54.339194554736245,26.772546795235396
1,far,123,L14,L0,84.86538097939119,94.85527352366547,94.90894039735099,94.90232767741682,53.43165059557572,22.858763471355644
1,far,123,L14,L1,84.93695405558707,94.57038665154091,94.61675614248207,94.61406207139778,52.524106636415205,23.085649461145774
1,far,123,L14,L2,84.882580197895,94.85448257389551,94.90551157960735,94.89877640189663,53.54509359047079,22.972206466250707
0,far,124,B14,L0,81.75302514653053,93.4809778155921,93.49520310367265,93.49532541107519,56.21100397050483,30.23255813953488
0,far,124,B14,L1,81.97296590407764,93.16908678389112,93.19603919707636,93.19530535266117,55.3034600113443,30.799773114010208
0,far,124,B14,L2,81.77283040272263,93.48637266023823,93.50180770340944,93.50193001081198,56.21100397050483,30.289279636982418
0,far,124,L14,L0,83.86459002962124,94.24412932501419,94.27283356897892,94.27026511352572,55.07657402155417,27.33976176971072
0,far,124,L14,L1,83.85176151761517,93.94913499716394,94.00180036496529,94.00094421314756,53.82870107770845,28.417470221213843
0,far,124,L14,L2,83.88395411861096,94.24497384508727,94.27405664300426,94.27148818755106,55.07657402155417,27.453204764605786
0,near,124,B14,L0,76.77697,88.679545,88.57427558773827,88.5737236737004,57.18,45.04
0,near,124,B14,L1,78.5030511111111,89.71463944444444,89.61899868744807,89.61839659940674,52.7,40.46
0,near,124,B14,L2,76.78066111111113,88.66861777777775,88.56283591495306,88.56248469692895,57.18,45.24
0,near,124,L14,L0,81.28177666666667,91.77754944444445,91.70041704631663,91.70001565428907,48.04,33.879999999999995
0,near,124,L14,L1,82.58570444444445,92.27607333333333,92.18469652755756,92.18464635355413,44.6,30.620000000000005
0,near,124,L14,L2,81.28007444444444,91.76011222222222,91.68556554129722,91.68471258323868,48.04,33.92
4,near,123,B14,L0,76.21632111111111,87.89358111111112,87.82213806604834,87.82133572964473,57.120000000000005,45.04
4,near,123,B14,L1,77.91063666666666,88.94553611111111,88.85023187522064,88.85033216727109,52.76,40.739999999999995
4,near,123,B14,L2,76.22252444444445,87.88435888888888,87.81291119740685,87.81446572418884,57.24,45.04
4,near,123,L14,L0,80.51224444444445,90.81127444444445,90.7343183349915,90.73351599858789,47.86,35.160000000000004
4,near,123,L14,L1,81.76260111111111,91.34806333333333,91.24079318976861,91.2376339901794,44.66,32.14
4,near,123,L14,L2,80.51267222222222,90.79925277777777,90.72629497095542,90.72489088224911,47.9,35.24
4,near,124,B14,L0,76.35602111111112,88.230075,88.1481979504923,88.14473594425468,57.699999999999996,44.16
4,near,124,B14,L1,78.11667111111112,89.3347711111111,89.23687347721899,89.23486651708124,53.0,39.62
4,near,124,B14,L2,76.36052888888888,88.2188538888889,88.13976871791373,88.13791227978629,57.76,44.24
4,near,124,L14,L0,80.83728333333333,91.42101555555556,91.30083128288906,91.3021358069786,47.760000000000005,33.64
4,near,124,L14,L1,82.1530622222222,91.97618,91.84080390795278,91.83904781783224,44.24,30.220000000000002
4,near,124,L14,L2,80.83641333333334,91.40641055555557,91.28868917405562,91.28803691201085,47.72,33.7
3,near,124,B14,L0,77.42558888888888,89.20677388888888,89.13572268627601,89.13622442631045,55.94,43.38
3,near,124,B14,L1,79.18886,90.18963444444444,90.09545102415176,90.09479876210699,51.38,38.5
3,near,124,B14,L2,77.42875444444444,89.19483222222222,89.12438336149768,89.12413249148045,56.04,43.38
3,near,124,L14,L0,81.91055777777778,92.26164333333334,92.16101439793202,92.16111474593892,46.68,31.36
3,near,124,L14,L1,83.2316,92.71643833333334,92.61268077693441,92.61398530102394,43.64,28.82
3,near,124,L14,L2,81.91050777777778,92.24726999999999,92.14756776500906,92.14847089707104,46.660000000000004,31.319999999999997
1,near,123,B14,L0,76.46152666666666,88.05566777777778,88.00958390834109,88.01259266985461,56.8,45.04
1,near,123,B14,L1,78.10023888888888,89.05873944444444,88.98652877178343,88.98738125421227,53.36,41.8
1,near,123,B14,L2,76.46576222222222,88.04592111111111,88.00166083635547,88.00537164222214,56.74,45.0
1,near,123,L14,L0,80.81828555555556,91.23317111111112,91.16386918707276,91.16492225360248,48.6,34.699999999999996
1,near,123,L14,L1,82.08745444444445,91.775935,91.70434304695273,91.70293895824642,45.42,31.759999999999998
1,near,123,L14,L2,80.81546777777777,91.21800555555556,91.15093151256458,91.15263647742225,48.58,34.78
3,near,123,B14,L0,77.16047333333333,88.82694722222222,88.74171587663275,88.74076310215347,56.39999999999999,43.7
3,near,123,B14,L1,78.84531388888888,89.78101555555557,89.6645030328316,89.66324938220097,52.12,39.26
3,near,123,B14,L2,77.16489833333333,88.81593555555555,88.73198754773901,88.7303828749318,56.49999999999999,43.62
3,near,123,L14,L0,81.59321666666666,91.82911166666665,91.74084935331686,91.74089949934208,47.52,33.58
3,near,123,L14,L1,82.88085833333334,92.29646666666667,92.19968548412979,92.19788022722167,43.86,31.1
3,near,123,L14,L2,81.59158277777779,91.81459611111113,91.72751051060689,91.7265577361276,47.52,33.56
1,far,125,B14,L0,83.17909812819059,94.69340770151888,94.70834822893354,94.70724636261686,53.034600113443,25.070901871809415
1,far,125,B14,L1,83.51943971765299,94.47796054704733,94.51735806737545,94.51637863064951,51.559841179807144,26.03516732841747
1,far,125,B14,L2,83.19711665721307,94.69606573391317,94.70932766565947,94.71006224320394,53.034600113443,25.241066364152015
1,far,125,L14,L0,85.49795172370328,95.3273303081868,95.33078026826772,95.33322886008257,50.538854225751564,20.589903573454336
1,far,125,L14,L1,85.59769332577048,95.09843385643161,95.13440320471696,95.13036302822248,49.177538287010776,21.554169030062393
1,far,125,L14,L2,85.51363206655323,95.32398846662885,95.3295559723603,95.32820924686213,50.59557572319909,20.589903573454336
0,far,125,B14,L0,82.38106132224112,93.75534915232873,93.81240848388092,93.81008232165682,55.700510493477026,29.55190017016449
0,far,125,B14,L1,82.63783954118611,93.45019537404677,93.482583166421,93.47952242665244,54.39591605218378,30.23255813953488
0,far,125,B14,L2,82.40019537404677,93.75807178420621,93.81363277978835,93.80910288493088,55.700510493477026,29.55190017016449
0,far,125,L14,L0,84.63539421440727,94.54805886430957,94.56779905876131,94.56975793221318,51.78672716959728,27.226318774815656
0,far,125,L14,L1,84.65848616625699,94.24167927144387,94.276171773613,94.2776409287019,51.50311968235961,28.701077708451507
0,far,125,L14,L2,84.65219953362325,94.54764763345307,94.56535046694646,94.56706448121685,51.78672716959728,27.169597277368123
3,far,123,B14,L0,82.55582970945989,94.46143253292999,94.40980250009797,94.4088228378855,53.998865570051045,25.751559841179805
3,far,123,B14,L1,82.94282788176719,94.31604273019474,94.27877267918022,94.27595615031937,52.24049914917753,25.694838343732272
3,far,123,B14,L2,82.57556563937732,94.46277021491143,94.41151690896979,94.40784317567302,54.05558706749858,25.694838343732272
3,far,123,L14,L0,84.54301065103674,95.00331978319782,95.03899055605628,95.04119479603433,53.82870107770845,22.688598979013047
3,far,123,L14,L1,84.63905590218694,94.82183935211445,94.83375132254399,94.83828226027666,52.977878615995465,22.972206466250707
3,far,123,L14,L2,84.56102918005925,95.00099262620533,95.03237783612211,95.0300511383675,53.94214407260351,22.745320476460577
2,far,124,B14,L0,83.18477973151823,94.53681855423206,94.58765282309946,94.58801974530707,53.20476460578559,25.46795235394214
2,far,124,B14,L1,83.5068034284994,94.31493981218884,94.38144254242843,94.37593870931444,51.389676687464544,26.65910380034033
2,far,124,B14,L2,83.20647885548622,94.54302955820256,94.5940128080312,94.59486895984892,53.14804310833806,25.52467385138968
2,far,124,L14,L0,85.22615806390623,95.23809478792464,95.32614491959511,95.32247569751911,52.013613159387404,21.27056154282473
2,far,124,L14,L1,85.26820129829204,95.00036396294198,95.07908396647798,95.07896165907546,51.162790697674424,22.34826999432785
2,far,124,L14,L2,85.245345686015,95.23986418352554,95.32394338634951,95.31782801622285,52.013613159387404,21.157118547929667
2,near,123,B14,L0,76.87677333333335,88.54665722222222,88.43432074200071,88.43341811354665,56.940000000000005,44.34
2,near,123,B14,L1,78.54267000000002,89.53727222222221,89.42961905067557,89.43022080297827,52.32,40.68
2,near,123,B14,L2,76.88120222222223,88.5370388888889,88.4274005905196,88.42810263487274,56.96,44.34
2,near,123,L14,L0,81.29341555555555,91.52760055555555,91.39163243364678,91.39283593825219,47.660000000000004,34.98
2,near,123,L14,L1,82.55489444444444,92.03717944444443,91.87273339965981,91.87117887287782,44.440000000000005,32.24
2,near,123,L14,L2,81.29321111111112,91.51653,91.38641724702333,91.38611637087197,47.78,35.06
0,far,123,B14,L0,81.37480620155038,93.32187243965463,93.30890708883577,93.30425369332654,57.28871242200794,31.70731707317073
0,far,123,B14,L1,81.60744942333145,93.03801128127559,93.00447705631099,93.00239527410949,55.41690300623936,31.820760068065795
0,far,123,B14,L2,81.39468708640575,93.3261328543518,93.30866217328266,93.3073151377405,57.28871242200794,31.820760068065795
0,far,123,L14,L0,83.67542383563371,94.12972994264828,94.12888436067244,94.12814961401308,57.11854792966534,26.71582529778786
0,far,123,L14,L1,83.70828764101594,93.84430579189514,93.8577628433716,93.86535522551824,55.1332955190017,27.73681225184345
0,far,123,L14,L2,83.69591920337808,94.13178924812502,94.13206826286296,94.12949664955524,56.89166193987521,26.71582529778786
3,far,125,B14,L0,83.20626457427365,94.74394182895318,94.76466584067502,94.76491069985651,52.46738513896767,24.50368689733409
3,far,125,B14,L1,83.58289216613096,94.56165311653115,94.57392053829842,94.57220652402803,50.992626205331824,25.070901871809415
3,far,125,B14,L2,83.22568223356652,94.74532205205773,94.7636864039491,94.76405369272132,52.46738513896767,24.67385138967669
3,far,125,L14,L0,85.2373448036806,95.29856463099514,95.27887012179296,95.28009441770038,50.538854225751564,22.234826999432787
3,far,125,L14,L1,85.35639062204575,95.13052561920968,95.10477524375732,95.1050201029388,49.461145774248436,22.631877481565514
3,far,125,L14,L2,85.25383185227201,95.29653526186425,95.2781355442485,95.27960469933741,50.538854225751564,22.17810550198525
