stream,view,solver,scope,metric,mean,lo,hi,n,unit
far,B14,L0,global,AUROC pLP-minus-raw,11.67270120375623,11.434789921848415,11.910612485664045,5,"support/calibration draw, after averaging matched orders"
far,B14,L0,within_batch,AUROC pLP-minus-raw,-0.0010448070203125325,-0.0025935861008682002,0.0005039720602431352,5,"support/calibration draw, after averaging matched orders"
far,B14,L1,global,AUROC pLP-minus-raw,11.13703262536502,10.880462267168781,11.393602983561259,5,"support/calibration draw, after averaging matched orders"
far,B14,L1,within_batch,AUROC pLP-minus-raw,-0.0017788732533423018,-0.0029758086989016648,-0.0005819378077829389,5,"support/calibration draw, after averaging matched orders"
far,B14,L2,global,AUROC pLP-minus-raw,11.656727799836135,11.418992633003697,11.894462966668574,5,"support/calibration draw, after averaging matched orders"
far,B14,L2,within_batch,AUROC pLP-minus-raw,-0.0015751754477643467,-0.003562206081243938,0.00041185518571524443,5,"support/calibration draw, after averaging matched orders"
far,L14,L0,global,AUROC pLP-minus-raw,10.20855706812882,10.002423584107774,10.414690552149867,5,"support/calibration draw, after averaging matched orders"
far,L14,L0,within_batch,AUROC pLP-minus-raw,-0.000497290664100092,-0.0027141264123838275,0.0017195450841836432,5,"support/calibration draw, after averaging matched orders"
far,L14,L1,global,AUROC pLP-minus-raw,9.914793281653754,9.693094173056593,10.136492390250915,5,"support/calibration draw, after averaging matched orders"
far,L14,L1,within_batch,AUROC pLP-minus-raw,0.0004899119254455778,-0.001748542951818597,0.0027283668027097527,5,"support/calibration draw, after averaging matched orders"
far,L14,L2,global,AUROC pLP-minus-raw,10.190807335980335,9.984770033505756,10.396844638454914,5,"support/calibration draw, after averaging matched orders"
far,L14,L2,within_batch,AUROC pLP-minus-raw,-0.0007995586858110453,-0.0025447210099347212,0.0009456036383126307,5,"support/calibration draw, after averaging matched orders"
near,B14,L0,global,AUROC pLP-minus-raw,11.909948962962964,11.855289698022753,11.964608227903176,5,"support/calibration draw, after averaging matched orders"
near,B14,L0,within_batch,AUROC pLP-minus-raw,-0.00047525380527228356,-0.0009581469239349953,7.639313390428177e-06,5,"support/calibration draw, after averaging matched orders"
near,B14,L1,global,AUROC pLP-minus-raw,11.204592296296298,11.118546421682135,11.29063817091046,5,"support/calibration draw, after averaging matched orders"
near,B14,L1,within_batch,AUROC pLP-minus-raw,-0.00047876653617133036,-0.0011704499005153334,0.00021291682817267264,5,"support/calibration draw, after averaging matched orders"
near,B14,L2,global,AUROC pLP-minus-raw,11.894941555555556,11.840323860163737,11.949559250947376,5,"support/calibration draw, after averaging matched orders"
near,B14,L2,within_batch,AUROC pLP-minus-raw,0.0002714283183924711,-0.00028859070536182995,0.0008314473421467722,5,"support/calibration draw, after averaging matched orders"
near,L14,L0,global,AUROC pLP-minus-raw,10.496161555555554,10.397221261345672,10.595101849765436,5,"support/calibration draw, after averaging matched orders"
near,L14,L0,within_batch,AUROC pLP-minus-raw,-0.00011047498496073633,-0.0011509402664398435,0.0009299902965183708,5,"support/calibration draw, after averaging matched orders"
near,L14,L1,global,AUROC pLP-minus-raw,9.700547592592594,9.558404937922838,9.84269024726235,5,"support/calibration draw, after averaging matched orders"
near,L14,L1,within_batch,AUROC pLP-minus-raw,-0.0007626640062748417,-0.0015696828734071762,4.435486085749274e-05,5,"support/calibration draw, after averaging matched orders"
near,L14,L2,global,AUROC pLP-minus-raw,10.48267707407407,10.383492726931673,10.581861421216468,5,"support/calibration draw, after averaging matched orders"
near,L14,L2,within_batch,AUROC pLP-minus-raw,-0.0008032662626362708,-0.00103271972549372,-0.0005738127997788214,5,"support/calibration draw, after averaging matched orders"
