draw,stream,seed,solver,solve_seconds,graph_seconds,solve_mean_batch_ms,solve_p95_batch_ms,cache_mean_batch_ms,relative_residual_max,iterations_mean,rank_reversals,raw_tie_fraction,p_tie_fraction,unconverged,evaluations
0,far,123,L0,1.6679351925849843,30.87834458053112,21.38378452032031,29.6844465658068,417.25999709123215,0.0036593574105264,15.0,0,0.0,0.07447062358597285,156,156
0,far,123,L1,1.6181729063391606,30.87834458053112,20.74580649152769,28.68997622281301,416.6220190624395,0.1742189060966831,15.0,0,0.0,0.07692356790472599,156,156
0,far,123,L2,35.82904478907585,30.87834458053112,459.346728065075,633.5676543414592,855.2229406359868,9.998077156769617e-09,171.4551282051282,0,0.0,0.07609773677099045,0,156
0,far,123,class_L2,194.58156356960535,30.87834458053112,2494.6354303795556,3693.795995041728,2890.5116429504674,9.995429523107318e-09,174.87179487179486,0,,,0,156
0,far,124,L0,1.7113636769354268,31.2096335478127,21.94055996071061,31.4971774816512,422.0640669839503,0.0036918287072348,15.0,0,0.0,0.07592343828557063,156,156
0,far,124,L1,1.669963721185915,31.2096335478127,21.409791297255317,30.55604491382826,421.5332983204951,0.1741968492553651,15.0,0,0.0,0.07805233471593766,156,156
0,far,124,L2,35.51488209888339,31.2096335478127,455.31900126773576,637.1992548927664,855.4425082909755,9.996181427289053e-09,171.4551282051282,0,0.0,0.07619887899069884,0,156
0,far,124,class_L2,197.94362449273467,31.2096335478127,2537.7387755478803,3707.229499332607,2937.8622825711204,9.997041908041246e-09,174.71153846153845,0,,,0,156
0,far,125,L0,1.7167838029563351,30.87979410588741,22.010048755850452,31.747137196361937,417.9048449851763,0.0036906460431212,15.0,0,0.0,0.07484524258421317,156,156
0,far,125,L1,1.6789745576679627,30.87979410588741,21.525314841896964,30.79848624765868,417.4201110712228,0.1741989651361677,15.0,0,0.0,0.07517027243589744,156,156
0,far,125,L2,36.54881462454796,30.87979410588741,468.57454646856354,680.7725878432392,864.4693426978894,9.999350829369933e-09,171.4551282051282,0,0.0,0.07381810897435898,0,156
0,far,125,class_L2,199.838734485209,30.87979410588741,2562.035057502679,3723.1677388772364,2957.929853732005,9.996714036918581e-09,174.64743589743588,0,,,0,156
0,near,123,L0,2.1026633344590575,38.230450727045536,23.36292593843397,34.40942373126737,448.1457117944954,0.0036786734733681,15.0,0,0.0,0.10005626286008232,180,180
0,near,123,L1,2.042853426188222,38.230450727045536,22.698371402091354,32.54291340708723,447.4811572581528,0.1742452768167569,15.0,0,0.00034722222222222224,0.10777150848765432,180,180
0,near,123,L2,44.7430319711566,38.230450727045536,497.14479967951775,718.8026171177626,921.9275855355793,9.998315466016592e-09,171.15,0,0.00034722222222222224,0.1005811149691358,0,180
0,near,123,class_L2,242.20261154323816,38.230450727045536,2691.140128258202,4070.199073292315,3115.922914114263,9.996767744626896e-09,175.0,0,,,0,180
0,near,124,L0,2.14750784263014,38.77255183458328,23.861198251445998,35.08180379867542,454.6673297468157,0.0036721824806582,15.0,0,0.0,0.10206645447530865,180,180
0,near,124,L1,2.085048496723166,38.77255183458328,23.167205519146293,33.91368538141236,453.973337014516,0.1742473776240458,15.0,0,2.170138888888889e-05,0.10691550925925924,180,180
0,near,124,L2,44.53969620913267,38.77255183458328,494.8855134348075,716.9796923175454,925.6916449301773,9.992007961337918e-09,171.15555555555557,0,2.170138888888889e-05,0.10094682355967079,0,180
0,near,124,class_L2,242.72662077099085,38.77255183458328,2696.962453011009,4073.849371261895,3127.7685845063793,9.988692307836212e-09,175.0,0,,,0,180
0,near,125,L0,2.0985544733703057,39.51859264075756,23.31727192633673,33.824807778000725,462.4127457125318,0.0037745089156156,15.0,0,0.0,0.09984407150205761,180,180
0,near,125,L1,2.043509915471068,39.51859264075756,22.705665727456317,33.273786120116625,461.8011395136514,0.174220054641228,15.0,0,0.0,0.10694042566872428,180,180
0,near,125,L2,44.42264720797539,39.51859264075756,493.58496897750433,708.3954965695738,932.6804427636995,9.998620069291416e-09,171.13888888888889,0,0.0,0.09966001157407409,0,180
0,near,125,class_L2,243.1402276493609,39.51859264075756,2701.558084992899,4071.0909420624375,3140.653558779094,9.99815767809605e-09,175.0,0,,,0,180
1,far,123,L0,1.6887526176869785,30.375500191003084,21.650674585730496,29.98971380293356,411.0801642139751,0.0036513942373608,15.0,0,0.0,0.08098104025263951,156,156
1,far,123,L1,1.64009287580847,30.375500191003084,21.02683174113423,29.173584654927147,410.45632136937894,0.1740807838132922,15.0,0,0.0,0.08448566726370035,156,156
1,far,123,L2,35.87258021906018,30.375500191003084,459.90487460333566,640.3053700923919,849.3343642315804,9.9992916230855e-09,171.44871794871796,0,0.0,0.08140672134238311,0,156
1,far,123,class_L2,194.877883952111,30.375500191003084,2498.434409642449,3680.1611460745335,2887.8638992706933,9.996708157112976e-09,174.35897435897436,0,,,0,156
1,far,124,L0,1.6802997998893185,31.154931154102087,21.54230512678614,31.35435897856937,420.96449941014623,0.0035384000262946,15.0,0,0.0,0.08138315422322775,156,156
1,far,124,L1,1.6341426819562832,31.154931154102087,20.950547204567737,29.948215559124797,420.3727414879277,0.1740914378111745,15.0,0,0.0,0.08285855407868276,156,156
1,far,124,L2,35.53016223758459,31.154931154102087,455.5149004818537,638.5637715458868,854.9370947652138,9.995150156205562e-09,171.4551282051282,0,0.0,0.07982919730392157,0,156
1,far,124,class_L2,195.5910664498806,31.154931154102087,2507.5777749984695,3677.237376943231,2906.999969281829,9.994443377273574e-09,174.64743589743588,0,,,0,156
1,far,125,L0,1.6975369080901075,31.11378102004528,21.763293693462916,30.705030076205674,420.6579221555819,0.0035582308899099,15.0,0,0.0,0.07985374638637506,156,156
1,far,125,L1,1.644120860844843,31.11378102004528,21.07847257493389,29.651110805570998,419.97310103705286,0.1741188437381308,15.0,0,0.0,0.08300879446329813,156,156
1,far,125,L2,35.87523002550006,31.11378102004528,459.93884648077,654.5898266136644,858.833474942889,9.999539414284945e-09,171.44871794871796,0,0.0,0.07965391685520362,0,156
1,far,125,class_L2,194.98801953718066,31.11378102004528,2499.8464043228287,3667.9361628368497,2898.741032784948,9.996233706635126e-09,174.16666666666666,0,,,0,156
1,near,123,L0,2.112780522555105,38.916924208402634,23.475339139501166,33.719293028116105,455.8856081217526,0.0036218257757402,15.0,0,0.0,0.11154433513374484,180,180
1,near,123,L1,2.0434785783290774,38.916924208402634,22.705317536989742,32.86660332232704,455.11558651924116,0.1741201666293655,15.0,0,0.00023871527777777777,0.1177613811728395,180,180
1,near,123,L2,43.92685129493475,38.916924208402634,488.076125499275,700.1868622377515,920.4863944815264,9.999227484381517e-09,171.14444444444445,0,0.00023871527777777777,0.11154272762345678,0,180
1,near,123,class_L2,242.65948524698615,38.916924208402634,2696.21650274429,4061.1035706475373,3128.626771726542,9.992006583593446e-09,174.66666666666666,0,,,0,180
1,near,124,L0,2.1147492006421,38.3988814689219,23.497213340467777,34.5732200890779,450.1514518840444,0.0035864789816318,15.0,0,0.0,0.11032664609053498,180,180
1,near,124,L1,2.0523465797305027,38.3988814689219,22.803850885894477,33.38224571198216,449.4580894294711,0.1741433447513301,15.0,0,0.0,0.1163917824074074,180,180
1,near,124,L2,44.271072424948215,38.3988814689219,491.9008047216468,715.6448923051357,918.5550432652235,9.999760680163536e-09,171.13888888888889,0,0.0,0.11035879629629629,0,180
1,near,124,class_L2,249.71257063373923,38.3988814689219,2774.5841181526584,4146.657586656511,3201.238356696235,9.997258998697374e-09,174.86111111111111,0,,,0,180
1,near,125,L0,2.0995570942759425,38.735986821353436,23.328412158621585,33.79135262221087,453.72826572921525,0.0035244952045001,15.0,0,0.0,0.10942001028806583,180,180
1,near,125,L1,2.032639276236287,38.735986821353436,22.58488084706985,32.84272756427521,452.9847344176635,0.1741529609039375,15.0,0,6.510416666666667e-05,0.11699379501028806,180,180
1,near,125,L2,44.03082614764571,38.735986821353436,489.23140164050795,717.4982134252785,919.6312552111017,9.99990735573895e-09,171.13888888888889,0,6.510416666666667e-05,0.10939268261316873,0,180
1,near,125,class_L2,244.22812650352716,38.735986821353436,2713.6458500391905,4081.3399158418183,3144.0457036097846,9.995739455783436e-09,174.58333333333334,0,,,0,180
2,far,123,L0,1.7069677896797577,31.000692993402478,21.884202431791763,32.265794835984565,419.32898439849026,0.0036404713269837,15.0,0,0.0,0.07702421914278532,156,156
2,far,123,L1,1.6750286631286064,31.000692993402478,21.47472645036675,32.01012462377539,418.91950841706523,0.1740124016363519,15.0,0,0.0,0.07712437939919557,156,156
2,far,123,L2,35.97932185232639,31.000692993402478,461.27335708110763,665.6805312260985,858.7181390478061,9.994593197451065e-09,171.4551282051282,0,0.0,0.07800078164278532,0,156
2,far,123,class_L2,201.32156132161617,31.000692993402478,2581.0456579694383,3724.2494251579033,2978.4904399361367,9.989754099178667e-09,174.32692307692307,0,,,0,156
2,far,124,L0,1.703609306365244,31.00707248598337,21.84114495340056,30.985746718943094,419.3677152865207,0.0036430013730216,15.0,0,0.0,0.07855166305304173,156,156
2,far,124,L1,1.6604755111038605,31.00707248598337,21.288147578254627,29.99291289597746,418.8147179113747,0.1740075869584875,15.0,0,0.0,0.07790013040472599,156,156
2,far,124,L2,35.999009158462286,31.00707248598337,461.5257584418242,650.0995226204394,859.0523287749443,9.999223229382024e-09,171.44230769230768,0,0.0,0.07667316726370035,0,156
2,far,124,class_L2,196.28772142529488,31.00707248598337,2516.509249042242,3680.4966710507865,2914.035819375362,9.996538197627433e-09,174.23076923076923,0,,,0,156
2,far,125,L0,1.6796720102429321,31.004499681293964,21.534256541576053,30.6854244321584,419.02784219919096,0.0035756457350963,15.0,0,0.0,0.0820818211098542,156,156
2,far,125,L1,1.6349438354372905,31.004499681293964,20.960818403042186,29.6164432540535,418.45440406065705,0.1740228067286909,15.0,0,0.0,0.07760014061714429,156,156
2,far,125,L2,35.66934026032686,31.004499681293964,457.2992341067547,642.8969226777552,854.7928197643696,9.997453372947486e-09,171.4551282051282,0,0.0,0.07842646273252891,0,156
2,far,125,class_L2,195.11615100875497,31.004499681293964,2501.4891154968586,3666.7523497715592,2898.9827011544735,9.99727701295999e-09,174.48717948717947,0,,,0,156
2,near,123,L0,2.0923933610320002,39.19397892802954,23.24881512257778,34.33937020599831,458.73746987846147,0.0036906545012732,15.0,0,0.0,0.10560217335390945,180,180
2,near,123,L1,2.0365582630038173,39.19397892802954,22.628425144486858,32.802719995379384,458.1170799003705,0.1740672015560067,15.0,0,0.0003255208333333333,0.11291795267489711,180,180
2,near,123,L2,44.0832604765892,39.19397892802954,489.81400529543555,725.0510221347213,925.3026600513193,9.999803171178373e-09,171.14444444444445,0,0.0003255208333333333,0.10344810956790124,0,180
2,near,123,class_L2,242.7189823575318,39.19397892802954,2696.877581750353,4074.0217365324493,3132.366236506237,9.984027910551269e-09,174.22222222222223,0,,,0,180
2,near,124,L0,2.101869050413362,39.02592933923006,23.354100560148467,34.11620818078511,456.9755376627046,0.0036421806178039,15.0,0,0.0,0.10542454346707818,180,180
2,near,124,L1,2.0360910482704555,39.02592933923006,22.623233869671726,32.8640807420014,456.2446709722279,0.1740558172400732,15.0,0,8.680555555555556e-05,0.1128737461419753,180,180
2,near,124,L2,43.997458919882774,39.02592933923006,488.86065466536417,705.1948394626378,922.4820917679205,9.999824422127006e-09,171.13888888888889,0,8.680555555555556e-05,0.10601369598765432,0,180
2,near,124,class_L2,242.4110356606543,39.02592933923006,2693.455951785048,4068.68505384773,3127.0773888876042,9.998162484589964e-09,174.66666666666666,0,,,0,180
2,near,125,L0,2.096623267978421,38.993610590696335,23.29581408864912,34.265617467462995,456.558153985275,0.0036478515335562,15.0,0,0.0,0.10512313528806584,180,180
2,near,125,L1,2.040084671229115,38.993610590696335,22.66760745810128,33.44364482909432,455.9299473547271,0.1740521531729904,15.0,0,0.0,0.11163757073045268,180,180
2,near,125,L2,44.254332944750786,38.993610590696335,491.714810497231,729.2260704562068,924.9771503938568,9.999635414298978e-09,171.11666666666667,0,0.0,0.10556118184156378,0,180
2,near,125,class_L2,249.2176884636283,38.993610590696335,2769.0854273736477,4145.218779146671,3202.3477672702734,9.998496159746121e-09,174.38888888888889,0,,,0,180
3,far,123,L0,1.702205926179878,30.957308035343885,21.823152899742027,31.60021863877762,418.7117174554329,0.0036154786056962,15.0,0,0.0,0.07654796694318754,156,156
3,far,123,L1,1.6474332697689458,30.957308035343885,21.120939356012123,30.376721546053865,418.009503911703,0.1744422780823701,15.0,0,0.0,0.07795021053293112,156,156
3,far,123,L2,35.61445155367255,30.957308035343885,456.5955327393917,638.6933151632546,853.4840972950826,9.990685403165048e-09,171.48076923076923,0,0.0,0.07682291666666667,0,156
3,far,123,class_L2,192.91036059334874,30.957308035343885,2473.2097511967786,3648.4692795202136,2870.0983157524697,9.995309673631026e-09,174.39102564102564,0,,,0,156
3,far,124,L0,1.6974143497645777,30.92384148389101,21.761722432879196,31.235511973500188,418.22122863661,0.0035879838023701,15.0,0,0.0,0.07797672354198089,156,156
3,far,124,L1,1.659455161541693,30.92384148389101,21.275066173611453,30.87071776390064,417.7345723773424,0.1744737982660451,15.0,0,0.0,0.0788015727124183,156,156
3,far,124,L2,36.19292551651597,30.92384148389101,464.0118655963586,679.0915600955486,860.4713718000895,9.984603734827458e-09,171.48076923076923,0,0.0,0.07682488059326295,0,156
3,far,124,class_L2,200.21174252405763,30.92384148389101,2566.817211846893,3728.8391942158332,2963.2767180506235,9.998978566239653e-09,174.32692307692307,0,,,0,156
3,far,125,L0,1.7005672901868745,31.224075898528096,21.80214474598557,30.96110541373479,422.1108101117305,0.0035641851945301,15.0,0,0.0,0.07747592225992961,156,156
3,far,125,L1,1.6608608476817528,31.224075898528096,21.293087790791706,30.54427783936247,421.60175315653646,0.1744585982051093,15.0,0,0.0,0.07664910916289593,156,156
3,far,125,L2,35.83986608684063,31.224075898528096,459.48546265180295,636.6851236671207,859.7941280175478,9.977501349856305e-09,171.48076923076923,0,0.0,0.07905344629839114,0,156
3,far,125,class_L2,195.14835155010223,31.224075898528096,2501.9019429500286,3659.4955628737794,2902.2106083157737,9.998482787911324e-09,174.42307692307693,0,,,0,156
3,near,123,L0,2.1076375469565303,39.06677060946822,23.41819496618367,35.28142701834432,457.493423960275,0.0035562638105437,15.0,0,0.0,0.09937548225308643,180,180
3,near,123,L1,2.043286938220253,39.06677060946822,22.70318820244726,33.8345706462859,456.77841719653856,0.1744704584411507,15.0,0,0.0004991319444444444,0.10574604552469134,180,180
3,near,123,L2,44.25221449881792,39.06677060946822,491.69127220908797,707.2407579049468,925.7665012031794,9.99742239629138e-09,171.1611111111111,0,0.0004991319444444444,0.09772617669753088,0,180
3,near,123,class_L2,243.43979965895414,39.06677060946822,2704.8866628772685,4071.3271457701917,3138.9618918713595,9.99086563347896e-09,174.38888888888889,0,,,0,180
3,near,124,L0,2.08812176808714,39.56884390115738,23.201352978745998,34.004319831728864,462.85517410271683,0.003536080363167,15.0,0,0.0,0.09913676697530865,180,180
3,near,124,L1,2.040565587580195,39.56884390115738,22.672950973113277,33.092298731207734,462.32677209708413,0.1744408575651763,15.0,0,0.00015190972222222222,0.10663580246913579,180,180
3,near,124,L2,44.11932848021388,39.56884390115738,490.21476089126537,709.2952648177743,929.8685820152363,9.993592703332209e-09,171.1611111111111,0,0.00015190972222222222,0.10081983024691357,0,180
3,near,124,class_L2,242.47680670022964,39.56884390115738,2694.1867411136627,4063.1472483277316,3133.8405622376335,9.984095224404506e-09,174.52777777777777,0,,,0,180
3,near,125,L0,2.091246183961621,38.684513319283724,23.236068710684677,33.74419678002585,453.06399448050377,0.0035929305165842,15.0,0,0.0,0.10005626286008229,180,180
3,near,125,L1,2.0357545576989557,38.684513319283724,22.619495085543956,32.646194286644345,452.447420855363,0.1744497315677656,15.0,0,0.0003689236111111111,0.10729890046296298,180,180
3,near,125,L2,44.28048177435994,38.684513319283724,492.0053530484438,723.7513711676002,921.8332788182629,9.991281285858729e-09,171.1611111111111,0,0.0003689236111111111,0.10099344135802468,0,180
3,near,125,class_L2,241.26019862666726,38.684513319283724,2680.668873629636,4049.6805164963002,3110.4967993994555,9.997542861246624e-09,174.52777777777777,0,,,0,180
4,far,123,L0,1.6957792229950348,31.24297048524022,21.740759269167114,31.496149674057847,422.29166292609295,0.0036334342645312,15.0,0,0.0,0.07472102422699849,156,156
4,far,123,L1,1.650451492518179,31.24297048524022,21.159634519463832,30.124556645750875,421.7105381763898,0.1741947042986663,15.0,0,0.0,0.07887914781297134,156,156
4,far,123,L2,35.84369621798396,31.24297048524022,459.53456689723026,641.5584670379757,860.0854705541561,9.995488565152427e-09,171.44871794871796,0,0.0,0.07787607230392157,0,156
4,far,123,class_L2,194.4213920198381,31.24297048524022,2492.5819489722835,3669.705916941166,2893.132852629209,9.998184481795228e-09,173.81410256410257,0,,,0,156
4,far,124,L0,1.68528273329138,30.646852035075423,21.606188888351028,30.238424800336297,414.5145483123949,0.0036254069473593,15.0,0,0.0,0.07862580128205128,156,156
4,far,124,L1,1.6416232213377877,30.646852035075423,21.046451555612666,29.682081006467275,413.95481097965654,0.1742068976775428,15.0,0,0.0,0.078827594739819,156,156
4,far,124,L2,35.7024702988565,30.646852035075423,457.7239781904679,644.9975708499547,850.6323376145118,9.99081861431619e-09,171.44230769230768,0,0.0,0.07975260416666667,0,156
4,far,124,class_L2,194.39578503370285,30.646852035075423,2492.253654278242,3648.170788586139,2885.1620137022855,9.999182947449136e-09,174.10256410256412,0,,,0,156
4,far,125,L0,1.6549214273691106,31.013164971023794,21.21694137652706,30.141908861696642,418.82162049221677,0.0036492205619344,15.0,0,0.0,0.07411858974358974,156,156
4,far,125,L1,1.6076856665313173,31.013164971023794,20.611354699119456,29.279092140495727,418.2160338148092,0.1742179469792296,15.0,0,0.0,0.07845199377828053,156,156
4,far,125,L2,35.060953449457884,31.013164971023794,449.499403198178,639.9504197761416,847.1040823138677,9.990203587772457e-09,171.44871794871796,0,0.0,0.07564603365384616,0,156
4,far,125,class_L2,199.2402215078473,31.013164971023794,2554.361814203171,3702.5222085416317,2951.9664933188606,9.999699216331689e-09,174.16666666666666,0,,,0,156
4,near,123,L0,2.0929577052593142,39.07890339195728,23.255085613992375,35.229858197271724,457.4651233024066,0.00364437481211,15.0,0,0.0,0.10207449202674898,180,180
4,near,123,L1,2.0353372916579167,39.07890339195728,22.61485879619907,34.161051176488286,456.82489648461325,0.1742373970813955,15.0,0,8.680555555555556e-05,0.10979697145061729,180,180
4,near,123,L2,44.18279780074954,39.07890339195728,490.9199755638838,727.4201614782213,925.130013252298,9.998356411615986e-09,171.13333333333333,0,8.680555555555556e-05,0.10286860210905349,0,180
4,near,123,class_L2,249.90045256912708,39.07890339195728,2776.671695212523,4144.313739426434,3210.8817329009375,9.995767077601354e-09,174.30555555555554,0,,,0,180
4,near,124,L0,2.104478642344466,39.1690007224679,23.38309602604962,35.26969831436863,458.5942151645818,0.0035934695879267,15.0,0,0.0,0.10365467463991769,180,180
4,near,124,L1,2.0504861399531285,39.1690007224679,22.783179332812537,34.27107557654368,457.99429847134473,0.1742246240999894,15.0,0,4.340277777777778e-05,0.10843139146090534,180,180
4,near,124,L2,44.5560063906014,39.1690007224679,495.0667376733489,738.919117115438,930.2778568118811,9.999158291428688e-09,171.12777777777777,0,4.340277777777778e-05,0.10174655992798355,0,180
4,near,124,class_L2,243.47798312827945,39.1690007224679,2705.3109236475493,4076.3324277475476,3140.522042786082,9.990295403766205e-09,174.36111111111111,0,,,0,180
4,near,125,L0,2.034366667270652,38.28926087543368,22.604074080785015,32.3688279837369,448.04030603004816,0.00360754645266,15.0,0,0.0,0.10127234439300412,180,180
4,near,125,L1,1.980182763189069,38.28926087543368,22.002030702100765,31.327037326991483,447.4382626513638,0.1742004132224052,15.0,0,0.00013020833333333333,0.10729166666666666,180,180
4,near,125,L2,42.797298699617386,38.28926087543368,475.52554110685986,671.8963636085391,900.961773056123,9.996404143846596e-09,171.11666666666667,0,0.00013020833333333333,0.10159384645061728,0,180
4,near,125,class_L2,242.00946877524257,38.28926087543368,2688.9940975026952,4044.207555986941,3114.430329451958,9.999566437053813e-09,174.16666666666666,0,,,0,180
