stream,solver,metric,mean,lo,hi,n,unit
far,L0,solve_seconds,1.6926061369478629,1.6815298058303603,1.7036824680653655,5,"support/calibration draw, after averaging matched orders"
far,L0,graph_seconds,30.97549751127759,30.903440281687,31.047554740868183,5,"support/calibration draw, after averaging matched orders"
far,L0,solve_mean_batch_ms,21.700078678818752,21.558074433722563,21.84208292391494,5,"support/calibration draw, after averaging matched orders"
far,L0,solve_p95_batch_ms,30.97254329671453,30.577150328210706,31.367936265218354,5,"support/calibration draw, after averaging matched orders"
far,L0,cache_mean_batch_ms,418.8218416439162,417.81488105127147,419.8288022365609,5,"support/calibration draw, after averaging matched orders"
far,L0,relative_residual_max,0.0036216456750647066,0.0035725344557820666,0.0036707568943473465,5,"support/calibration draw, after averaging matched orders"
far,L0,iterations_mean,15.0,15.0,15.0,5,"support/calibration draw, after averaging matched orders"
far,L0,raw_tie_fraction,0.0,0.0,0.0,5,"support/calibration draw, after averaging matched orders"
far,L0,p_tie_fraction,0.07763873177476119,0.07472318299149718,0.0805542805580252,5,"support/calibration draw, after averaging matched orders"
far,L1,solve_seconds,1.6482283515234712,1.634485582299677,1.6619711207472654,5,"support/calibration draw, after averaging matched orders"
far,L1,graph_seconds,30.97549751127759,30.903440281687,31.047554740868183,5,"support/calibration draw, after averaging matched orders"
far,L1,solve_mean_batch_ms,21.131132711839374,20.954943362816373,21.307322060862376,5,"support/calibration draw, after averaging matched orders"
far,L1,solve_p95_batch_ms,30.087623074650672,29.508509399633116,30.666736749668228,5,"support/calibration draw, after averaging matched orders"
far,L1,cache_mean_batch_ms,418.2528956769367,417.20116302205264,419.30462833182077,5,"support/calibration draw, after averaging matched orders"
far,L1,relative_residual_max,0.1741961869788871,0.17398862483777322,0.174403749120001,5,"support/calibration draw, after averaging matched orders"
far,L1,iterations_mean,15.0,15.0,15.0,5,"support/calibration draw, after averaging matched orders"
far,L1,raw_tie_fraction,0.0,0.0,0.0,5,"support/calibration draw, after averaging matched orders"
far,L1,p_tie_fraction,0.07884556466817497,0.0755279375678053,0.08216319176854463,5,"support/calibration draw, after averaging matched orders"
far,L2,solve_seconds,35.80484989260634,35.59710497264461,36.012594812568075,5,"support/calibration draw, after averaging matched orders"
far,L2,graph_seconds,30.97549751127759,30.903440281687,31.047554740868183,5,"support/calibration draw, after averaging matched orders"
far,L2,solve_mean_batch_ms,459.03653708469665,456.37314067493077,461.6999334944625,5,"support/calibration draw, after averaging matched orders"
far,L2,solve_p95_batch_ms,648.3101265629131,642.4763319891734,654.1439211366527,5,"support/calibration draw, after averaging matched orders"
far,L2,cache_mean_batch_ms,856.158300049794,853.011562596435,859.3050375031529,5,"support/calibration draw, after averaging matched orders"
far,L2,relative_residual_max,9.993877444125004e-09,9.986569923455926e-09,1.0001184964794082e-08,5,"support/calibration draw, after averaging matched orders"
far,L2,iterations_mean,171.4568376068376,171.43980791285324,171.47386730082198,5,"support/calibration draw, after averaging matched orders"
far,L2,raw_tie_fraction,0.0,0.0,0.0,5,"support/calibration draw, after averaging matched orders"
far,L2,p_tie_fraction,0.07773872837062176,0.07557225454572732,0.07990520219551621,5,"support/calibration draw, after averaging matched orders"
far,class_L2,solve_seconds,196.45827863141895,195.17479002795423,197.74176723488367,5,"support/calibration draw, after averaging matched orders"
far,class_L2,graph_seconds,30.97549751127759,30.903440281687,31.047554740868183,5,"support/calibration draw, after averaging matched orders"
far,class_L2,solve_mean_batch_ms,2518.695879889987,2502.240897794285,2535.1508619856886,5,"support/calibration draw, after averaging matched orders"
far,class_L2,solve_p95_batch_ms,3685.21528771768,3667.3338703539803,3703.0967050813797,5,"support/calibration draw, after averaging matched orders"
far,class_L2,cache_mean_batch_ms,2915.8176428550837,2898.7697836717794,2932.865502038388,5,"support/calibration draw, after averaging matched orders"
far,class_L2,relative_residual_max,9.996665179480864e-09,9.994529840489556e-09,9.998800518472172e-09,5,"support/calibration draw, after averaging matched orders"
far,class_L2,iterations_mean,174.37820512820514,174.06324740835916,174.69316284805112,5,"support/calibration draw, after averaging matched orders"
far,class_L2,raw_tie_fraction,,,,5,"support/calibration draw, after averaging matched orders"
far,class_L2,p_tie_fraction,,,,5,"support/calibration draw, after averaging matched orders"
near,L0,solve_seconds,2.0990337774157437,2.080560469483205,2.1175070853482825,5,"support/calibration draw, after averaging matched orders"
near,L0,graph_seconds,38.909613291919236,38.69034853825912,39.12887804557935,5,"support/calibration draw, after averaging matched orders"
near,L0,solve_mean_batch_ms,23.322597526841598,23.117338549813386,23.52785650386981,5,"support/calibration draw, after averaging matched orders"
near,L0,solve_p95_batch_ms,34.26796166847141,34.07797559626313,34.457947740679685,5,"support/calibration draw, after averaging matched orders"
near,L0,cache_mean_batch_ms,455.6516341037219,453.2668640084902,458.0364041989536,5,"support/calibration draw, after averaging matched orders"
near,L0,relative_residual_max,0.0036246344684759263,0.0035497506249459764,0.003699518312005876,5,"support/calibration draw, after averaging matched orders"
near,L0,iterations_mean,15.0,15.0,15.0,5,"support/calibration draw, after averaging matched orders"
near,L0,raw_tie_fraction,0.0,0.0,0.0,5,"support/calibration draw, after averaging matched orders"
near,L0,p_tie_fraction,0.1036651770404664,0.09822773015146206,0.10910262392947075,5,"support/calibration draw, after averaging matched orders"
near,L1,solve_seconds,2.039881568898749,2.0242816791468483,2.0554814586506494,5,"support/calibration draw, after averaging matched orders"
near,L1,graph_seconds,38.909613291919236,38.69034853825912,39.12887804557935,5,"support/calibration draw, after averaging matched orders"
near,L1,solve_mean_batch_ms,22.665350765541653,22.492018657187202,22.838682873896104,5,"support/calibration draw, after averaging matched orders"
near,L1,solve_p95_batch_ms,33.15097565452247,33.014790699276446,33.28716060976849,5,"support/calibration draw, after averaging matched orders"
near,L1,cache_mean_batch_ms,454.99438734242193,452.57324017553447,457.4155345093094,5,"support/calibration draw, after averaging matched orders"
near,L1,relative_residual_max,0.17422185568757445,0.17403809910126328,0.17440561227388562,5,"support/calibration draw, after averaging matched orders"
near,L1,iterations_mean,15.0,15.0,15.0,5,"support/calibration draw, after averaging matched orders"
near,L1,raw_tie_fraction,0.00015769675925925925,2.887550902925539e-05,0.00028651800948926315,5,"support/calibration draw, after averaging matched orders"
near,L1,p_tie_fraction,0.11036029663923183,0.10491171979471904,0.11580887348374462,5,"support/calibration draw, after averaging matched orders"
near,L2,solve_seconds,44.16382034942508,43.8362495829414,44.49139111590876,5,"support/calibration draw, after averaging matched orders"
near,L2,graph_seconds,38.909613291919236,38.69034853825912,39.12887804557935,5,"support/calibration draw, after averaging matched orders"
near,L2,solve_mean_batch_ms,490.709114993612,487.0694398104599,494.34879017676406,5,"support/calibration draw, after averaging matched orders"
near,L2,solve_p95_batch_ms,714.3668494746089,710.2475301121372,718.4861688370806,5,"support/calibration draw, after averaging matched orders"
near,L2,cache_mean_batch_ms,923.0381515704923,918.5058352959516,927.5704678450331,5,"support/calibration draw, after averaging matched orders"
near,L2,relative_residual_max,9.997554483793859e-09,9.994589452434712e-09,1.0000519515153006e-08,5,"support/calibration draw, after averaging matched orders"
near,L2,iterations_mean,171.14185185185187,171.12498626462667,171.15871743907707,5,"support/calibration draw, after averaging matched orders"
near,L2,raw_tie_fraction,0.00015769675925925925,2.887550902925539e-05,0.00028651800948926315,5,"support/calibration draw, after averaging matched orders"
near,L2,p_tie_fraction,0.10355024005486968,0.09816172891656881,0.10893875119317055,5,"support/calibration draw, after averaging matched orders"
near,class_L2,solve_seconds,244.10547055254378,242.2970703811964,245.91387072389116,5,"support/calibration draw, after averaging matched orders"
near,class_L2,graph_seconds,38.909613291919236,38.69034853825912,39.12887804557935,5,"support/calibration draw, after averaging matched orders"
near,class_L2,solve_mean_batch_ms,2712.283006139375,2692.1896709021817,2732.3763413765687,5,"support/calibration draw, after averaging matched orders"
near,class_L2,solve_p95_batch_ms,4082.7449775363007,4063.4168769322205,4102.073078140381,5,"support/calibration draw, after averaging matched orders"
near,class_L2,cache_mean_batch_ms,3144.612042716256,3125.6287333463515,3163.5953520861603,5,"support/calibration draw, after averaging matched orders"
near,class_L2,relative_residual_max,9.993829464071483e-09,9.99160626389588e-09,9.996052664247086e-09,5,"support/calibration draw, after averaging matched orders"
near,class_L2,iterations_mean,174.57777777777778,174.22852961799418,174.92702593756138,5,"support/calibration draw, after averaging matched orders"
near,class_L2,raw_tie_fraction,,,,5,"support/calibration draw, after averaging matched orders"
near,class_L2,p_tie_fraction,,,,5,"support/calibration draw, after averaging matched orders"
