draw,stream,seed,view,solver,max_abs_u,mean_abs_u,max_abs_p,changed_p_fraction,spearman_u
3,near,125,B14,L1,0.22171022469628798,0.0852335573245191,0.1788392113301861,0.9658260869565217,0.9974251874769066
3,near,125,B14,L2,0.0331099594532586,0.00041015228958595477,0.02527075812274371,0.7740869565217391,0.9999958295665088
3,near,125,L14,L1,0.2228972410940997,0.08380744993114098,0.17606220494307134,0.9625652173913043,0.997842594033885
3,near,125,L14,L2,0.029316115081424475,0.0004710890155615514,0.02915856706470421,0.7561739130434783,0.9999933050986887
2,near,125,B14,L1,0.2370882556877314,0.08501681501344928,0.19550124965287424,0.9691739130434782,0.9974787277752947
2,near,125,B14,L2,0.013566911023124267,0.0004065308625072513,0.02777006387114689,0.7662173913043479,0.9999958198152299
2,near,125,L14,L1,0.22220478583938164,0.08346158013912422,0.15801166342682588,0.9557391304347826,0.9978031341633492
2,near,125,L14,L2,0.02177300686446798,0.00046813188692057826,0.049153013051929983,0.7594347826086957,0.9999927275541901
4,far,124,B14,L1,0.23726448881702056,0.09109415220433587,0.13107470147181333,0.9768759803673531,0.9984251277474293
4,far,124,B14,L2,0.00871852907077908,0.00042235598351956637,0.023326853651763457,0.8175884228103021,0.9999948230367144
4,far,124,L14,L1,0.22034499930786233,0.09049790749434242,0.15162454873646208,0.9776855740525224,0.9984275983714366
4,far,124,L14,L2,0.017238104178787017,0.0004716615442761256,0.0419327964454318,0.822698982947933,0.9999924322001728
2,far,123,B14,L1,0.27107537400478954,0.09089498234392328,0.1416273257428493,0.9768253807620301,0.9983455736948211
2,far,123,B14,L2,0.008182071234536736,0.00041828869151480446,0.03026936961955007,0.8156656378080251,0.9999950629618812
2,far,123,L14,L1,0.23104887307184296,0.09030201848574236,0.17411830047209104,0.981986540504984,0.998300847319408
2,far,123,L14,L2,0.011857599706229016,0.00046481262364022393,0.038044987503471295,0.816272833071902,0.9999924991993817
4,far,125,B14,L1,0.22848314805466163,0.09106757352118952,0.1257983893362955,0.9769771795779993,0.9983977675119406
4,far,125,B14,L2,0.010315203314949839,0.0004188334365103311,0.028880866425992746,0.8193088093912867,0.9999951171013213
4,far,125,L14,L1,0.24605212904327578,0.09051537601190786,0.15717856151069148,0.9771289783939685,0.9983955755960613
4,far,125,L14,L2,0.02416399228894095,0.0004643158899890445,0.020549847264648702,0.8225977837372869,0.999993128003522
0,near,125,B14,L1,0.22521938526219498,0.08517984580714301,0.20077756178839212,0.9710434782608696,0.9974295609643198
0,near,125,B14,L2,0.016069850605083424,0.00040895057411324733,0.02777006387114689,0.7701739130434783,0.9999956605851812
0,near,125,L14,L1,0.21724648467043384,0.08356973513596412,0.1360733129686198,0.9611304347826087,0.9978023104141902
0,near,125,L14,L2,0.031152927714296695,0.0004678607983680563,0.027492363232435424,0.7576521739130435,0.9999930479769739
4,far,123,B14,L1,0.2368903816878184,0.09117907161037636,0.13496251041377388,0.9771289783939685,0.9983453350226733
4,far,123,B14,L2,0.01004791677238126,0.0004164854900640351,0.029991668980838604,0.8202702018924253,0.9999950234575792
4,far,123,L14,L1,0.24205306899473222,0.09056897752628165,0.14162732574284922,0.9789505641855993,0.9983539819455229
4,far,123,L14,L2,0.014423191014055203,0.0004672045549560481,0.03332407664537629,0.8220917876840561,0.9999929741246975
4,near,125,B14,L1,0.23121037742057537,0.08529181071418226,0.19078033879477924,0.9702173913043478,0.9974220895297569
4,near,125,B14,L2,0.031800313920440054,0.00041049038878031286,0.02471535684532078,0.7723043478260869,0.9999958200647573
4,near,125,L14,L1,0.23580909123070692,0.08376638686357792,0.16134407109136345,0.9529565217391305,0.9978720502904153
4,near,125,L14,L2,0.032046666688165255,0.0004740401945688704,0.036101083032491044,0.7632173913043478,0.9999936781116006
3,far,124,B14,L1,0.22626707858793627,0.09118833893734286,0.13940572063315743,0.9730810099681223,0.9984553555636743
3,far,124,B14,L2,0.010975595186451303,0.0004224754439695265,0.026936961955012495,0.813034458331225,0.9999949689108302
3,far,124,L14,L1,0.21625664837724334,0.09068560033438845,0.14190502638156066,0.9778879724738148,0.9984504036898719
3,far,124,L14,L2,0.007996922484184932,0.00046624726922176027,0.03026936961955018,0.8243687699235946,0.9999929827776802
1,near,124,B14,L1,0.2261473912586225,0.08500421564742451,0.21549569564009996,0.9615217391304348,0.9975980188099574
1,near,124,B14,L2,0.02382379245713925,0.00040204919827677306,0.024993057484032133,0.7703913043478261,0.99999590183775
1,near,124,L14,L1,0.21611947269562515,0.08358405210586028,0.2352124409886142,0.9496521739130435,0.9979547007499477
1,near,124,L14,L2,0.02045364376298745,0.00046540488598717647,0.03887808941960569,0.7528695652173913,0.9999930538768667
2,near,124,B14,L1,0.22410716826041266,0.08500859230129595,0.17023049153013048,0.9714347826086956,0.9976057081953587
2,near,124,B14,L2,0.012825979169250684,0.00040338052829568156,0.02166064981949467,0.7662608695652174,0.9999957829088436
2,near,124,L14,L1,0.22769821623719266,0.08349790075267735,0.15551235767842264,0.9581304347826087,0.9978395970740487
2,near,124,L14,L2,0.029078889867801494,0.00046655479937068053,0.06942515967786722,0.7568695652173913,0.9999927120134646
1,far,124,B14,L1,0.22916370026939326,0.09082664061044621,0.1407942238267148,0.9733846076000607,0.9984670266324778
1,far,124,B14,L2,0.007966773583785058,0.0004202547735065439,0.02721466259372396,0.8131862571471943,0.9999947310159896
1,far,124,L14,L1,0.2169600627608228,0.09038131300369306,0.15690086087197996,0.9748013965491069,0.9984998188859249
1,far,124,L14,L2,0.009417416211950747,0.00046747118804320716,0.029991668980838715,0.8167282295198097,0.9999923917195732
0,near,123,B14,L1,0.22944349161381128,0.0851754767652895,0.19439044709802833,0.9704782608695652,0.9975651046770112
0,near,123,B14,L2,0.03257177626143848,0.00040765708400411873,0.02415995556789774,0.7707391304347826,0.9999957437532565
0,near,123,L14,L1,0.23247553677974075,0.08363401321285487,0.1749514023882255,0.9585652173913044,0.9978673447984023
0,near,123,L14,L2,0.021986997243087936,0.00046282976097178927,0.04776450985837266,0.7607391304347826,0.9999934604285009
1,near,125,B14,L1,0.22804469350563739,0.08504465801555218,0.2029991668980839,0.9620869565217391,0.9974662723009552
1,near,125,B14,L2,0.024854300195684145,0.00041544898108685733,0.028047764509858353,0.7712173913043479,0.9999952686752601
1,near,125,L14,L1,0.2188191273621981,0.08362967547721624,0.24326575951124685,0.9479565217391305,0.997856589151998
1,near,125,L14,L2,0.0229689686099085,0.00047277342177958257,0.03776728686475972,0.7582608695652174,0.9999923959411373
2,far,125,B14,L1,0.23618632523671546,0.09078700793063728,0.15440155512357673,0.9741942012852299,0.9983967553461526
2,far,125,B14,L2,0.008249061578803563,0.00041742779714611176,0.02360455429047492,0.8086322926681172,0.999995378086847
2,far,125,L14,L1,0.24114311673932753,0.09024357892540474,0.17522910302693695,0.9809745483985225,0.9983025625470391
2,far,125,L14,L2,0.010528704708354542,0.00045923897676275455,0.028047764509858464,0.8222435865000253,0.9999929323226757
1,far,123,B14,L1,0.261552783804998,0.09089482188155752,0.1510691474590391,0.9737894044426454,0.9982679382056103
1,far,123,B14,L2,0.007135003976576071,0.0004181641072901281,0.02693696195501255,0.813034458331225,0.9999947435492893
1,far,123,L14,L1,0.2168839996906322,0.0904109415670682,0.14440433212996384,0.9765723827354147,0.9983298230042781
1,far,123,L14,L2,0.01079168941020997,0.0004681493570222339,0.03221327409053043,0.8164246318878713,0.9999914747257129
0,far,124,B14,L1,0.2217847698752905,0.09104480957613188,0.14023882254929182,0.9773313768152608,0.9983675176341652
0,far,124,B14,L2,0.007612367273501897,0.00042144683754557425,0.02915856706470421,0.8215351920255022,0.9999948105174061
0,far,124,L14,L1,0.20963954997987178,0.09035447476399228,0.14773673979450153,0.9808227495825532,0.9983457596018077
0,far,124,L14,L2,0.012719901294424685,0.00046414170565530307,0.0474868092196612,0.8220411880787329,0.9999925635666288
0,near,124,B14,L1,0.2341981884023513,0.08516139168773976,0.17272979727853374,0.9718695652173913,0.9975509155413553
0,near,124,B14,L2,0.02692004188283188,0.00040267561900876196,0.02527075812274371,0.7735217391304348,0.9999956777177529
0,near,124,L14,L1,0.2077243888227156,0.08358572044008418,0.1471813385170786,0.9586521739130435,0.9978795451963511
0,near,124,L14,L2,0.027728190568465,0.00045774162302599804,0.029436267703415786,0.7534347826086957,0.9999933640036858
4,near,123,B14,L1,0.22122164656853438,0.08537286073848344,0.22132740905304082,0.9676521739130435,0.9975495203073591
4,near,123,B14,L2,0.029057488359193348,0.0004074593347151846,0.02971396834212725,0.7713478260869565,0.9999958404974031
4,near,123,L14,L1,0.24328760437643127,0.08380945749983221,0.19605665093029717,0.9520869565217391,0.997879789771248
4,near,123,L14,L2,0.02718973935792287,0.0004741453166927272,0.0427658983615663,0.7655217391304348,0.9999936889122897
4,near,124,B14,L1,0.21948165444896162,0.08528050934512002,0.19133574007220217,0.9697391304347827,0.9975538465297384
4,near,124,B14,L2,0.028851904742806304,0.00040115248642626797,0.0474868092196612,0.7745652173913044,0.9999959394078988
4,near,124,L14,L1,0.23744777483379764,0.08380215218164828,0.1530130519300194,0.9542608695652174,0.9979052120327989
4,near,124,L14,L2,0.02651726505189198,0.00046351611502795073,0.04776450985837272,0.7637391304347826,0.9999931956685986
3,near,124,B14,L1,0.22111875780957257,0.08527167648554991,0.17106359344626487,0.9659130434782609,0.99751357763693
3,near,124,B14,L2,0.02841211346608971,0.0004036438713789528,0.01888364343237986,0.7692173913043479,0.9999961595749045
3,near,124,L14,L1,0.21312576823272122,0.08379854143696167,0.1613440710913635,0.9636956521739131,0.997885768266477
3,near,124,L14,L2,0.02945663747359647,0.0004557013844772133,0.03387947792279922,0.7535217391304347,0.9999937917331175
1,near,123,B14,L1,0.220895533817415,0.08507453947771593,0.19938905859483477,0.9614347826086956,0.9975889979070677
1,near,123,B14,L2,0.02416193686947858,0.00040731833861832673,0.02360455429047492,0.7691304347826087,0.9999954003825835
1,near,123,L14,L1,0.23888508248289897,0.08363574293096677,0.22243821160788674,0.9473478260869566,0.9979104983848741
1,near,123,L14,L2,0.021104246102011035,0.0004671747491419688,0.03971119133574008,0.7576086956521739,0.99999299498913
3,near,123,B14,L1,0.23483010945359972,0.08524708003740282,0.2002221605109692,0.9695652173913043,0.997600589853554
3,near,123,B14,L2,0.016867792563476182,0.00040625602725316025,0.04776450985837266,0.7663913043478261,0.9999955555499015
3,near,123,L14,L1,0.23108810723936102,0.0838387801834311,0.1821716189947237,0.9650869565217391,0.9978715133382456
3,near,123,L14,L2,0.024872309930158355,0.000458323159431818,0.03332407664537629,0.7612608695652174,0.9999938799619954
1,far,125,B14,L1,0.21899645226079423,0.0908066189423262,0.14051652318800334,0.9753073926023377,0.9983475114716958
1,far,125,B14,L2,0.010992086032271642,0.00042008937178664396,0.031657872813107446,0.813034458331225,0.999994685852892
1,far,125,L14,L1,0.22386618843348516,0.09041461155898403,0.1668980838655929,0.9749531953650762,0.9984025603036247
1,far,125,L14,L2,0.012367986214346538,0.00046158649625157916,0.02777006387114689,0.8163234326772251,0.9999922871500023
0,far,125,B14,L1,0.2220336453898849,0.09098148091000674,0.13829491807831162,0.9783939685270455,0.9982946902122779
0,far,125,B14,L2,0.00759041829893653,0.00041668347774543126,0.03165787281310739,0.8184992157061175,0.9999949617673778
0,far,125,L14,L1,0.2322934512890239,0.09033887082298059,0.13940572063315748,0.9815817436623995,0.9983189524747383
0,far,125,L14,L2,0.014105870916136465,0.00046060812511808104,0.03360177728408775,0.8188028133380559,0.9999915476806489
3,far,123,B14,L1,0.24536575669082938,0.09116794764390747,0.1357956123299084,0.9740930020745838,0.9983991264048923
3,far,123,B14,L2,0.006671280391215562,0.0004149666276602489,0.025548458761455062,0.8150584425441482,0.999995038291708
3,far,123,L14,L1,0.22332188833122857,0.09072211165411136,0.14329352957511798,0.979355361028184,0.9983943557182675
3,far,123,L14,L2,0.011052544672084552,0.0004655198418656254,0.02971396834212714,0.8204220007083944,0.9999924782105352
2,far,124,B14,L1,0.2256079505792431,0.09082596806658477,0.13940572063315748,0.9758639882608916,0.9984401052443727
2,far,124,B14,L2,0.007774567579337255,0.00042431895505857083,0.027492363232435424,0.8148560441228558,0.9999951110631996
2,far,124,L14,L1,0.21311766607039173,0.09028044102490305,0.16745348514301583,0.9820877397156302,0.9983769832914835
2,far,124,L14,L2,0.020318836219131886,0.0004696110465228469,0.04943071369064145,0.820067803471133,0.9999922391419608
2,near,123,B14,L1,0.2339287203174436,0.08508405200193295,0.19661205220772007,0.9694782608695652,0.9975998541473029
2,near,123,B14,L2,0.016752250101282267,0.00040377281819034116,0.028047764509858353,0.7661304347826087,0.9999955996812582
2,near,123,L14,L1,0.2517534565832472,0.08348924688589672,0.18078311580116632,0.9575217391304348,0.9978499113754089
2,near,123,L14,L2,0.031987826067901945,0.00046557567968358196,0.041655095806720444,0.7622608695652174,0.999993631080848
0,far,123,B14,L1,0.23135332660668995,0.0910726563427003,0.15412385448486537,0.9774831756312301,0.9982929922859486
0,far,123,B14,L2,0.006216594079285431,0.0004178668089219318,0.023326853651763457,0.8144512472802712,0.9999949407334474
0,far,123,L14,L1,0.22315201232235005,0.09040853629984778,0.13829491807831162,0.9816323432677225,0.9982820837663012
0,far,123,L14,L2,0.01140860055744719,0.0004600986495238497,0.032490974729241895,0.8250771643981177,0.9999928548065018
3,far,125,B14,L1,0.23253432323784906,0.09109269784239755,0.12440988614273818,0.9749531953650762,0.9984173748738887
3,far,125,B14,L2,0.0062320585401521855,0.00041690578287866675,0.023326853651763402,0.8176390224156251,0.9999952775701555
3,far,125,L14,L1,0.2094504396669693,0.09066667044211905,0.14218272702027215,0.9793047614228609,0.9984249106611002
3,far,125,L14,L2,0.010111678088192966,0.0004595765134374212,0.032768675367953304,0.8196124070232252,0.999993021585515
