stream,a,b,metric,mean,lo,hi,n,unit
near,L1,L0,solve_seconds,-0.059152208516995174,-0.06457086819240256,-0.053733548841587785,5,"support/calibration draw, after averaging matched orders"
near,L1,L0,solve_mean_batch_ms,-0.6572467612999457,-0.717454091026697,-0.5970394315731945,5,"support/calibration draw, after averaging matched orders"
near,L1,L0,cache_mean_batch_ms,-0.6572467612999578,-0.717454091026702,-0.5970394315732137,5,"support/calibration draw, after averaging matched orders"
near,L2,L0,solve_seconds,42.06478657200934,41.75227519131046,42.37729795270822,5,"support/calibration draw, after averaging matched orders"
near,L2,L0,solve_mean_batch_ms,467.38651746677044,463.91416879233844,470.85886614120244,5,"support/calibration draw, after averaging matched orders"
near,L2,L0,cache_mean_batch_ms,467.3865174667705,463.91416879233844,470.85886614120255,5,"support/calibration draw, after averaging matched orders"
near,class_L2,L0,solve_seconds,242.00643677512807,240.19198235547373,243.8208911947824,5,"support/calibration draw, after averaging matched orders"
near,class_L2,L0,solve_mean_batch_ms,2688.960408612534,2668.799803949708,2709.1210132753604,5,"support/calibration draw, after averaging matched orders"
near,class_L2,L0,cache_mean_batch_ms,2688.960408612534,2668.799803949708,2709.1210132753604,5,"support/calibration draw, after averaging matched orders"
far,L1,L0,solve_seconds,-0.04437778542439152,-0.04868448732426326,-0.040071083524519775,5,"support/calibration draw, after averaging matched orders"
far,L1,L0,solve_mean_batch_ms,-0.5689459669793775,-0.6241600939008108,-0.5137318400579441,5,"support/calibration draw, after averaging matched orders"
far,L1,L0,cache_mean_batch_ms,-0.5689459669793753,-0.6241600939007901,-0.5137318400579605,5,"support/calibration draw, after averaging matched orders"
far,L2,L0,solve_seconds,34.112243755658476,33.91523116202802,34.30925634928893,5,"support/calibration draw, after averaging matched orders"
far,L2,L0,solve_mean_batch_ms,437.33645840587786,434.8106559234362,439.86226088831955,5,"support/calibration draw, after averaging matched orders"
far,L2,L0,cache_mean_batch_ms,437.33645840587786,434.8106559234362,439.86226088831955,5,"support/calibration draw, after averaging matched orders"
far,class_L2,L0,solve_seconds,194.76567249447106,193.48784256150827,196.04350242743385,5,"support/calibration draw, after averaging matched orders"
far,class_L2,L0,solve_mean_batch_ms,2496.9958012111674,2480.6133661731833,2513.3782362491515,5,"support/calibration draw, after averaging matched orders"
far,class_L2,L0,cache_mean_batch_ms,2496.9958012111674,2480.613366173183,2513.378236249152,5,"support/calibration draw, after averaging matched orders"
