a,b,stream,metric,mean,lo,hi,n,unit
REPRISE_L0_M0,L0_static_x_plp,near,AUROC,3.0102687407407434,2.906812305492997,3.1137251759884896,5,"support/calibration draw, after averaging matched orders"
REPRISE_L0_M0,L0_static_x_plp,near,FPR95,-13.178666666666667,-13.95975129177509,-12.397582041558243,5,"support/calibration draw, after averaging matched orders"
REPRISE_L0_M0,L0_static_x_plp,far,AUROC,-0.29218997500052996,-0.3207705754855181,-0.26360937451554184,5,"support/calibration draw, after averaging matched orders"
REPRISE_L0_M0,L0_static_x_plp,far,FPR95,1.6373605596521081,1.206839941018219,2.0678811782859974,5,"support/calibration draw, after averaging matched orders"
L0_static_x_plp,L0_plp,near,AUROC,-1.0957036296296345,-1.2443872176484285,-0.9470200416108404,5,"support/calibration draw, after averaging matched orders"
L0_static_x_plp,L0_plp,near,FPR95,6.5986666666666665,5.971892084463292,7.225441248870041,5,"support/calibration draw, after averaging matched orders"
L0_static_x_plp,L0_plp,far,AUROC,1.5461384214617357,1.174123320170773,1.9181535227526985,5,"support/calibration draw, after averaging matched orders"
L0_static_x_plp,L0_plp,far,FPR95,-6.9843070523728485,-9.148630185660856,-4.819983919084842,5,"support/calibration draw, after averaging matched orders"
REPRISE_L0_M0+TINS,L0_static_x_plp+TINS,near,AUROC,3.057283777777773,2.9586736178525785,3.155893937702967,5,"support/calibration draw, after averaging matched orders"
REPRISE_L0_M0+TINS,L0_static_x_plp+TINS,near,FPR95,-13.476000000000003,-14.359330469381792,-12.592669530618213,5,"support/calibration draw, after averaging matched orders"
REPRISE_L0_M0+TINS,L0_static_x_plp+TINS,far,AUROC,-0.23499527320854646,-0.2556500219983994,-0.2143405244186935,5,"support/calibration draw, after averaging matched orders"
REPRISE_L0_M0+TINS,L0_static_x_plp+TINS,far,FPR95,1.2819058423142375,0.9685163925708493,1.5952952920576258,5,"support/calibration draw, after averaging matched orders"
L0_static_x_plp+TINS,L0_plp+TINS,near,AUROC,-1.0832620740740668,-1.2298227616536865,-0.936701386494447,5,"support/calibration draw, after averaging matched orders"
L0_static_x_plp+TINS,L0_plp+TINS,near,FPR95,6.4253333333333345,5.764604211117766,7.086062455548903,5,"support/calibration draw, after averaging matched orders"
L0_static_x_plp+TINS,L0_plp+TINS,far,AUROC,1.1164983928909105,0.8157955155486332,1.4172012702331878,5,"support/calibration draw, after averaging matched orders"
L0_static_x_plp+TINS,L0_plp+TINS,far,FPR95,-5.1994705993571575,-6.986528013364828,-3.412413185349487,5,"support/calibration draw, after averaging matched orders"
REPRISE_L1_M0,L1_static_x_plp,near,AUROC,2.5710690370370375,2.4799831780947406,2.6621548959793344,5,"support/calibration draw, after averaging matched orders"
REPRISE_L1_M0,L1_static_x_plp,near,FPR95,-11.121333333333332,-11.808746353950426,-10.43392031271624,5,"support/calibration draw, after averaging matched orders"
REPRISE_L1_M0,L1_static_x_plp,far,AUROC,-0.42590701876011766,-0.4626215907722027,-0.3891924467480326,5,"support/calibration draw, after averaging matched orders"
REPRISE_L1_M0,L1_static_x_plp,far,FPR95,2.185668368311591,1.8988146882341432,2.472522048389039,5,"support/calibration draw, after averaging matched orders"
L1_static_x_plp,L1_plp,near,AUROC,-1.0976000000000028,-1.2423948095986634,-0.9528051904013422,5,"support/calibration draw, after averaging matched orders"
L1_static_x_plp,L1_plp,near,FPR95,6.998666666666667,6.179515498356716,7.817817834976617,5,"support/calibration draw, after averaging matched orders"
L1_static_x_plp,L1_plp,far,AUROC,1.7389368920821044,1.317291697588748,2.160582086575461,5,"support/calibration draw, after averaging matched orders"
L1_static_x_plp,L1_plp,far,FPR95,-7.373794668179241,-9.711607457183987,-5.035981879174495,5,"support/calibration draw, after averaging matched orders"
REPRISE_L1_M0+TINS,L1_static_x_plp+TINS,near,AUROC,2.6250294074074065,2.538504582617794,2.711554232197019,5,"support/calibration draw, after averaging matched orders"
REPRISE_L1_M0+TINS,L1_static_x_plp+TINS,near,FPR95,-11.369333333333334,-12.148160140926144,-10.590506525740523,5,"support/calibration draw, after averaging matched orders"
REPRISE_L1_M0+TINS,L1_static_x_plp+TINS,far,AUROC,-0.331309846431796,-0.36154091819954054,-0.3010787746640515,5,"support/calibration draw, after averaging matched orders"
REPRISE_L1_M0+TINS,L1_static_x_plp+TINS,far,FPR95,1.72811495556816,1.293453701549662,2.1627762095866583,5,"support/calibration draw, after averaging matched orders"
L1_static_x_plp+TINS,L1_plp+TINS,near,AUROC,-1.109738444444447,-1.2519408990098444,-0.9675359898790494,5,"support/calibration draw, after averaging matched orders"
L1_static_x_plp+TINS,L1_plp+TINS,near,FPR95,6.854666666666667,6.301033642211085,7.408299691122249,5,"support/calibration draw, after averaging matched orders"
L1_static_x_plp+TINS,L1_plp+TINS,far,AUROC,1.2478758849604001,0.9086158681810945,1.5871359017397058,5,"support/calibration draw, after averaging matched orders"
L1_static_x_plp+TINS,L1_plp+TINS,far,FPR95,-5.445263754963132,-7.2761930808660855,-3.614334429060178,5,"support/calibration draw, after averaging matched orders"
REPRISE_L2_M0,L2_static_x_plp,near,AUROC,3.0136954814814816,2.9102290654626173,3.117161897500346,5,"support/calibration draw, after averaging matched orders"
REPRISE_L2_M0,L2_static_x_plp,near,FPR95,-13.210666666666668,-13.98715849970355,-12.434174833629786,5,"support/calibration draw, after averaging matched orders"
REPRISE_L2_M0,L2_static_x_plp,far,AUROC,-0.2914317976513132,-0.320034525943346,-0.2628290693592804,5,"support/calibration draw, after averaging matched orders"
REPRISE_L2_M0,L2_static_x_plp,far,FPR95,1.6449234259784458,1.1771605237787672,2.1126863281781243,5,"support/calibration draw, after averaging matched orders"
L2_static_x_plp,L2_plp,near,AUROC,-1.0925282222222232,-1.241513892875722,-0.9435425515687247,5,"support/calibration draw, after averaging matched orders"
L2_static_x_plp,L2_plp,near,FPR95,6.577333333333334,5.950717290532006,7.203949376134662,5,"support/calibration draw, after averaging matched orders"
L2_static_x_plp,L2_plp,far,AUROC,1.544541711308589,1.1729758386759292,1.916107583941249,5,"support/calibration draw, after averaging matched orders"
L2_static_x_plp,L2_plp,far,FPR95,-6.999432785025523,-9.151485335398707,-4.847380234652339,5,"support/calibration draw, after averaging matched orders"
REPRISE_L2_M0+TINS,L2_static_x_plp+TINS,near,AUROC,3.060727407407408,2.9622455157869636,3.159209299027852,5,"support/calibration draw, after averaging matched orders"
REPRISE_L2_M0+TINS,L2_static_x_plp+TINS,near,FPR95,-13.523999999999997,-14.457124240330188,-12.590875759669807,5,"support/calibration draw, after averaging matched orders"
REPRISE_L2_M0+TINS,L2_static_x_plp+TINS,far,AUROC,-0.23452280414277124,-0.2550391757297726,-0.21400643255576993,5,"support/calibration draw, after averaging matched orders"
REPRISE_L2_M0+TINS,L2_static_x_plp+TINS,far,FPR95,1.251654377008887,0.9587169731788574,1.5445917808389167,5,"support/calibration draw, after averaging matched orders"
L2_static_x_plp+TINS,L2_plp+TINS,near,AUROC,-1.080212888888887,-1.2269261829614477,-0.933499594816326,5,"support/calibration draw, after averaging matched orders"
L2_static_x_plp+TINS,L2_plp+TINS,near,FPR95,6.447999999999999,5.781462963995296,7.114537036004701,5,"support/calibration draw, after averaging matched orders"
L2_static_x_plp+TINS,L2_plp+TINS,far,AUROC,1.1151402281464677,0.8147407162220244,1.415539740070911,5,"support/calibration draw, after averaging matched orders"
L2_static_x_plp+TINS,L2_plp+TINS,far,FPR95,-5.229722064662506,-7.030573660929195,-3.428870468395817,5,"support/calibration draw, after averaging matched orders"
