stream,method,metric,mean,lo,hi,n,unit
far,L0_plp,AUROC,95.56806821285267,95.01475554504528,96.12138088066006,5,"support/calibration draw, after averaging matched orders"
far,L0_plp,FPR95,21.37266023823029,18.2124264978061,24.532893978654478,5,"support/calibration draw, after averaging matched orders"
far,L0_plp+TINS,AUROC,96.31833890044325,95.8535957579344,96.7830820429521,5,"support/calibration draw, after averaging matched orders"
far,L0_plp+TINS,FPR95,18.38910947249007,15.61013066123048,21.168088283749658,5,"support/calibration draw, after averaging matched orders"
far,L0_static_x_plp,AUROC,97.1142066343144,96.92799655098915,97.30041671763965,5,"support/calibration draw, after averaging matched orders"
far,L0_static_x_plp,FPR95,14.38835318585744,13.363562903434177,15.413143468280703,5,"support/calibration draw, after averaging matched orders"
far,L0_static_x_plp+TINS,AUROC,97.43483729333418,97.26780927612592,97.60186531054245,5,"support/calibration draw, after averaging matched orders"
far,L0_static_x_plp+TINS,FPR95,13.189638873132917,12.170024604606313,14.209253141659522,5,"support/calibration draw, after averaging matched orders"
far,L1_plp,AUROC,95.38240877292493,94.77297539855337,95.9918421472965,5,"support/calibration draw, after averaging matched orders"
far,L1_plp,FPR95,21.856683683115897,18.545103803416698,25.168263562815095,5,"support/calibration draw, after averaging matched orders"
far,L1_plp+TINS,AUROC,96.19162433562319,95.67977117423021,96.70347749701617,5,"support/calibration draw, after averaging matched orders"
far,L1_plp+TINS,FPR95,18.623558328606542,15.766235158458368,21.480881498754716,5,"support/calibration draw, after averaging matched orders"
far,L1_static_x_plp,AUROC,97.12134566500704,96.92766128251131,97.31503004750277,5,"support/calibration draw, after averaging matched orders"
far,L1_static_x_plp,FPR95,14.48288901493666,13.471905810123557,15.493872219749763,5,"support/calibration draw, after averaging matched orders"
far,L1_static_x_plp+TINS,AUROC,97.4395002205836,97.26316253130663,97.61583790986056,5,"support/calibration draw, after averaging matched orders"
far,L1_static_x_plp+TINS,FPR95,13.17829457364341,12.118603366632534,14.237985780654284,5,"support/calibration draw, after averaging matched orders"
far,L2_plp,AUROC,95.56922932291339,95.01634435491255,96.12211429091423,5,"support/calibration draw, after averaging matched orders"
far,L2_plp,FPR95,21.36131593874078,18.231583385895032,24.49104849158653,5,"support/calibration draw, after averaging matched orders"
far,L2_plp+TINS,AUROC,96.31938992878301,95.85501164531215,96.78376821225388,5,"support/calibration draw, after averaging matched orders"
far,L2_plp+TINS,FPR95,18.411798071469086,15.596916504007218,21.226679638930953,5,"support/calibration draw, after averaging matched orders"
far,L2_static_x_plp,AUROC,97.11377103422197,96.92753021832105,97.30001185012289,5,"support/calibration draw, after averaging matched orders"
far,L2_static_x_plp,FPR95,14.361883153715258,13.355051623844941,15.368714683585575,5,"support/calibration draw, after averaging matched orders"
far,L2_static_x_plp+TINS,AUROC,97.43453015692948,97.26755383678069,97.60150647707827,5,"support/calibration draw, after averaging matched orders"
far,L2_static_x_plp+TINS,FPR95,13.182076006806579,12.145069657040104,14.219082356573054,5,"support/calibration draw, after averaging matched orders"
far,REPRISE_L0_M0,AUROC,96.82201665931387,96.63844584042229,97.00558747820546,5,"support/calibration draw, after averaging matched orders"
far,REPRISE_L0_M0,FPR95,16.02571374550955,14.604415285625779,17.447012205393317,5,"support/calibration draw, after averaging matched orders"
far,REPRISE_L0_M0+TINS,AUROC,97.19984202012563,97.0259852007043,97.37369883954696,5,"support/calibration draw, after averaging matched orders"
far,REPRISE_L0_M0+TINS,FPR95,14.471544715447155,13.246088391545511,15.6970010393488,5,"support/calibration draw, after averaging matched orders"
far,REPRISE_L1_M0,AUROC,96.69543864624693,96.4939226151599,96.89695467733395,5,"support/calibration draw, after averaging matched orders"
far,REPRISE_L1_M0,FPR95,16.66855738324825,15.413659338587186,17.92345542790931,5,"support/calibration draw, after averaging matched orders"
far,REPRISE_L1_M0+TINS,AUROC,97.1081903741518,96.91823521883231,97.2981455294713,5,"support/calibration draw, after averaging matched orders"
far,REPRISE_L1_M0+TINS,FPR95,14.906409529211572,13.439222352645139,16.373596705778006,5,"support/calibration draw, after averaging matched orders"
far,REPRISE_L2_M0,AUROC,96.82233923657067,96.63873620639485,97.00594226674649,5,"support/calibration draw, after averaging matched orders"
far,REPRISE_L2_M0,FPR95,16.006806579693706,14.5660587397631,17.44755441962431,5,"support/calibration draw, after averaging matched orders"
far,REPRISE_L2_M0+TINS,AUROC,97.2000073527867,97.02614559005504,97.37386911551836,5,"support/calibration draw, after averaging matched orders"
far,REPRISE_L2_M0+TINS,FPR95,14.433730383815467,13.197304483658469,15.670156283972466,5,"support/calibration draw, after averaging matched orders"
near,L0_plp,AUROC,91.22011229629629,90.77546892606445,91.66475566652814,5,"support/calibration draw, after averaging matched orders"
near,L0_plp,FPR95,35.79466666666667,34.627320529237124,36.96201280409622,5,"support/calibration draw, after averaging matched orders"
near,L0_plp+TINS,AUROC,91.07151718518517,90.62642632082792,91.51660804954243,5,"support/calibration draw, after averaging matched orders"
near,L0_plp+TINS,FPR95,36.70399999999999,35.39171263442331,38.01628736557668,5,"support/calibration draw, after averaging matched orders"
near,L0_static_x_plp,AUROC,90.12440866666665,89.77699014475023,90.47182718858308,5,"support/calibration draw, after averaging matched orders"
near,L0_static_x_plp,FPR95,42.39333333333334,41.44108506663265,43.34558160003402,5,"support/calibration draw, after averaging matched orders"
near,L0_static_x_plp+TINS,AUROC,89.9882551111111,89.63844782259285,90.33806239962935,5,"support/calibration draw, after averaging matched orders"
near,L0_static_x_plp+TINS,FPR95,43.129333333333335,42.007008271162476,44.251658395504194,5,"support/calibration draw, after averaging matched orders"
near,L1_plp,AUROC,91.92165255555555,91.52293578651992,92.32036932459118,5,"support/calibration draw, after averaging matched orders"
near,L1_plp,FPR95,32.22933333333334,31.204618193765647,33.254048472901026,5,"support/calibration draw, after averaging matched orders"
near,L1_plp+TINS,AUROC,91.80258414814816,91.39895846789662,92.2062098283997,5,"support/calibration draw, after averaging matched orders"
near,L1_plp+TINS,FPR95,32.983999999999995,31.845520573909948,34.122479426090045,5,"support/calibration draw, after averaging matched orders"
near,L1_static_x_plp,AUROC,90.82405255555554,90.50571404559633,91.14239106551474,5,"support/calibration draw, after averaging matched orders"
near,L1_static_x_plp,FPR95,39.227999999999994,38.27821225743178,40.177787742568206,5,"support/calibration draw, after averaging matched orders"
near,L1_static_x_plp+TINS,AUROC,90.69284570370371,90.37173293866675,91.01395846874067,5,"support/calibration draw, after averaging matched orders"
near,L1_static_x_plp+TINS,FPR95,39.83866666666667,38.65453606602617,41.02279726730717,5,"support/calibration draw, after averaging matched orders"
near,L2_plp,AUROC,91.2073754074074,90.76288912225924,91.65186169255556,5,"support/calibration draw, after averaging matched orders"
near,L2_plp,FPR95,35.86,34.671326924044216,37.04867307595578,5,"support/calibration draw, after averaging matched orders"
near,L2_plp+TINS,AUROC,91.05890014814814,90.61393814122403,91.50386215507226,5,"support/calibration draw, after averaging matched orders"
near,L2_plp+TINS,FPR95,36.742666666666665,35.43666015238293,38.0486731809504,5,"support/calibration draw, after averaging matched orders"
near,L2_static_x_plp,AUROC,90.11484718518518,89.7676728708437,90.46202149952667,5,"support/calibration draw, after averaging matched orders"
near,L2_static_x_plp,FPR95,42.43733333333334,41.46905476483878,43.4056119018279,5,"support/calibration draw, after averaging matched orders"
near,L2_static_x_plp+TINS,AUROC,89.97868725925926,89.62919527899957,90.32817923951895,5,"support/calibration draw, after averaging matched orders"
near,L2_static_x_plp+TINS,FPR95,43.190666666666665,42.06902866102831,44.31230467230502,5,"support/calibration draw, after averaging matched orders"
near,REPRISE_L0_M0,AUROC,93.13467740740741,92.86845030291703,93.40090451189779,5,"support/calibration draw, after averaging matched orders"
near,REPRISE_L0_M0,FPR95,29.21466666666667,28.42403441424928,30.00529891908406,5,"support/calibration draw, after averaging matched orders"
near,REPRISE_L0_M0+TINS,AUROC,93.0455388888889,92.77231952508505,93.31875825269275,5,"support/calibration draw, after averaging matched orders"
near,REPRISE_L0_M0+TINS,FPR95,29.653333333333336,28.855763533705726,30.450903132960946,5,"support/calibration draw, after averaging matched orders"
near,REPRISE_L1_M0,AUROC,93.3951215925926,93.14104131143554,93.64920187374966,5,"support/calibration draw, after averaging matched orders"
near,REPRISE_L1_M0,FPR95,28.106666666666666,27.325459235026432,28.8878740983069,5,"support/calibration draw, after averaging matched orders"
near,REPRISE_L1_M0+TINS,AUROC,93.3178751111111,93.05652711133851,93.5792231108837,5,"support/calibration draw, after averaging matched orders"
near,REPRISE_L1_M0+TINS,FPR95,28.46933333333333,27.582364494355506,29.356302172311157,5,"support/calibration draw, after averaging matched orders"
near,REPRISE_L2_M0,AUROC,93.12854266666666,92.86245479069491,93.39463054263841,5,"support/calibration draw, after averaging matched orders"
near,REPRISE_L2_M0,FPR95,29.226666666666667,28.43336094026195,30.019972393071384,5,"support/calibration draw, after averaging matched orders"
near,REPRISE_L2_M0+TINS,AUROC,93.03941466666667,92.76634571319363,93.31248362013972,5,"support/calibration draw, after averaging matched orders"
near,REPRISE_L2_M0+TINS,FPR95,29.666666666666668,28.867166169952064,30.46616716338127,5,"support/calibration draw, after averaging matched orders"
