draw,seed,stream,method,AUROC,FPR95,actual_ID_acceptance,threshold,ID_ties_at_threshold,OOD_ties_at_threshold,n_ID,n_OOD
0,123,far,L0_static_x_plp,96.78226665406189,16.165626772546794,95.0,-11.438654434433987,1,0,18000,1763
0,123,far,REPRISE_L0_M0,96.52207884288144,18.207600680657972,95.0,-10.672832192799763,1,0,18000,1763
0,123,far,L0_plp,94.60064599483205,27.056154282473056,95.0,-5.943817923699452,1,0,18000,1763
0,123,far,L0_static_x_plp+TINS,97.15629293502238,14.804310833806012,95.0,-11.906611585697977,1,0,18000,1763
0,123,far,REPRISE_L0_M0+TINS,96.9473782063402,15.768576290414066,95.0,-11.103461585479838,1,0,18000,1763
0,123,far,L0_plp+TINS,95.56668872502678,22.57515598411798,95.0,-6.388032288013599,1,0,18000,1763
0,123,far,L1_static_x_plp,96.78343732274533,16.56267725467952,95.0,-11.35384572773291,1,0,18000,1763
0,123,far,REPRISE_L1_M0,96.38414161467196,18.264322178105502,95.0,-10.620691313754003,1,0,18000,1763
0,123,far,L1_plp,94.34964076384948,26.999432785025522,95.0,-5.9391230793952445,1,0,18000,1763
0,123,far,L1_static_x_plp+TINS,97.15248629230479,14.577424844015882,95.0,-11.748335106361942,1,0,18000,1763
0,123,far,REPRISE_L1_M0+TINS,96.84461460893678,16.449234259784458,95.0,-11.10560963816689,1,0,18000,1763
0,123,far,L1_plp+TINS,95.3886872124535,22.51843448667045,95.0,-6.340057397513446,1,0,18000,1763
0,123,far,L2_static_x_plp,96.78188851074557,16.108905275099264,95.0,-11.431763275428189,1,0,18000,1763
0,123,far,REPRISE_L2_M0,96.52276422764227,18.207600680657972,95.0,-10.674279374849704,1,0,18000,1763
0,123,far,L2_plp,94.60367586815404,26.999432785025522,95.0,-5.935908112429096,2,0,18000,1763
0,123,far,L2_static_x_plp+TINS,97.15585807020861,14.861032331253545,95.0,-11.904450921164813,1,0,18000,1763
0,123,far,REPRISE_L2_M0+TINS,96.94740971828321,15.768576290414066,95.0,-11.099482974281596,1,0,18000,1763
0,123,far,L2_plp+TINS,95.56870864057478,22.631877481565514,95.0,-6.3851584740799945,1,0,18000,1763
0,124,far,L0_static_x_plp,96.8332309195185,16.165626772546794,95.0,-11.436345453757895,1,0,18000,1763
0,124,far,REPRISE_L0_M0,96.5130112812756,18.094157685762905,95.0,-10.599575323350415,1,0,18000,1763
0,124,far,L0_plp,94.73558486166257,25.46795235394214,95.0,-5.854434362564767,1,0,18000,1763
0,124,far,L0_static_x_plp+TINS,97.18276926955316,14.974475326148609,95.0,-11.897915090659327,1,0,18000,1763
0,124,far,REPRISE_L0_M0+TINS,96.89369446020044,16.50595575723199,95.0,-11.030568430143918,1,0,18000,1763
0,124,far,L0_plp+TINS,95.58463792777462,22.17810550198525,95.0,-6.314164037311617,1,0,18000,1763
0,124,far,L1_static_x_plp,96.8283371147665,16.165626772546794,95.0,-11.309727964439048,1,0,18000,1763
0,124,far,REPRISE_L1_M0,96.35980336547551,18.774815655133295,95.0,-10.542216827089515,1,0,18000,1763
0,124,far,L1_plp,94.46254805571311,26.20533182076007,95.0,-5.832171324575434,1,0,18000,1763
0,124,far,L1_static_x_plp+TINS,97.17099325644419,15.144639818491209,95.0,-11.792971240959954,1,0,18000,1763
0,124,far,REPRISE_L1_M0+TINS,96.7733598033655,17.300056721497448,95.0,-10.964115603065506,1,0,18000,1763
0,124,far,L1_plp+TINS,95.37693640889897,22.631877481565514,95.0,-6.301948683103417,1,0,18000,1763
0,124,far,L2_static_x_plp,96.8333932060251,16.108905275099264,95.0,-11.431734871211617,1,0,18000,1763
0,124,far,REPRISE_L2_M0,96.51423552026218,18.094157685762905,95.0,-10.586039923944725,1,0,18000,1763
0,124,far,L2_plp,94.73793565261232,25.41123085649461,95.0,-5.842403418604966,1,0,18000,1763
0,124,far,L2_static_x_plp+TINS,97.18315056406378,14.974475326148609,95.0,-11.892937888685749,1,0,18000,1763
0,124,far,REPRISE_L2_M0+TINS,96.8946177601311,16.50595575723199,95.0,-11.019460809273623,1,0,18000,1763
0,124,far,L2_plp+TINS,95.58718409277117,22.17810550198525,95.0,-6.310267525545299,1,0,18000,1763
0,125,far,L0_static_x_plp,96.94328638053823,14.917753828701077,95.0,-11.29112914476541,1,0,18000,1763
0,125,far,REPRISE_L0_M0,96.67908237221906,17.470221213840045,95.0,-10.536334972640837,1,0,18000,1763
0,125,far,L0_plp,94.99762872628725,24.90073737946682,95.0,-5.801399665908679,1,0,18000,1763
0,125,far,L0_static_x_plp+TINS,97.25678767252789,13.896766874645492,95.0,-11.77864293248903,1,0,18000,1763
0,125,far,REPRISE_L0_M0+TINS,97.03567782189448,15.8252977878616,95.0,-10.988364785375765,1,0,18000,1763
0,125,far,L0_plp+TINS,95.80083191529589,22.12138400453772,95.0,-6.308005307910179,1,0,18000,1763
0,125,far,L1_static_x_plp,96.94576794605155,14.690867838910949,95.0,-11.247599419488978,1,0,18000,1763
0,125,far,REPRISE_L1_M0,96.53177664334783,17.92399319342031,95.0,-10.493329335114339,1,0,18000,1763
0,125,far,L1_plp,94.72895317325265,26.318774815655132,95.0,-5.8277618686120185,1,0,18000,1763
0,125,far,L1_static_x_plp+TINS,97.25293061070145,14.010209869540555,95.0,-11.67251568182689,1,0,18000,1763
0,125,far,REPRISE_L1_M0+TINS,96.92750992626203,16.789563244469655,95.0,-10.98569483428933,1,0,18000,1763
0,125,far,L1_plp+TINS,95.60965210814898,22.688598979013047,95.0,-6.2912094896034905,1,0,18000,1763
0,125,far,L2_static_x_plp,96.94215510178357,14.861032331253545,95.0,-11.287011523766742,1,0,18000,1763
0,125,far,REPRISE_L2_M0,96.67819215982857,17.470221213840045,95.0,-10.522436675632552,1,0,18000,1763
0,125,far,L2_plp,94.99779731518245,24.844015882019285,95.0,-5.793245065220078,1,0,18000,1763
0,125,far,L2_static_x_plp+TINS,97.25624566710785,13.896766874645492,95.0,-11.772777813036631,1,0,18000,1763
0,125,far,REPRISE_L2_M0+TINS,97.03534694649272,15.8252977878616,95.0,-10.980029691615181,1,0,18000,1763
0,125,far,L2_plp+TINS,95.80114073233756,22.291548496880317,95.0,-6.307884021391288,1,0,18000,1763
0,123,near,L0_static_x_plp,89.907345,43.580000000000005,95.0,-11.172230030931509,1,0,18000,5000
0,123,near,REPRISE_L0_M0,92.68779555555557,30.64,95.0,-10.583156388361825,1,0,18000,5000
0,123,near,L0_plp,90.95627666666668,37.14,95.0,-5.778901869601956,1,0,18000,5000
0,123,near,L0_static_x_plp+TINS,89.74327222222223,44.98,95.0,-11.546930265381258,1,0,18000,5000
0,123,near,REPRISE_L0_M0+TINS,92.58032222222224,30.959999999999997,95.0,-10.844757836577836,1,0,18000,5000
0,123,near,L0_plp+TINS,90.7973711111111,38.56,95.0,-6.0992110653689595,1,0,18000,5000
0,123,near,L1_static_x_plp,90.60835166666666,41.199999999999996,95.0,-11.155305737204895,1,0,18000,5000
0,123,near,REPRISE_L1_M0,92.94819944444444,29.459999999999997,95.0,-10.55178247120275,1,0,18000,5000
0,123,near,L1_plp,91.65151166666668,33.339999999999996,95.0,-5.782299494535261,1,0,18000,5000
0,123,near,L1_static_x_plp+TINS,90.45029111111111,41.980000000000004,95.0,-11.457719779548171,1,0,18000,5000
0,123,near,REPRISE_L1_M0+TINS,92.85110555555556,29.759999999999998,95.0,-10.799507398393764,1,0,18000,5000
0,123,near,L1_plp+TINS,91.52149111111112,34.4,95.0,-6.085085952434413,1,0,18000,5000
0,123,near,L2_static_x_plp,89.89771055555555,43.68,95.0,-11.169710589084904,1,0,18000,5000
0,123,near,REPRISE_L2_M0,92.68110166666668,30.64,95.0,-10.581350124896229,1,0,18000,5000
0,123,near,L2_plp,90.94401333333334,37.26,95.0,-5.7754411847175176,1,0,18000,5000
0,123,near,L2_static_x_plp+TINS,89.73379333333334,45.019999999999996,95.0,-11.536429064182462,1,0,18000,5000
0,123,near,REPRISE_L2_M0+TINS,92.57392777777777,31.0,95.0,-10.843187655452668,1,0,18000,5000
0,123,near,L2_plp+TINS,90.78460333333334,38.58,95.0,-6.088481334952288,1,0,18000,5000
0,124,near,L0_static_x_plp,90.23681833333332,42.96,95.0,-11.186445966477397,1,0,18000,5000
0,124,near,REPRISE_L0_M0,93.28208388888888,29.459999999999997,95.0,-10.62913618875046,1,0,18000,5000
0,124,near,L0_plp,91.46800222222222,36.14,95.0,-5.773330824552501,1,0,18000,5000
0,124,near,L0_static_x_plp+TINS,90.07665333333334,44.0,95.0,-11.498156760887213,1,0,18000,5000
0,124,near,REPRISE_L0_M0+TINS,93.1730311111111,29.92,95.0,-10.896770213953246,1,0,18000,5000
0,124,near,L0_plp+TINS,91.3080788888889,37.44,95.0,-6.081641473385696,1,0,18000,5000
0,124,near,L1_static_x_plp,90.94439055555554,39.44,95.0,-11.10933124980231,1,0,18000,5000
0,124,near,REPRISE_L1_M0,93.53396777777778,28.7,95.0,-10.65227907992426,1,0,18000,5000
0,124,near,L1_plp,92.154475,32.16,95.0,-5.799921318329772,1,0,18000,5000
0,124,near,L1_static_x_plp+TINS,90.79033555555556,40.54,95.0,-11.434332180759501,1,0,18000,5000
0,124,near,REPRISE_L1_M0+TINS,93.43896111111111,28.999999999999996,95.0,-10.889364370419036,1,0,18000,5000
0,124,near,L1_plp+TINS,92.02763,33.56,95.0,-6.0901783762160155,1,0,18000,5000
0,124,near,L2_static_x_plp,90.22613166666666,43.02,95.0,-11.186249896138719,1,0,18000,5000
0,124,near,REPRISE_L2_M0,93.27500388888889,29.5,95.0,-10.621338964868624,1,0,18000,5000
0,124,near,L2_plp,91.45359888888888,36.3,95.0,-5.772587053599656,1,0,18000,5000
0,124,near,L2_static_x_plp+TINS,90.06602444444444,44.0,95.0,-11.498156760887213,1,0,18000,5000
0,124,near,REPRISE_L2_M0+TINS,93.16580555555556,29.86,95.0,-10.892366727341237,1,0,18000,5000
0,124,near,L2_plp+TINS,91.29362333333333,37.46,95.0,-6.072390862031492,1,0,18000,5000
0,125,near,L0_static_x_plp,90.05438722222222,44.0,95.0,-11.197636999995778,1,0,18000,5000
0,125,near,REPRISE_L0_M0,93.12832166666666,29.799999999999997,95.0,-10.5409628610013,1,0,18000,5000
0,125,near,L0_plp,91.14146388888888,36.620000000000005,95.0,-5.789104377101336,1,0,18000,5000
0,125,near,L0_static_x_plp+TINS,89.88351444444444,44.7,95.0,-11.519717944083387,1,0,18000,5000
0,125,near,REPRISE_L0_M0+TINS,93.01894666666666,30.48,95.0,-10.858222856608192,1,0,18000,5000
0,125,near,L0_plp+TINS,90.94778888888888,37.92,95.0,-6.079630306894885,1,0,18000,5000
0,125,near,L1_static_x_plp,90.76218722222222,40.699999999999996,95.0,-11.162539220752766,1,0,18000,5000
0,125,near,REPRISE_L1_M0,93.38898111111111,28.660000000000004,95.0,-10.55204671831501,1,0,18000,5000
0,125,near,L1_plp,91.84727166666666,33.06,95.0,-5.830909494755011,1,0,18000,5000
0,125,near,L1_static_x_plp+TINS,90.59870444444442,41.5,95.0,-11.456074816423607,1,0,18000,5000
0,125,near,REPRISE_L1_M0+TINS,93.29317,29.4,95.0,-10.84273213728815,1,0,18000,5000
0,125,near,L1_plp+TINS,91.69178444444445,34.08,95.0,-6.0984107128900185,1,0,18000,5000
0,125,near,L2_static_x_plp,90.04450777777778,44.14,95.0,-11.199842592934681,1,0,18000,5000
0,125,near,REPRISE_L2_M0,93.12176277777779,29.86,95.0,-10.536869748112412,1,0,18000,5000
0,125,near,L2_plp,91.12818666666666,36.82,95.0,-5.786814174889788,1,0,18000,5000
0,125,near,L2_static_x_plp+TINS,89.87366000000002,44.78,95.0,-11.522475382574353,1,0,18000,5000
0,125,near,REPRISE_L2_M0+TINS,93.0124988888889,30.42,95.0,-10.845041214756588,1,0,18000,5000
0,125,near,L2_plp+TINS,90.93542333333333,38.019999999999996,95.0,-6.070177582465712,1,0,18000,5000
1,123,far,L0_static_x_plp,97.05464328480495,14.74758933635848,95.0,-11.755653848236381,1,0,18000,1763
1,123,far,REPRISE_L0_M0,96.7040461334846,16.56267725467952,95.0,-10.813706274311318,1,0,18000,1763
1,123,far,L0_plp,95.43562425159135,21.213840045377196,95.0,-6.0201909024840266,1,0,18000,1763
1,123,far,L0_static_x_plp+TINS,97.40928972080418,13.216108905275098,95.0,-12.220470566287963,1,0,18000,1763
1,123,far,REPRISE_L0_M0+TINS,97.12631562362135,14.350538854225753,95.0,-11.273212708096693,1,0,18000,1763
1,123,far,L0_plp+TINS,96.33346568349404,18.03743618831537,95.0,-6.5301343970984345,1,0,18000,1763
1,123,far,L1_static_x_plp,97.04322178105502,14.634146341463413,95.0,-11.691602029254277,1,0,18000,1763
1,123,far,REPRISE_L1_M0,96.55868154030375,17.016449234259785,95.0,-10.785772378959756,1,0,18000,1763
1,123,far,L1_plp,95.19777683241948,21.327283040272263,95.0,-6.048002660268266,1,0,18000,1763
1,123,far,L1_static_x_plp+TINS,97.40235394214409,13.386273397617698,95.0,-12.122757618655228,1,0,18000,1763
1,123,far,REPRISE_L1_M0+TINS,97.01737568538475,14.634146341463413,95.0,-11.21603720919469,1,0,18000,1763
1,123,far,L1_plp+TINS,96.16856053444256,17.92399319342031,95.0,-6.513094963058028,1,0,18000,1763
1,123,far,L2_static_x_plp,97.0537388920401,14.74758933635848,95.0,-11.751880258852742,1,0,18000,1763
1,123,far,REPRISE_L2_M0,96.70391063212958,16.56267725467952,95.0,-10.805879726399745,1,0,18000,1763
1,123,far,L2_plp,95.43694775319847,21.213840045377196,95.0,-6.007917325577724,1,0,18000,1763
1,123,far,L2_static_x_plp+TINS,97.40868154030377,13.216108905275098,95.0,-12.214743676724309,1,0,18000,1763
1,123,far,REPRISE_L2_M0+TINS,97.12595008508225,14.293817356778218,95.0,-11.264459189193754,1,0,18000,1763
1,123,far,L2_plp+TINS,96.33366420873512,18.150879183210435,95.0,-6.525468339407871,1,0,18000,1763
1,124,far,L0_static_x_plp,97.14791075817735,14.350538854225753,95.0,-11.697799346072202,1,0,18000,1763
1,124,far,REPRISE_L0_M0,96.83603390685069,16.56267725467952,95.0,-10.768553026889307,1,0,18000,1763
1,124,far,L0_plp,95.73654597592488,20.589903573454336,95.0,-6.029760353500176,1,0,18000,1763
1,124,far,L0_static_x_plp+TINS,97.4477342912964,13.159387407827566,95.0,-12.180440768748936,1,0,18000,1763
1,124,far,REPRISE_L0_M0+TINS,97.18723451187999,15.087918321043675,95.0,-11.269909491526638,1,0,18000,1763
1,124,far,L0_plp+TINS,96.40053255183713,18.207600680657972,95.0,-6.560823872430012,1,0,18000,1763
1,124,far,L1_static_x_plp,97.15710279195815,14.52070334656835,95.0,-11.602996937654254,1,0,18000,1763
1,124,far,REPRISE_L1_M0,96.711224554106,17.413499716392515,95.0,-10.76800110021738,1,0,18000,1763
1,124,far,L1_plp,95.56110008193106,21.327283040272263,95.0,-6.062369637065805,1,0,18000,1763
1,124,far,L1_static_x_plp+TINS,97.45091384634777,12.819058423142371,95.0,-12.07042952523615,1,0,18000,1763
1,124,far,REPRISE_L1_M0+TINS,97.09255057666856,15.598411798071469,95.0,-11.234529838930197,1,0,18000,1763
1,124,far,L1_plp+TINS,96.27396168147729,18.094157685762905,95.0,-6.521590090225609,1,0,18000,1763
1,124,far,L2_static_x_plp,97.14765078464738,14.293817356778218,95.0,-11.686254713574595,1,0,18000,1763
1,124,far,REPRISE_L2_M0,96.83665941891977,16.619398752127058,95.0,-10.762149386212776,1,0,18000,1763
1,124,far,L2_plp,95.73766464990231,20.703346568349403,95.0,-6.025315120001472,1,0,18000,1763
1,124,far,L2_static_x_plp+TINS,97.44706623810426,13.102665910380034,95.0,-12.174609848438141,1,0,18000,1763
1,124,far,REPRISE_L2_M0+TINS,97.18767567908237,15.031196823596144,95.0,-11.264876513950046,1,0,18000,1763
1,124,far,L2_plp+TINS,96.40155984117982,18.264322178105502,95.0,-6.5582101909648935,1,0,18000,1763
1,125,far,L0_static_x_plp,97.18692254364404,14.12365286443562,95.0,-11.723385065482455,1,0,18000,1763
1,125,far,REPRISE_L0_M0,96.91825329299806,15.484968803176406,95.0,-10.886527271752094,1,0,18000,1763
1,125,far,L0_plp,95.86342251213209,20.079410096426546,95.0,-6.0224155975061375,1,0,18000,1763
1,125,far,L0_static_x_plp+TINS,97.51450494737506,13.272830402722633,95.0,-12.278875660694613,1,0,18000,1763
1,125,far,REPRISE_L0_M0+TINS,97.29049599798323,13.953488372093023,95.0,-11.355103988302329,1,0,18000,1763
1,125,far,L0_plp+TINS,96.58136383689418,17.073170731707318,95.0,-6.577325980799407,1,0,18000,1763
1,125,far,L1_static_x_plp,97.19386147349846,14.463981849120817,95.0,-11.701593723390378,1,0,18000,1763
1,125,far,REPRISE_L1_M0,96.78130869099388,16.165626772546794,95.0,-10.829102469580569,1,0,18000,1763
1,125,far,L1_plp,95.67950620785277,20.646625070901873,95.0,-6.073591679211141,2,0,18000,1763
1,125,far,L1_static_x_plp+TINS,97.5204039831096,13.159387407827566,95.0,-12.216743308031417,1,0,18000,1763
1,125,far,REPRISE_L1_M0+TINS,97.19186046511628,14.577424844015882,95.0,-11.332058894296475,1,0,18000,1763
1,125,far,L1_plp+TINS,96.45449045188126,17.300056721497448,95.0,-6.5617177959395026,1,0,18000,1763
1,125,far,L2_static_x_plp,97.18561637360558,14.12365286443562,95.0,-11.731829277821294,1,0,18000,1763
1,125,far,REPRISE_L2_M0,96.9180799773114,15.42824730572887,95.0,-10.879730810219762,1,0,18000,1763
1,125,far,L2_plp,95.86299237410978,20.079410096426546,95.0,-6.009737790612819,1,0,18000,1763
1,125,far,L2_static_x_plp+TINS,97.51378017268544,13.159387407827566,95.0,-12.26930533822826,1,0,18000,1763
1,125,far,REPRISE_L2_M0+TINS,97.2901020986954,13.896766874645492,95.0,-11.344430770271327,1,0,18000,1763
1,125,far,L2_plp+TINS,96.58143631436316,16.95972773681225,95.0,-6.5661246857714035,1,0,18000,1763
1,123,near,L0_static_x_plp,89.92578,42.1,95.0,-11.588012754934125,1,0,18000,5000
1,123,near,REPRISE_L0_M0,92.79223944444445,30.7,95.0,-10.83328930054228,1,0,18000,5000
1,123,near,L0_plp,90.8573138888889,36.480000000000004,95.0,-5.953690022318724,1,0,18000,5000
1,123,near,L0_static_x_plp+TINS,89.80482888888889,42.66,95.0,-11.86137367009964,1,0,18000,5000
1,123,near,REPRISE_L0_M0+TINS,92.71253777777778,31.259999999999998,95.0,-11.149529821539236,1,0,18000,5000
1,123,near,L0_plp+TINS,90.73835111111111,37.14,95.0,-6.2231047750092205,1,0,18000,5000
1,123,near,L1_static_x_plp,90.62307666666666,39.22,95.0,-11.530300686849053,1,0,18000,5000
1,123,near,REPRISE_L1_M0,93.06413222222223,29.56,95.0,-10.862494087036199,1,0,18000,5000
1,123,near,L1_plp,91.56982833333333,33.44,95.0,-5.99805672831676,1,0,18000,5000
1,123,near,L1_static_x_plp+TINS,90.50548777777779,39.68,95.0,-11.79999749837,1,0,18000,5000
1,123,near,REPRISE_L1_M0+TINS,92.99443666666667,30.36,95.0,-11.176360123271264,1,0,18000,5000
1,123,near,L1_plp+TINS,91.47658000000001,33.96,95.0,-6.245390565850768,1,0,18000,5000
1,123,near,L2_static_x_plp,89.91602555555556,42.14,95.0,-11.588012754934125,1,0,18000,5000
1,123,near,REPRISE_L2_M0,92.78612944444444,30.7,95.0,-10.825776744341248,1,0,18000,5000
1,123,near,L2_plp,90.84444388888889,36.54,95.0,-5.944730104315601,1,0,18000,5000
1,123,near,L2_static_x_plp+TINS,89.79482666666667,42.66,95.0,-11.857167066657585,1,0,18000,5000
1,123,near,REPRISE_L2_M0+TINS,92.70657777777778,31.28,95.0,-11.148302135446077,1,0,18000,5000
1,123,near,L2_plp+TINS,90.72577,37.22,95.0,-6.218478418487656,1,0,18000,5000
1,124,near,L0_static_x_plp,90.22016722222222,41.74,95.0,-11.635201907596631,1,0,18000,5000
1,124,near,REPRISE_L0_M0,93.31963222222221,28.7,95.0,-10.79116057235262,1,0,18000,5000
1,124,near,L0_plp,91.31421555555555,35.160000000000004,95.0,-5.977009788114648,1,0,18000,5000
1,124,near,L0_static_x_plp+TINS,90.09583111111111,42.38,95.0,-11.935961686638363,1,0,18000,5000
1,124,near,REPRISE_L0_M0+TINS,93.24695444444444,28.84,95.0,-11.036180812919987,1,0,18000,5000
1,124,near,L0_plp+TINS,91.19119666666666,36.059999999999995,95.0,-6.258337021882206,1,0,18000,5000
1,124,near,L1_static_x_plp,90.94430666666668,38.58,95.0,-11.59000700708636,1,0,18000,5000
1,124,near,REPRISE_L1_M0,93.58240500000001,27.500000000000004,95.0,-10.822628213785439,1,0,18000,5000
1,124,near,L1_plp,92.02966722222222,31.52,95.0,-5.982191936581067,1,0,18000,5000
1,124,near,L1_static_x_plp+TINS,90.82770333333335,39.12,95.0,-11.899953671203237,1,0,18000,5000
1,124,near,REPRISE_L1_M0+TINS,93.52084888888889,27.639999999999997,95.0,-11.06926955220751,1,0,18000,5000
1,124,near,L1_plp+TINS,91.93860333333333,32.12,95.0,-6.252639421066203,1,0,18000,5000
1,124,near,L2_static_x_plp,90.2105511111111,41.74,95.0,-11.63283785134679,1,0,18000,5000
1,124,near,REPRISE_L2_M0,93.31422222222223,28.68,95.0,-10.782769752070493,1,0,18000,5000
1,124,near,L2_plp,91.30094833333334,35.160000000000004,95.0,-5.969346915369078,1,0,18000,5000
1,124,near,L2_static_x_plp+TINS,90.0862311111111,42.44,95.0,-11.935537923693479,1,0,18000,5000
1,124,near,REPRISE_L2_M0+TINS,93.24131222222222,28.98,95.0,-11.036920212942706,1,0,18000,5000
1,124,near,L2_plp+TINS,91.17733222222222,36.120000000000005,95.0,-6.258337021882206,1,0,18000,5000
1,125,near,L0_static_x_plp,90.00898222222222,41.959999999999994,95.0,-11.648852013619889,1,0,18000,5000
1,125,near,REPRISE_L0_M0,93.05939333333333,29.94,95.0,-10.868469489493798,1,0,18000,5000
1,125,near,L0_plp,90.94817166666667,36.199999999999996,95.0,-6.054092454159707,1,0,18000,5000
1,125,near,L0_static_x_plp+TINS,89.88118333333334,42.52,95.0,-11.931817722533244,1,0,18000,5000
1,125,near,REPRISE_L0_M0+TINS,92.97513777777779,30.459999999999997,95.0,-11.13567391455471,1,0,18000,5000
1,125,near,L0_plp+TINS,90.80509555555555,37.22,95.0,-6.3597093907014175,1,0,18000,5000
1,125,near,L1_static_x_plp,90.72035333333334,38.440000000000005,95.0,-11.576929962249146,1,0,18000,5000
1,125,near,REPRISE_L1_M0,93.34869555555557,28.599999999999998,95.0,-10.929368087385384,1,0,18000,5000
1,125,near,L1_plp,91.68711277777778,32.74,95.0,-6.086195047388146,1,0,18000,5000
1,125,near,L1_static_x_plp+TINS,90.59759777777778,39.519999999999996,95.0,-11.921737120853237,1,0,18000,5000
1,125,near,REPRISE_L1_M0+TINS,93.2759622222222,29.020000000000003,95.0,-11.193799234405,1,0,18000,5000
1,125,near,L1_plp+TINS,91.57283111111111,33.5,95.0,-6.372673536917158,1,0,18000,5000
1,125,near,L2_static_x_plp,89.99822277777778,42.02,95.0,-11.648852013619889,1,0,18000,5000
1,125,near,REPRISE_L2_M0,93.05228499999998,29.959999999999997,95.0,-10.867095862904186,1,0,18000,5000
1,125,near,L2_plp,90.93311222222222,36.28,95.0,-6.045166888554204,1,0,18000,5000
1,125,near,L2_static_x_plp+TINS,89.86991444444443,42.6,95.0,-11.93400043045945,1,0,18000,5000
1,125,near,REPRISE_L2_M0+TINS,92.96796888888888,30.5,95.0,-11.128894227569331,1,0,18000,5000
1,125,near,L2_plp+TINS,90.78993111111112,37.36,95.0,-6.358469925561725,1,0,18000,5000
2,123,far,L0_static_x_plp,97.11525020482763,14.06693136698809,95.0,-11.616409925594716,1,0,18000,1763
2,123,far,REPRISE_L0_M0,96.79822902880191,15.314804310833807,95.0,-10.628791064664895,1,0,18000,1763
2,123,far,L0_plp,95.70018592046385,19.795802609188883,95.0,-5.933518207179189,1,0,18000,1763
2,123,far,L0_static_x_plp+TINS,97.44845906598601,12.648893930799773,95.0,-12.131167799004613,1,0,18000,1763
2,123,far,REPRISE_L0_M0+TINS,97.20365223419675,13.329551900170165,95.0,-11.093590423228015,1,0,18000,1763
2,123,far,L0_plp+TINS,96.4497668116216,17.356778218944978,95.0,-6.433809907649798,1,0,18000,1763
2,123,far,L1_static_x_plp,97.11297189134682,14.010209869540555,95.0,-11.497161872177934,1,0,18000,1763
2,123,far,REPRISE_L1_M0,96.66989506522972,15.938740782756664,95.0,-10.541621537495413,1,0,18000,1763
2,123,far,L1_plp,95.53086909938867,20.41973908111174,95.0,-5.921250954629122,1,0,18000,1763
2,123,far,L1_static_x_plp+TINS,97.44640448730068,12.592172433352241,95.0,-12.008519590792226,1,0,18000,1763
2,123,far,REPRISE_L1_M0+TINS,97.11225814583729,13.613159387407828,95.0,-11.011111703793485,1,0,18000,1763
2,123,far,L1_plp+TINS,96.33876284111679,17.413499716392515,95.0,-6.410865255345064,1,0,18000,1763
2,123,far,L2_static_x_plp,97.11477752568224,14.06693136698809,95.0,-11.601360447670988,1,0,18000,1763
2,123,far,REPRISE_L2_M0,96.79802104997796,15.258082813386272,95.0,-10.619120474041342,1,0,18000,1763
2,123,far,L2_plp,95.70116121510051,19.795802609188883,95.0,-5.926902968060469,1,0,18000,1763
2,123,far,L2_static_x_plp+TINS,97.44763975546734,12.648893930799773,95.0,-12.11708244737442,1,0,18000,1763
2,123,far,REPRISE_L2_M0+TINS,97.2034348017899,13.329551900170165,95.0,-11.092868458923958,1,0,18000,1763
2,123,far,L2_plp+TINS,96.45009138463477,17.356778218944978,95.0,-6.432753587666005,1,0,18000,1763
2,124,far,L0_static_x_plp,97.14486355328671,13.556437889960296,95.0,-11.652103872271661,1,0,18000,1763
2,124,far,REPRISE_L0_M0,96.82083096993759,15.087918321043675,95.0,-10.60563260086278,1,0,18000,1763
2,124,far,L0_plp,95.73442994895068,19.73908111174135,95.0,-5.905842329276277,1,0,18000,1763
2,124,far,L0_static_x_plp+TINS,97.4643253292998,12.648893930799773,95.0,-12.09860685951131,1,0,18000,1763
2,124,far,REPRISE_L0_M0+TINS,97.20493477027794,13.329551900170165,95.0,-11.092716162452684,1,0,18000,1763
2,124,far,L0_plp+TINS,96.41874330371212,17.243335224049915,95.0,-6.421037311407963,1,0,18000,1763
2,124,far,L1_static_x_plp,97.13893458120629,13.499716392512761,95.0,-11.51542149454745,1,0,18000,1763
2,124,far,REPRISE_L1_M0,96.69250330875401,15.995462280204197,95.0,-10.551190703651177,1,0,18000,1763
2,124,far,L1_plp,95.54629261990294,19.965967101531483,95.0,-5.880898359424432,1,0,18000,1763
2,124,far,L1_static_x_plp+TINS,97.46108275036238,12.592172433352241,95.0,-11.971359927211632,1,0,18000,1763
2,124,far,REPRISE_L1_M0+TINS,97.11539673536271,14.180374361883153,95.0,-11.047579910913589,1,0,18000,1763
2,124,far,L1_plp+TINS,96.30652927459508,17.526942711287578,95.0,-6.365215350606209,1,0,18000,1763
2,124,far,L2_static_x_plp,97.14544022184408,13.44299489506523,95.0,-11.643175243140469,1,0,18000,1763
2,124,far,REPRISE_L2_M0,96.82224585617949,15.031196823596144,95.0,-10.597053936775733,1,0,18000,1763
2,124,far,L2_plp,95.73803333963573,19.795802609188883,95.0,-5.9027888917893865,2,1,18000,1763
2,124,far,L2_static_x_plp+TINS,97.46501228965778,12.592172433352241,95.0,-12.089079619980462,1,0,18000,1763
2,124,far,REPRISE_L2_M0+TINS,97.20599672275793,13.272830402722633,95.0,-11.0820616969519,1,0,18000,1763
2,124,far,L2_plp+TINS,96.42185038129452,17.300056721497448,95.0,-6.421462886946928,1,0,18000,1763
2,125,far,L0_static_x_plp,97.24085523413373,13.329551900170165,95.0,-11.602863887573294,1,0,18000,1763
2,125,far,REPRISE_L0_M0,96.98289216613097,14.861032331253545,95.0,-10.66481996412962,1,0,18000,1763
2,125,far,L0_plp,96.05687433037122,19.05842314237096,95.0,-5.9399137900509995,1,0,18000,1763
2,125,far,L0_static_x_plp+TINS,97.53521774752632,12.365286443562109,95.0,-12.074377576046423,1,0,18000,1763
2,125,far,REPRISE_L0_M0+TINS,97.35484653683746,13.613159387407828,95.0,-11.13687225350212,1,0,18000,1763
2,125,far,L0_plp+TINS,96.66626016260163,16.619398752127058,95.0,-6.4156401313350235,1,0,18000,1763
2,125,far,L1_static_x_plp,97.24620123526816,13.66988088485536,95.0,-11.516106918698753,1,0,18000,1763
2,125,far,REPRISE_L1_M0,96.85867996470662,15.598411798071469,95.0,-10.625211054496994,1,0,18000,1763
2,125,far,L1_plp,95.90689953992563,19.28530913216109,95.0,-5.9074292713458885,1,0,18000,1763
2,125,far,L1_static_x_plp+TINS,97.54024390243902,12.648893930799773,95.0,-11.98362685734418,1,0,18000,1763
2,125,far,REPRISE_L1_M0+TINS,97.26984307052373,14.010209869540555,95.0,-11.070305641940845,1,0,18000,1763
2,125,far,L1_plp+TINS,96.56947753198463,16.95972773681225,95.0,-6.3730910231718125,1,0,18000,1763
2,125,far,L2_static_x_plp,97.24090565324258,13.329551900170165,95.0,-11.604807808789825,1,0,18000,1763
2,125,far,REPRISE_L2_M0,96.98274563559588,14.861032331253545,95.0,-10.649042105321318,1,0,18000,1763
2,125,far,L2_plp,96.05804499905463,19.05842314237096,95.0,-5.932848892328878,1,0,18000,1763
2,125,far,L2_static_x_plp+TINS,97.53523980588643,12.365286443562109,95.0,-12.08250662017251,1,0,18000,1763
2,125,far,REPRISE_L2_M0+TINS,97.35481502489444,13.556437889960296,95.0,-11.117273161184489,1,0,18000,1763
2,125,far,L2_plp+TINS,96.66713619461775,16.619398752127058,95.0,-6.4063269543904084,1,0,18000,1763
2,123,near,L0_static_x_plp,89.99076666666666,42.620000000000005,95.0,-11.6503434365755,1,0,18000,5000
2,123,near,REPRISE_L0_M0,92.97983555555555,29.48,95.0,-10.677315129967466,1,0,18000,5000
2,123,near,L0_plp,91.21539388888888,36.120000000000005,95.0,-5.945702050493287,1,0,18000,5000
2,123,near,L0_static_x_plp+TINS,89.84968444444445,43.32,95.0,-11.948167166687204,1,0,18000,5000
2,123,near,REPRISE_L0_M0+TINS,92.88611555555555,30.06,95.0,-10.991286645985598,1,0,18000,5000
2,123,near,L0_plp+TINS,91.05065222222221,37.04,95.0,-6.245056693891575,1,0,18000,5000
2,123,near,L1_static_x_plp,90.66966444444444,39.660000000000004,95.0,-11.523394775403201,1,0,18000,5000
2,123,near,REPRISE_L1_M0,93.23409944444445,29.020000000000003,95.0,-10.7059944603592,1,0,18000,5000
2,123,near,L1_plp,91.91312222222223,33.1,95.0,-5.945760986694865,1,0,18000,5000
2,123,near,L1_static_x_plp+TINS,90.53298999999998,40.48,95.0,-11.872594142124917,1,0,18000,5000
2,123,near,REPRISE_L1_M0+TINS,93.15070222222221,29.18,95.0,-10.982050853407387,1,0,18000,5000
2,123,near,L1_plp+TINS,91.77384777777777,33.800000000000004,95.0,-6.220223804851556,1,0,18000,5000
2,123,near,L2_static_x_plp,89.9834861111111,42.66,95.0,-11.639664967950758,1,0,18000,5000
2,123,near,REPRISE_L2_M0,92.97565444444444,29.439999999999998,95.0,-10.669509519242867,1,0,18000,5000
2,123,near,L2_plp,91.20537888888887,36.24,95.0,-5.943876748959036,1,0,18000,5000
2,123,near,L2_static_x_plp+TINS,89.84250333333334,43.36,95.0,-11.946498404177875,1,0,18000,5000
2,123,near,REPRISE_L2_M0+TINS,92.88176333333334,30.159999999999997,95.0,-10.99333961463498,1,0,18000,5000
2,123,near,L2_plp+TINS,91.0408,37.019999999999996,95.0,-6.229624156660776,1,0,18000,5000
2,124,near,L0_static_x_plp,90.33270666666667,42.02,95.0,-11.569014476353487,1,0,18000,5000
2,124,near,REPRISE_L0_M0,93.41267999999998,28.04,95.0,-10.793879765873491,1,0,18000,5000
2,124,near,L0_plp,91.6706211111111,35.38,95.0,-6.015155979958551,1,0,18000,5000
2,124,near,L0_static_x_plp+TINS,90.20177777777778,42.72,95.0,-11.851684010287293,1,0,18000,5000
2,124,near,REPRISE_L0_M0+TINS,93.33626555555554,28.439999999999998,95.0,-11.044968759859593,1,0,18000,5000
2,124,near,L0_plp+TINS,91.52347999999999,36.120000000000005,95.0,-6.275972945772042,1,0,18000,5000
2,124,near,L1_static_x_plp,91.03284555555557,38.800000000000004,95.0,-11.513472994581342,1,0,18000,5000
2,124,near,REPRISE_L1_M0,93.65368777777779,26.640000000000004,95.0,-10.750361070737789,1,0,18000,5000
2,124,near,L1_plp,92.37816166666668,31.64,95.0,-5.9910945279963865,1,0,18000,5000
2,124,near,L1_static_x_plp+TINS,90.90585333333334,39.0,95.0,-11.781425226194026,1,0,18000,5000
2,124,near,REPRISE_L1_M0+TINS,93.58705111111111,27.12,95.0,-11.03427532425696,1,0,18000,5000
2,124,near,L1_plp+TINS,92.25451333333332,32.16,95.0,-6.243599267392832,1,0,18000,5000
2,124,near,L2_static_x_plp,90.323365,42.02,95.0,-11.568000053317348,1,0,18000,5000
2,124,near,REPRISE_L2_M0,93.40671055555555,28.060000000000002,95.0,-10.789628752204049,1,0,18000,5000
2,124,near,L2_plp,91.65905333333333,35.4,95.0,-6.005067740909805,1,0,18000,5000
2,124,near,L2_static_x_plp+TINS,90.19222888888889,42.78,95.0,-11.846263942817956,1,0,18000,5000
2,124,near,REPRISE_L2_M0+TINS,93.33022555555557,28.38,95.0,-11.039150127859445,1,0,18000,5000
2,124,near,L2_plp+TINS,91.51128,36.16,95.0,-6.271932337090353,1,0,18000,5000
2,125,near,L0_static_x_plp,90.12948666666666,42.76,95.0,-11.58402679911935,1,0,18000,5000
2,125,near,REPRISE_L0_M0,93.25483166666668,29.48,95.0,-10.693393015023553,1,0,18000,5000
2,125,near,L0_plp,91.35028944444443,36.08,95.0,-5.976219586572147,1,0,18000,5000
2,125,near,L0_static_x_plp+TINS,89.98588111111113,43.32,95.0,-11.911414986850943,1,0,18000,5000
2,125,near,REPRISE_L0_M0+TINS,93.15966555555556,29.799999999999997,95.0,-10.955644380631053,1,0,18000,5000
2,125,near,L0_plp+TINS,91.18372666666666,36.76,95.0,-6.240830245079355,1,0,18000,5000
2,125,near,L1_static_x_plp,90.83107166666666,39.379999999999995,95.0,-11.509285031782312,1,0,18000,5000
2,125,near,REPRISE_L1_M0,93.53193555555556,28.139999999999997,95.0,-10.641397258323071,1,0,18000,5000
2,125,near,L1_plp,92.07526111111112,31.419999999999998,95.0,-5.931046880564144,1,0,18000,5000
2,125,near,L1_static_x_plp+TINS,90.69392,39.92,95.0,-11.79351209292604,1,0,18000,5000
2,125,near,REPRISE_L1_M0+TINS,93.45012555555554,28.58,95.0,-10.914660663025325,1,0,18000,5000
2,125,near,L1_plp+TINS,91.93644333333333,32.78,95.0,-6.240603451258984,1,0,18000,5000
2,125,near,L2_static_x_plp,90.11965000000002,42.78,95.0,-11.58491378386277,1,0,18000,5000
2,125,near,REPRISE_L2_M0,93.24875055555556,29.5,95.0,-10.687791970599552,1,0,18000,5000
2,125,near,L2_plp,91.33783333333334,36.16,95.0,-5.9728227617604315,1,0,18000,5000
2,125,near,L2_static_x_plp+TINS,89.97646222222222,43.419999999999995,95.0,-11.909609961928163,1,0,18000,5000
2,125,near,REPRISE_L2_M0+TINS,93.15349111111112,29.759999999999998,95.0,-10.945511583510063,1,0,18000,5000
2,125,near,L2_plp+TINS,91.17139111111112,36.78,95.0,-6.23263732444035,1,0,18000,5000
3,123,far,L0_static_x_plp,97.14697642906661,14.010209869540555,95.0,-10.992098444005887,1,0,18000,1763
3,123,far,REPRISE_L0_M0,96.87378679019348,15.484968803176406,95.0,-10.45220812841212,1,0,18000,1763
3,123,far,L0_plp,95.64271601436943,20.079410096426546,95.0,-5.735011960250364,2,0,18000,1763
3,123,far,L0_static_x_plp+TINS,97.4926009957774,12.365286443562109,95.0,-11.462032024213242,1,0,18000,1763
3,123,far,REPRISE_L0_M0+TINS,97.26655637486607,13.216108905275098,95.0,-10.850466269348107,1,0,18000,1763
3,123,far,L0_plp+TINS,96.47122644482258,16.449234259784458,95.0,-6.162955314487731,1,0,18000,1763
3,123,far,L1_static_x_plp,97.17052845528455,13.783323879750425,95.0,-10.92354072228784,1,0,18000,1763
3,123,far,REPRISE_L1_M0,96.77597844583097,16.108905275099264,95.0,-10.389539202447146,1,0,18000,1763
3,123,far,L1_plp,95.52366862040712,20.41973908111174,95.0,-5.72553321629582,1,0,18000,1763
3,123,far,L1_static_x_plp+TINS,97.51247242704984,12.138400453771979,95.0,-11.388697777780378,1,0,18000,1763
3,123,far,REPRISE_L1_M0+TINS,97.19769017457615,13.499716392512761,95.0,-10.789631341678593,1,0,18000,1763
3,123,far,L1_plp+TINS,96.39175332450998,16.676120249574588,95.0,-6.184192373384717,1,0,18000,1763
3,123,far,L2_static_x_plp,97.14605785592741,14.010209869540555,95.0,-10.981546610962084,1,0,18000,1763
3,123,far,REPRISE_L2_M0,96.87341179807146,15.371525808281339,95.0,-10.446725304442174,1,0,18000,1763
3,123,far,L2_plp,95.64332419486986,20.079410096426546,95.0,-5.72875398353791,1,0,18000,1763
3,123,far,L2_static_x_plp+TINS,97.49186361631058,12.422007941009642,95.0,-11.463226802716427,1,0,18000,1763
3,123,far,REPRISE_L2_M0+TINS,97.26595764794858,13.272830402722633,95.0,-10.845664364877138,1,0,18000,1763
3,123,far,L2_plp+TINS,96.47116657213083,16.449234259784458,95.0,-6.161682226244473,1,0,18000,1763
3,124,far,L0_static_x_plp,97.19443341526438,13.896766874645492,95.0,-11.12747615404577,1,0,18000,1763
3,124,far,REPRISE_L0_M0,96.93238797504254,15.938740782756664,95.0,-10.47415922499443,1,0,18000,1763
3,124,far,L0_plp,95.70433761895758,20.76006806579694,95.0,-5.765597903975593,1,0,18000,1763
3,124,far,L0_static_x_plp+TINS,97.51890086342725,12.76233692569484,95.0,-11.570728871032454,1,0,18000,1763
3,124,far,REPRISE_L0_M0+TINS,97.30702086090628,14.52070334656835,95.0,-10.856166548929757,1,0,18000,1763
3,124,far,L0_plp+TINS,96.47815907228838,17.016449234259785,95.0,-6.209726688176068,1,0,18000,1763
3,124,far,L1_static_x_plp,97.21032961492406,14.180374361883153,95.0,-11.052179797626913,1,0,18000,1763
3,124,far,REPRISE_L1_M0,96.83020262179366,16.335791264889394,95.0,-10.37169312286388,1,0,18000,1763
3,124,far,L1_plp,95.57144702842378,21.0436755530346,95.0,-5.750527335534923,1,0,18000,1763
3,124,far,L1_static_x_plp+TINS,97.52843637738704,12.705615428247304,95.0,-11.46714837802323,1,0,18000,1763
3,124,far,REPRISE_L1_M0+TINS,97.23573769458625,14.577424844015882,95.0,-10.821889304858022,1,0,18000,1763
3,124,far,L1_plp+TINS,96.380185290225,17.12989222915485,95.0,-6.162462870966522,1,0,18000,1763
3,124,far,L2_static_x_plp,97.19488718724396,13.896766874645492,95.0,-11.129725166685805,1,0,18000,1763
3,124,far,REPRISE_L2_M0,96.9339525430138,15.938740782756664,95.0,-10.467852402470811,1,0,18000,1763
3,124,far,L2_plp,95.70654503056659,20.646625070901873,95.0,-5.761790527813634,1,0,18000,1763
3,124,far,L2_static_x_plp+TINS,97.51923489002333,12.705615428247304,95.0,-11.567174630408406,1,0,18000,1763
3,124,far,REPRISE_L2_M0+TINS,97.30790004411674,14.52070334656835,95.0,-10.849312512501966,1,0,18000,1763
3,124,far,L2_plp+TINS,96.48004663767568,17.016449234259785,95.0,-6.2055656613969115,1,0,18000,1763
3,125,far,L0_static_x_plp,97.27347954874898,13.556437889960296,95.0,-11.004415226759814,1,0,18000,1763
3,125,far,REPRISE_L0_M0,97.03700132350161,14.350538854225753,95.0,-10.33448258533889,1,0,18000,1763
3,125,far,L0_plp,95.88990987584295,18.888258650028362,95.0,-5.688173016212193,1,0,18000,1763
3,125,far,L0_static_x_plp+TINS,97.53591416146719,12.535450935904707,95.0,-11.511232904838382,1,0,18000,1763
3,125,far,REPRISE_L0_M0+TINS,97.34088674607678,13.896766874645492,95.0,-10.824531766640604,1,0,18000,1763
3,125,far,L0_plp+TINS,96.51219512195122,16.903006239364718,95.0,-6.183397482255899,1,0,18000,1763
3,125,far,L1_static_x_plp,97.29048654440034,13.783323879750425,95.0,-10.932735765686528,1,0,18000,1763
3,125,far,REPRISE_L1_M0,96.93322461712988,15.314804310833807,95.0,-10.307830515983298,1,0,18000,1763
3,125,far,L1_plp,95.74974317766434,19.68235961429382,95.0,-5.69283034621407,1,0,18000,1763
3,125,far,L1_static_x_plp+TINS,97.54840234448857,12.308564946114577,95.0,-11.38756026849269,1,0,18000,1763
3,125,far,REPRISE_L1_M0+TINS,97.26630743051618,13.840045377197956,95.0,-10.766915989480239,1,0,18000,1763
3,125,far,L1_plp+TINS,96.40742736497133,17.073170731707318,95.0,-6.160072347091412,1,0,18000,1763
3,125,far,L2_static_x_plp,97.27257358038696,13.556437889960296,95.0,-10.99624691848871,1,0,18000,1763
3,125,far,REPRISE_L2_M0,97.0370407134304,14.350538854225753,95.0,-10.32548542249014,1,0,18000,1763
3,125,far,L2_plp,95.88990672464864,18.888258650028362,95.0,-5.680277880142949,1,0,18000,1763
3,125,far,L2_static_x_plp+TINS,97.53548244784773,12.478729438457176,95.0,-11.493820063638328,1,0,18000,1763
3,125,far,REPRISE_L2_M0+TINS,97.34077330308186,13.840045377197956,95.0,-10.816995380557351,1,0,18000,1763
3,125,far,L2_plp+TINS,96.51244406630113,16.903006239364718,95.0,-6.179127460681134,1,0,18000,1763
3,123,near,L0_static_x_plp,90.45893999999998,41.54,95.0,-10.974509035861415,1,0,18000,5000
3,123,near,REPRISE_L0_M0,93.28277333333334,28.96,95.0,-10.362505394366035,1,0,18000,5000
3,123,near,L0_plp,91.56462333333334,34.82,95.0,-5.670361558511653,1,0,18000,5000
3,123,near,L0_static_x_plp+TINS,90.31521222222224,42.36,95.0,-11.30563630919571,1,0,18000,5000
3,123,near,REPRISE_L0_M0+TINS,93.18978000000001,29.2,95.0,-10.592983510504576,1,0,18000,5000
3,123,near,L0_plp+TINS,91.40510111111112,35.46,95.0,-5.9574121968785,1,0,18000,5000
3,123,near,L1_static_x_plp,91.11733166666667,38.62,95.0,-10.89999198067172,1,0,18000,5000
3,123,near,REPRISE_L1_M0,93.52267388888889,27.62,95.0,-10.312389708920328,1,0,18000,5000
3,123,near,L1_plp,92.20335222222224,31.66,95.0,-5.66422732261584,1,0,18000,5000
3,123,near,L1_static_x_plp+TINS,90.97581666666666,38.78,95.0,-11.131760184508934,1,0,18000,5000
3,123,near,REPRISE_L1_M0+TINS,93.44221444444445,27.92,95.0,-10.55414878736753,1,0,18000,5000
3,123,near,L1_plp+TINS,92.08016888888888,32.16,95.0,-5.960515987795265,1,0,18000,5000
3,123,near,L2_static_x_plp,90.44902499999999,41.58,95.0,-10.968758584589064,1,0,18000,5000
3,123,near,REPRISE_L2_M0,93.27673833333333,28.999999999999996,95.0,-10.35601569475813,1,0,18000,5000
3,123,near,L2_plp,91.55146611111111,34.86,95.0,-5.662028176952509,1,0,18000,5000
3,123,near,L2_static_x_plp+TINS,90.30519333333334,42.4,95.0,-11.304381544124345,1,0,18000,5000
3,123,near,REPRISE_L2_M0+TINS,93.18385777777777,29.18,95.0,-10.587788693627472,1,0,18000,5000
3,123,near,L2_plp+TINS,91.39238666666665,35.52,95.0,-5.956630524403577,1,0,18000,5000
3,124,near,L0_static_x_plp,90.70197944444443,41.660000000000004,95.0,-11.024497722502483,1,0,18000,5000
3,124,near,REPRISE_L0_M0,93.57846388888889,27.700000000000003,95.0,-10.34934260186133,1,0,18000,5000
3,124,near,L0_plp,91.93725222222223,33.86,95.0,-5.6625164582122105,1,0,18000,5000
3,124,near,L0_static_x_plp+TINS,90.58346000000002,41.959999999999994,95.0,-11.26846350127647,1,0,18000,5000
3,124,near,REPRISE_L0_M0+TINS,93.50409888888889,28.28,95.0,-10.604288580918812,1,0,18000,5000
3,124,near,L0_plp+TINS,91.80919,34.699999999999996,95.0,-5.920124720211979,1,0,18000,5000
3,124,near,L1_static_x_plp,91.37244611111112,38.34,95.0,-10.966127784789531,1,0,18000,5000
3,124,near,REPRISE_L1_M0,93.81885888888888,26.96,95.0,-10.391084815819486,1,0,18000,5000
3,124,near,L1_plp,92.56115055555556,30.320000000000004,95.0,-5.6813405434578454,1,0,18000,5000
3,124,near,L1_static_x_plp+TINS,91.25897888888888,38.62,95.0,-11.231896137372035,1,0,18000,5000
3,124,near,REPRISE_L1_M0+TINS,93.75729777777777,27.060000000000002,95.0,-10.588010371594706,1,0,18000,5000
3,124,near,L1_plp+TINS,92.47014333333333,30.9,95.0,-5.958695475679894,1,0,18000,5000
3,124,near,L2_static_x_plp,90.69229611111112,41.78,95.0,-11.023695854623089,1,0,18000,5000
3,124,near,REPRISE_L2_M0,93.57140222222222,27.74,95.0,-10.342975366300044,1,0,18000,5000
3,124,near,L2_plp,91.92418833333333,33.900000000000006,95.0,-5.657136351581254,1,0,18000,5000
3,124,near,L2_static_x_plp+TINS,90.57375777777777,42.059999999999995,95.0,-11.26846350127647,1,0,18000,5000
3,124,near,REPRISE_L2_M0+TINS,93.49731666666668,28.28,95.0,-10.598496851535078,1,0,18000,5000
3,124,near,L2_plp+TINS,91.79617111111112,34.760000000000005,95.0,-5.919457189836379,1,0,18000,5000
3,125,near,L0_static_x_plp,90.5275461111111,41.22,95.0,-10.983429604426961,1,0,18000,5000
3,125,near,REPRISE_L0_M0,93.52843777777777,28.720000000000002,95.0,-10.3686287312528,1,0,18000,5000
3,125,near,L0_plp,91.59908944444446,33.94,95.0,-5.703597486537825,1,0,18000,5000
3,125,near,L0_static_x_plp+TINS,90.40976777777777,42.32,95.0,-11.274842075872202,1,0,18000,5000
3,125,near,REPRISE_L0_M0+TINS,93.45694222222221,29.299999999999997,95.0,-10.632272458723625,1,0,18000,5000
3,125,near,L0_plp+TINS,91.4756711111111,35.0,95.0,-6.019361525061777,1,0,18000,5000
3,125,near,L1_static_x_plp,91.18657611111112,38.36,95.0,-10.951847847282295,1,0,18000,5000
3,125,near,REPRISE_L1_M0,93.77919388888888,27.62,95.0,-10.38098576895937,1,0,18000,5000
3,125,near,L1_plp,92.2414538888889,30.620000000000005,95.0,-5.726692444710805,1,0,18000,5000
3,125,near,L1_static_x_plp+TINS,91.07556222222222,38.800000000000004,95.0,-11.192728024692874,1,0,18000,5000
3,125,near,REPRISE_L1_M0+TINS,93.7194311111111,27.98,95.0,-10.61833928864202,1,0,18000,5000
3,125,near,L1_plp+TINS,92.15465333333334,31.480000000000004,95.0,-6.017929704004685,1,0,18000,5000
3,125,near,L2_static_x_plp,90.51759388888888,41.260000000000005,95.0,-10.980167203152938,1,0,18000,5000
3,125,near,REPRISE_L2_M0,93.52190388888889,28.720000000000002,95.0,-10.355383504502779,1,0,18000,5000
3,125,near,L2_plp,91.58530166666668,34.02,95.0,-5.703111853181458,1,0,18000,5000
3,125,near,L2_static_x_plp+TINS,90.39964222222223,42.32,95.0,-11.274842075872202,1,0,18000,5000
3,125,near,REPRISE_L2_M0+TINS,93.45015777777778,29.34,95.0,-10.627131231948127,1,0,18000,5000
3,125,near,L2_plp+TINS,91.46266888888887,35.04,95.0,-6.012577745851731,1,0,18000,5000
4,123,far,L0_static_x_plp,97.16166887250267,14.52070334656835,95.0,-11.044590432563389,1,0,18000,1763
4,123,far,REPRISE_L0_M0,96.83409749795173,16.108905275099264,95.0,-10.422686019325063,1,0,18000,1763
4,123,far,L0_plp,95.69168084704103,22.12138400453772,95.0,-5.778104103305158,1,0,18000,1763
4,123,far,L0_static_x_plp+TINS,97.4980903762526,13.045944412932501,95.0,-11.538814374224511,1,0,18000,1763
4,123,far,REPRISE_L0_M0+TINS,97.24768387218757,14.010209869540555,95.0,-10.908081974136179,1,0,18000,1763
4,123,far,L0_plp+TINS,96.4782788176719,18.207600680657972,95.0,-6.275371120465841,1,0,18000,1763
4,123,far,L1_static_x_plp,97.18045314174073,14.804310833806012,95.0,-10.941191724070354,1,0,18000,1763
4,123,far,REPRISE_L1_M0,96.71670448099829,16.73284174702212,95.0,-10.420509630389581,1,0,18000,1763
4,123,far,L1_plp,95.5352539862608,22.51843448667045,95.0,-5.767100274801864,1,0,18000,1763
4,123,far,L1_static_x_plp+TINS,97.51528959475641,13.102665910380034,95.0,-11.358373252581233,1,0,18000,1763
4,123,far,REPRISE_L1_M0+TINS,97.1631278754648,14.350538854225753,95.0,-10.870574377562157,1,0,18000,1763
4,123,far,L1_plp+TINS,96.38407071280015,18.491208167895632,95.0,-6.262343312824025,1,0,18000,1763
4,123,far,L2_static_x_plp,97.16051868658222,14.52070334656835,95.0,-11.038883746612704,1,0,18000,1763
4,123,far,REPRISE_L2_M0,96.83377450053572,16.108905275099264,95.0,-10.418149083473608,1,0,18000,1763
4,123,far,L2_plp,95.69175805130143,22.12138400453772,95.0,-5.774894546528683,1,0,18000,1763
4,123,far,L2_static_x_plp+TINS,97.49706623810424,13.045944412932501,95.0,-11.520216734421808,1,0,18000,1763
4,123,far,REPRISE_L2_M0+TINS,97.24722379781936,13.953488372093023,95.0,-10.901051015484624,1,0,18000,1763
4,123,far,L2_plp+TINS,96.47765173000568,18.150879183210435,95.0,-6.270758238855915,1,0,18000,1763
4,124,far,L0_static_x_plp,97.19480840738639,14.74758933635848,95.0,-11.061129917792952,1,0,18000,1763
4,124,far,REPRISE_L0_M0,96.89489191403541,15.938740782756664,95.0,-10.326496250561405,1,0,18000,1763
4,124,far,L0_plp,95.71648704859143,20.986954055587066,95.0,-5.704337953065549,1,0,18000,1763
4,124,far,L0_static_x_plp+TINS,97.48282599105062,13.329551900170165,95.0,-11.623967197423127,1,0,18000,1763
4,124,far,REPRISE_L0_M0+TINS,97.23368626709524,14.974475326148609,95.0,-10.756326681150904,1,0,18000,1763
4,124,far,L0_plp+TINS,96.37082309195185,18.547929665343165,95.0,-6.2585009084886245,1,0,18000,1763
4,124,far,L1_static_x_plp,97.20796779479424,14.577424844015882,95.0,-10.970261737193116,1,0,18000,1763
4,124,far,REPRISE_L1_M0,96.76519033213589,16.392512762336924,95.0,-10.308420803954371,1,0,18000,1763
4,124,far,L1_plp,95.52878615995463,21.837776517300057,95.0,-5.6873533813591495,1,0,18000,1763
4,124,far,L1_static_x_plp+TINS,97.49067561605848,13.726602382302893,95.0,-11.52842321775392,1,0,18000,1763
4,124,far,REPRISE_L1_M0+TINS,97.14004852839227,15.144639818491209,95.0,-10.70339723641857,1,0,18000,1763
4,124,far,L1_plp+TINS,96.25172055208924,19.11514463981849,95.0,-6.247360698025744,1,0,18000,1763
4,124,far,L2_static_x_plp,97.19497069389298,14.74758933635848,95.0,-11.047971189266988,1,0,18000,1763
4,124,far,REPRISE_L2_M0,96.89603107077582,15.882019285309132,95.0,-10.31478085900287,1,0,18000,1763
4,124,far,L2_plp,95.7173977437449,20.986954055587066,95.0,-5.698061395631621,1,0,18000,1763
4,124,far,L2_static_x_plp+TINS,97.4830560282347,13.386273397617698,95.0,-11.61782183235227,1,0,18000,1763
4,124,far,REPRISE_L2_M0+TINS,97.23470410285499,14.74758933635848,95.0,-10.737221932151382,1,0,18000,1763
4,124,far,L2_plp+TINS,96.37320224365035,18.547929665343165,95.0,-6.25070420686745,1,0,18000,1763
4,125,far,L0_static_x_plp,97.29250330875404,13.66988088485536,95.0,-10.9702595153825,1,0,18000,1763
4,125,far,REPRISE_L0_M0,96.98362639440347,14.917753828701077,95.0,-10.299677581790137,1,0,18000,1763
4,125,far,L0_plp,96.01494926577172,19.852524106636416,95.0,-5.700087738776854,1,0,18000,1763
4,125,far,L0_static_x_plp+TINS,97.57884603264637,12.819058423142371,95.0,-11.491328897963832,1,0,18000,1763
4,125,far,REPRISE_L0_M0+TINS,97.35756601752065,14.690867838910949,95.0,-10.822920253242224,1,0,18000,1763
4,125,far,L0_plp+TINS,96.66211003970504,17.300056721497448,95.0,-6.238117811090786,1,0,18000,1763
4,125,far,L1_static_x_plp,97.31058328606542,13.896766874645492,95.0,-10.875637877094023,1,0,18000,1763
4,125,far,REPRISE_L1_M0,96.86226444822587,16.05218377765173,95.0,-10.335835073389331,1,0,18000,1763
4,125,far,L1_plp,95.86364624692759,19.852524106636416,95.0,-5.691663978630354,1,0,18000,1763
4,125,far,L1_static_x_plp+TINS,97.5994138778597,12.76233692569484,95.0,-11.390688074045341,1,0,18000,1763
4,125,far,REPRISE_L1_M0+TINS,97.27517489128381,15.031196823596144,95.0,-10.781999491522372,1,0,18000,1763
4,125,far,L1_plp+TINS,96.57214974475326,17.81055019852524,95.0,-6.214731701376126,1,0,18000,1763
4,125,far,L2_static_x_plp,97.29199123967985,13.613159387407828,95.0,-10.957344756002604,1,0,18000,1763
4,125,far,REPRISE_L2_M0,96.98402344488561,14.917753828701077,95.0,-10.288684578632203,1,0,18000,1763
4,125,far,L2_plp,96.01525493161908,19.795802609188883,95.0,-5.6940897201283,1,0,18000,1763
4,125,far,L2_static_x_plp+TINS,97.57857502993636,12.875779920589903,95.0,-11.486403250745964,1,0,18000,1763
4,125,far,REPRISE_L2_M0+TINS,97.35820255876978,14.690867838910949,95.0,-10.819348214083266,1,0,18000,1763
4,125,far,L2_plp+TINS,96.66356589147286,17.356778218944978,95.0,-6.235501396428224,1,0,18000,1763
4,123,near,L0_static_x_plp,89.6927,42.24,95.0,-10.835053355771656,1,0,18000,5000
4,123,near,REPRISE_L0_M0,92.64504,29.82,95.0,-10.325346925558565,1,0,18000,5000
4,123,near,L0_plp,90.59510222222222,36.52,95.0,-5.619180144725242,1,0,18000,5000
4,123,near,L0_static_x_plp+TINS,89.56770555555555,43.14,95.0,-11.120446309528175,1,0,18000,5000
4,123,near,REPRISE_L0_M0+TINS,92.55707222222222,29.92,95.0,-10.536193573080102,1,0,18000,5000
4,123,near,L0_plp+TINS,90.45746777777778,37.3,95.0,-5.88600930097804,1,0,18000,5000
4,123,near,L1_static_x_plp,90.39795111111111,39.12,95.0,-10.754252587724032,1,0,18000,5000
4,123,near,REPRISE_L1_M0,92.91004944444445,28.54,95.0,-10.295189234924004,1,0,18000,5000
4,123,near,L1_plp,91.32831777777778,33.22,95.0,-5.597894690456485,1,0,18000,5000
4,123,near,L1_static_x_plp+TINS,90.27497333333334,40.0,95.0,-11.053050337043585,1,0,18000,5000
4,123,near,REPRISE_L1_M0+TINS,92.83293666666667,28.96,95.0,-10.517663732432881,1,0,18000,5000
4,123,near,L1_plp+TINS,91.20922333333333,33.800000000000004,95.0,-5.848340797227447,1,0,18000,5000
4,123,near,L2_static_x_plp,89.684965,42.24,95.0,-10.834404969238808,1,0,18000,5000
4,123,near,REPRISE_L2_M0,92.63980611111111,29.86,95.0,-10.319829319452763,1,0,18000,5000
4,123,near,L2_plp,90.58441833333333,36.44,95.0,-5.608102275740281,1,0,18000,5000
4,123,near,L2_static_x_plp+TINS,89.56034666666667,43.22,95.0,-11.121513852437921,1,0,18000,5000
4,123,near,REPRISE_L2_M0+TINS,92.55220666666666,29.92,95.0,-10.527140733089798,1,0,18000,5000
4,123,near,L2_plp+TINS,90.44693666666667,37.28,95.0,-5.875798337189242,1,0,18000,5000
4,124,near,L0_static_x_plp,89.95606166666667,42.6,95.0,-10.86610266912056,1,0,18000,5000
4,124,near,REPRISE_L0_M0,93.00853888888889,28.199999999999996,95.0,-10.245752042246734,1,0,18000,5000
4,124,near,L0_plp,91.0808161111111,35.82,95.0,-5.6023581455672,1,0,18000,5000
4,124,near,L0_static_x_plp+TINS,89.83288333333333,43.120000000000005,95.0,-11.185789882927235,1,0,18000,5000
4,124,near,REPRISE_L0_M0+TINS,92.91634777777777,28.720000000000002,95.0,-10.514731786405083,1,0,18000,5000
4,124,near,L0_plp+TINS,90.92670222222222,36.3,95.0,-5.896304756093759,1,0,18000,5000
4,124,near,L1_static_x_plp,90.69965055555555,39.22,95.0,-10.822397923299285,1,0,18000,5000
4,124,near,REPRISE_L1_M0,93.28595388888887,27.1,95.0,-10.246140091771741,1,0,18000,5000
4,124,near,L1_plp,91.83024055555555,31.96,95.0,-5.5952344511288885,1,0,18000,5000
4,124,near,L1_static_x_plp+TINS,90.57850777777777,39.739999999999995,95.0,-11.126410349662862,1,0,18000,5000
4,124,near,REPRISE_L1_M0+TINS,93.20617444444443,27.36,95.0,-10.484647224698195,1,0,18000,5000
4,124,near,L1_plp+TINS,91.70211111111112,32.64,95.0,-5.873960820892839,1,0,18000,5000
4,124,near,L2_static_x_plp,89.94597999999999,42.620000000000005,95.0,-10.861299797767703,1,0,18000,5000
4,124,near,REPRISE_L2_M0,93.00238,28.18,95.0,-10.24456826594944,1,0,18000,5000
4,124,near,L2_plp,91.06728166666667,35.9,95.0,-5.591505422569021,1,0,18000,5000
4,124,near,L2_static_x_plp+TINS,89.82313,43.18,95.0,-11.182945782186955,1,0,18000,5000
4,124,near,REPRISE_L2_M0+TINS,92.91012888888889,28.720000000000002,95.0,-10.513268488375065,1,0,18000,5000
4,124,near,L2_plp+TINS,90.91332555555556,36.3,95.0,-5.893690572883344,1,0,18000,5000
4,125,near,L0_static_x_plp,89.72246277777778,42.9,95.0,-10.906438654299969,1,0,18000,5000
4,125,near,REPRISE_L0_M0,93.0600938888889,28.58,95.0,-10.205437157809595,1,0,18000,5000
4,125,near,L0_plp,90.60305277777779,36.64,95.0,-5.66400496697932,1,0,18000,5000
4,125,near,L0_static_x_plp+TINS,89.59217111111111,43.44,95.0,-11.165069232353302,1,0,18000,5000
4,125,near,REPRISE_L0_M0+TINS,92.96986555555556,29.160000000000004,95.0,-10.475629920473349,1,0,18000,5000
4,125,near,L0_plp+TINS,90.45288444444445,37.54,95.0,-5.94736525261292,1,0,18000,5000
4,125,near,L1_static_x_plp,90.450585,39.34,95.0,-10.852315951572312,1,0,18000,5000
4,125,near,REPRISE_L1_M0,93.32399,27.48,95.0,-10.202715663845748,1,0,18000,5000
4,125,near,L1_plp,91.35386166666666,33.239999999999995,95.0,-5.690498969875239,1,0,18000,5000
4,125,near,L1_static_x_plp+TINS,90.32596333333332,39.900000000000006,95.0,-11.14317682050755,1,0,18000,5000
4,125,near,REPRISE_L1_M0+TINS,93.2477088888889,27.700000000000003,95.0,-10.46929546767876,1,0,18000,5000
4,125,near,L1_plp+TINS,91.22873777777777,33.42,95.0,-5.925468172297225,1,0,18000,5000
4,125,near,L2_static_x_plp,89.71319722222222,42.88,95.0,-10.897257009312298,1,0,18000,5000
4,125,near,REPRISE_L2_M0,93.05428888888889,28.560000000000002,95.0,-10.194615586839571,1,0,18000,5000
4,125,near,L2_plp,90.59140611111111,36.620000000000005,95.0,-5.660188168452619,1,0,18000,5000
4,125,near,L2_static_x_plp+TINS,89.58259444444445,43.62,95.0,-11.173958179770548,1,0,18000,5000
4,125,near,REPRISE_L2_M0+TINS,92.96398111111111,29.220000000000002,95.0,-10.476080179615916,1,0,18000,5000
4,125,near,L2_plp+TINS,90.44185888888889,37.519999999999996,95.0,-5.944773691624802,1,0,18000,5000
