capacity,method,configuration,stream,metric,mean,lo,hi,n,unit
8192,AdaNeg_type,cfg1,far,FPR95,43.770088863679334,43.14630681480019,44.39387091255848,5,"support/calibration draw, after averaging matched orders"
8192,AdaNeg_type,cfg1,far,AUROC,92.21349982143232,92.06639143223492,92.36060821062972,5,"support/calibration draw, after averaging matched orders"
8192,AdaNeg_type,cfg1,near,FPR95,36.39866666666667,35.29214656314834,37.505186770185,5,"support/calibration draw, after averaging matched orders"
8192,AdaNeg_type,cfg1,near,AUROC,88.36426748148148,88.00281428300734,88.72572067995561,5,"support/calibration draw, after averaging matched orders"
8192,AdaNeg_type+TINS,cfg1,far,FPR95,27.661183588580077,27.19519140403772,28.127175773122435,5,"support/calibration draw, after averaging matched orders"
8192,AdaNeg_type+TINS,cfg1,far,AUROC,94.87710825402829,94.77050857232109,94.98370793573548,5,"support/calibration draw, after averaging matched orders"
8192,AdaNeg_type+TINS,cfg1,near,FPR95,36.54533333333334,35.505421305659716,37.58524536100696,5,"support/calibration draw, after averaging matched orders"
8192,AdaNeg_type+TINS,cfg1,near,AUROC,88.30220237037037,87.87992284105341,88.72448189968732,5,"support/calibration draw, after averaging matched orders"
8192,L0_cdf,cfg0,far,FPR95,65.61920968046891,26.16387984861918,105.07453951231864,5,"support/calibration draw, after averaging matched orders"
8192,L0_cdf,cfg0,far,AUROC,89.77030535072792,88.59474578135637,90.94586492009948,5,"support/calibration draw, after averaging matched orders"
8192,L0_cdf,cfg0,near,FPR95,69.18666666666668,34.14400235089538,104.22933098243799,5,"support/calibration draw, after averaging matched orders"
8192,L0_cdf,cfg0,near,AUROC,83.57974677777779,82.06269549638832,85.09679805916726,5,"support/calibration draw, after averaging matched orders"
8192,L0_cdf+TINS,cfg0,far,FPR95,26.33768198147098,24.422308412245307,28.25305555069665,5,"support/calibration draw, after averaging matched orders"
8192,L0_cdf+TINS,cfg0,far,AUROC,92.79145280561333,92.27398814389306,93.3089174673336,5,"support/calibration draw, after averaging matched orders"
8192,L0_cdf+TINS,cfg0,near,FPR95,56.612,41.525202308481596,71.69879769151841,5,"support/calibration draw, after averaging matched orders"
8192,L0_cdf+TINS,cfg0,near,AUROC,83.43661451851851,82.01367673369269,84.85955230334433,5,"support/calibration draw, after averaging matched orders"
8192,L0_norm,cfg0,far,FPR95,23.399508413688785,20.51800317042683,26.28101365695074,5,"support/calibration draw, after averaging matched orders"
8192,L0_norm,cfg0,far,AUROC,95.21143841515935,94.68256735118067,95.74030947913803,5,"support/calibration draw, after averaging matched orders"
8192,L0_norm,cfg0,near,FPR95,42.93866666666666,41.56782362586559,44.30950970746773,5,"support/calibration draw, after averaging matched orders"
8192,L0_norm,cfg0,near,AUROC,89.16673933333333,88.5737865705576,89.75969209610905,5,"support/calibration draw, after averaging matched orders"
8192,L0_norm+TINS,cfg0,far,FPR95,27.075061448288903,25.461414768684467,28.68870812789334,5,"support/calibration draw, after averaging matched orders"
8192,L0_norm+TINS,cfg0,far,AUROC,95.3831249343501,95.02058620424891,95.7456636644513,5,"support/calibration draw, after averaging matched orders"
8192,L0_norm+TINS,cfg0,near,FPR95,52.49066666666666,51.57775320178159,53.403580131551735,5,"support/calibration draw, after averaging matched orders"
8192,L0_norm+TINS,cfg0,near,AUROC,87.57923422222223,87.07298343761283,88.08548500683162,5,"support/calibration draw, after averaging matched orders"
8192,L0_plp,cfg0,far,FPR95,22.22348269994328,19.17953189399208,25.267433505894477,5,"support/calibration draw, after averaging matched orders"
8192,L0_plp,cfg0,far,AUROC,95.41147444381421,94.87129753262201,95.95165135500642,5,"support/calibration draw, after averaging matched orders"
8192,L0_plp,cfg0,near,FPR95,41.486666666666665,40.06236265548252,42.91097067785081,5,"support/calibration draw, after averaging matched orders"
8192,L0_plp,cfg0,near,AUROC,89.73121492592591,89.16003249782476,90.30239735402706,5,"support/calibration draw, after averaging matched orders"
8192,L0_plp+TINS,cfg0,far,FPR95,18.994138778597087,16.466716201651398,21.521561355542776,5,"support/calibration draw, after averaging matched orders"
8192,L0_plp+TINS,cfg0,far,AUROC,96.20930316589988,95.74236962277062,96.67623670902914,5,"support/calibration draw, after averaging matched orders"
8192,L0_plp+TINS,cfg0,near,FPR95,42.34666666666667,40.69761512533829,43.995718207995054,5,"support/calibration draw, after averaging matched orders"
8192,L0_plp+TINS,cfg0,near,AUROC,89.59569488888889,89.03315280323282,90.15823697454495,5,"support/calibration draw, after averaging matched orders"
8192,L0_raw,cfg0,far,FPR95,34.56608054452637,32.2749165552186,36.85724453383414,5,"support/calibration draw, after averaging matched orders"
8192,L0_raw,cfg0,far,AUROC,91.142705195269,90.54699532692263,91.73841506361538,5,"support/calibration draw, after averaging matched orders"
8192,L0_raw,cfg0,near,FPR95,46.33200000000001,45.25280102971707,47.411198970282946,5,"support/calibration draw, after averaging matched orders"
8192,L0_raw,cfg0,near,AUROC,84.94076866666666,84.32534473089594,85.55619260243738,5,"support/calibration draw, after averaging matched orders"
8192,L0_raw+TINS,cfg0,far,FPR95,28.825865002836075,27.319294320244847,30.332435685427303,5,"support/calibration draw, after averaging matched orders"
8192,L0_raw+TINS,cfg0,far,AUROC,93.70955400096636,93.22948812379995,94.18961987813277,5,"support/calibration draw, after averaging matched orders"
8192,L0_raw+TINS,cfg0,near,FPR95,53.772000000000006,52.86335982176397,54.68064017823604,5,"support/calibration draw, after averaging matched orders"
8192,L0_raw+TINS,cfg0,near,AUROC,84.05009703703703,83.4977137550967,84.60248031897737,5,"support/calibration draw, after averaging matched orders"
8192,L1_cdf,cfg0,far,FPR95,64.96124031007753,24.856838356779974,105.06564226337508,5,"support/calibration draw, after averaging matched orders"
8192,L1_cdf,cfg0,far,AUROC,89.41864120501671,88.05772501358118,90.77955739645225,5,"support/calibration draw, after averaging matched orders"
8192,L1_cdf,cfg0,near,FPR95,78.164,40.997214576268135,115.33078542373187,5,"support/calibration draw, after averaging matched orders"
8192,L1_cdf,cfg0,near,AUROC,84.44077559259259,82.72298446955165,86.15856671563353,5,"support/calibration draw, after averaging matched orders"
8192,L1_cdf+TINS,cfg0,far,FPR95,26.65532236717716,24.579065416609232,28.731579317745087,5,"support/calibration draw, after averaging matched orders"
8192,L1_cdf+TINS,cfg0,far,AUROC,92.64801201655426,92.08832853505402,93.2076954980545,5,"support/calibration draw, after averaging matched orders"
8192,L1_cdf+TINS,cfg0,near,FPR95,54.690666666666665,37.533468339027216,71.84786499430612,5,"support/calibration draw, after averaging matched orders"
8192,L1_cdf+TINS,cfg0,near,AUROC,84.34287355555556,82.76218065806799,85.92356645304312,5,"support/calibration draw, after averaging matched orders"
8192,L1_norm,cfg0,far,FPR95,24.67006995651352,21.660955339861093,27.679184573165944,5,"support/calibration draw, after averaging matched orders"
8192,L1_norm,cfg0,far,AUROC,94.91628411167832,94.32534453328869,95.50722369006796,5,"support/calibration draw, after averaging matched orders"
8192,L1_norm,cfg0,near,FPR95,39.056,37.81059457268314,40.30140542731686,5,"support/calibration draw, after averaging matched orders"
8192,L1_norm,cfg0,near,AUROC,89.90224133333334,89.34472109904453,90.45976156762214,5,"support/calibration draw, after averaging matched orders"
8192,L1_norm+TINS,cfg0,far,FPR95,26.734732463603706,24.9157321267522,28.55373280045521,5,"support/calibration draw, after averaging matched orders"
8192,L1_norm+TINS,cfg0,far,AUROC,95.28550450620784,94.87706951202226,95.69393950039343,5,"support/calibration draw, after averaging matched orders"
8192,L1_norm+TINS,cfg0,near,FPR95,47.504000000000005,46.51383664687428,48.49416335312573,5,"support/calibration draw, after averaging matched orders"
8192,L1_norm+TINS,cfg0,near,AUROC,88.48028918518517,87.98996176725093,88.97061660311941,5,"support/calibration draw, after averaging matched orders"
8192,L1_plp,cfg0,far,FPR95,22.881452070334657,19.622025257496066,26.140878883173247,5,"support/calibration draw, after averaging matched orders"
8192,L1_plp,cfg0,far,AUROC,95.23688588475031,94.63382304808154,95.83994872141908,5,"support/calibration draw, after averaging matched orders"
8192,L1_plp,cfg0,near,FPR95,37.12133333333333,35.69477721349032,38.547889453176346,5,"support/calibration draw, after averaging matched orders"
8192,L1_plp,cfg0,near,AUROC,90.62055140740742,90.0930816756664,91.14802113914844,5,"support/calibration draw, after averaging matched orders"
8192,L1_plp+TINS,cfg0,far,FPR95,19.243713367366233,16.600908493970497,21.88651824076197,5,"support/calibration draw, after averaging matched orders"
8192,L1_plp+TINS,cfg0,far,AUROC,96.07972563601604,95.56030278572005,96.59914848631202,5,"support/calibration draw, after averaging matched orders"
8192,L1_plp+TINS,cfg0,near,FPR95,37.88933333333334,36.46033923670447,39.31832742996221,5,"support/calibration draw, after averaging matched orders"
8192,L1_plp+TINS,cfg0,near,AUROC,90.50601666666668,89.98333016585354,91.02870316747982,5,"support/calibration draw, after averaging matched orders"
8192,L1_raw,cfg0,far,FPR95,34.65683494044243,32.32811620620357,36.98555367468129,5,"support/calibration draw, after averaging matched orders"
8192,L1_raw,cfg0,far,AUROC,91.01462574315666,90.36749841586271,91.6617530704506,5,"support/calibration draw, after averaging matched orders"
8192,L1_raw,cfg0,near,FPR95,42.361333333333334,41.36312677168136,43.35953989498531,5,"support/calibration draw, after averaging matched orders"
8192,L1_raw,cfg0,near,AUROC,86.07911074074073,85.48498400973159,86.67323747174987,5,"support/calibration draw, after averaging matched orders"
8192,L1_raw+TINS,cfg0,far,FPR95,28.34184155795046,26.740279721481024,29.943403394419896,5,"support/calibration draw, after averaging matched orders"
8192,L1_raw+TINS,cfg0,far,AUROC,93.66839436146299,93.14475624471119,94.19203247821478,5,"support/calibration draw, after averaging matched orders"
8192,L1_raw+TINS,cfg0,near,FPR95,48.89333333333333,48.147944142685056,49.638722523981606,5,"support/calibration draw, after averaging matched orders"
8192,L1_raw+TINS,cfg0,near,AUROC,85.25753222222221,84.71688694240012,85.7981775020443,5,"support/calibration draw, after averaging matched orders"
8192,L2_cdf,cfg0,far,FPR95,65.69105691056912,26.336577134447943,105.0455366866903,5,"support/calibration draw, after averaging matched orders"
8192,L2_cdf,cfg0,far,AUROC,89.89240152517803,88.75794639134071,91.02685665901535,5,"support/calibration draw, after averaging matched orders"
8192,L2_cdf,cfg0,near,FPR95,69.35733333333333,34.51329970994696,104.2013669567197,5,"support/calibration draw, after averaging matched orders"
8192,L2_cdf,cfg0,near,AUROC,83.65387296296296,82.18762265027583,85.1201232756501,5,"support/calibration draw, after averaging matched orders"
8192,L2_cdf+TINS,cfg0,far,FPR95,26.212894687086408,24.257820921842193,28.167968452330623,5,"support/calibration draw, after averaging matched orders"
8192,L2_cdf+TINS,cfg0,far,AUROC,92.84462857923154,92.32426516315775,93.36499199530533,5,"support/calibration draw, after averaging matched orders"
8192,L2_cdf+TINS,cfg0,near,FPR95,56.120000000000005,41.20516820967033,71.03483179032968,5,"support/calibration draw, after averaging matched orders"
8192,L2_cdf+TINS,cfg0,near,AUROC,83.50876748148148,82.12894606538305,84.88858889757992,5,"support/calibration draw, after averaging matched orders"
8192,L2_norm,cfg0,far,FPR95,23.361694082057102,20.499138835519098,26.224249328595107,5,"support/calibration draw, after averaging matched orders"
8192,L2_norm,cfg0,far,AUROC,95.21345496943341,94.68464043856586,95.74226950030096,5,"support/calibration draw, after averaging matched orders"
8192,L2_norm,cfg0,near,FPR95,43.029333333333334,41.6925635138939,44.366103152772766,5,"support/calibration draw, after averaging matched orders"
8192,L2_norm,cfg0,near,AUROC,89.13891303703704,88.54553703114824,89.73228904292584,5,"support/calibration draw, after averaging matched orders"
8192,L2_norm+TINS,cfg0,far,FPR95,27.044809982983555,25.40007446275576,28.68954550321135,5,"support/calibration draw, after averaging matched orders"
8192,L2_norm+TINS,cfg0,far,AUROC,95.38622486922543,95.02396136783663,95.74848837061423,5,"support/calibration draw, after averaging matched orders"
8192,L2_norm+TINS,cfg0,near,FPR95,52.60533333333333,51.7092987924558,53.50136787421086,5,"support/calibration draw, after averaging matched orders"
8192,L2_norm+TINS,cfg0,near,AUROC,87.55447000000001,87.04811532975882,88.0608246702412,5,"support/calibration draw, after averaging matched orders"
8192,L2_plp,cfg0,far,FPR95,22.215919833616944,19.24224405243,25.18959561480389,5,"support/calibration draw, after averaging matched orders"
8192,L2_plp,cfg0,far,AUROC,95.41023865044852,94.87000618425999,95.95047111663705,5,"support/calibration draw, after averaging matched orders"
8192,L2_plp,cfg0,near,FPR95,41.61333333333334,40.223840367165174,43.0028262995015,5,"support/calibration draw, after averaging matched orders"
8192,L2_plp,cfg0,near,AUROC,89.6955431111111,89.123740787692,90.26734543453021,5,"support/calibration draw, after averaging matched orders"
8192,L2_plp+TINS,cfg0,far,FPR95,19.024390243902438,16.46706271353401,21.581717774270867,5,"support/calibration draw, after averaging matched orders"
8192,L2_plp+TINS,cfg0,far,AUROC,96.20946030545576,95.7420108828915,96.67690972802002,5,"support/calibration draw, after averaging matched orders"
8192,L2_plp+TINS,cfg0,near,FPR95,42.49466666666667,40.85917107252799,44.13016226080534,5,"support/calibration draw, after averaging matched orders"
8192,L2_plp+TINS,cfg0,near,AUROC,89.56079274074075,88.99765214035729,90.12393334112421,5,"support/calibration draw, after averaging matched orders"
8192,L2_raw,cfg0,far,FPR95,34.47532614861033,32.208818877576746,36.74183341964391,5,"support/calibration draw, after averaging matched orders"
8192,L2_raw,cfg0,far,AUROC,91.21257746685994,90.61765715446572,91.80749777925416,5,"support/calibration draw, after averaging matched orders"
8192,L2_raw,cfg0,near,FPR95,46.42933333333334,45.386654251589334,47.472012415077344,5,"support/calibration draw, after averaging matched orders"
8192,L2_raw,cfg0,near,AUROC,84.97248851851853,84.35680457075115,85.58817246628591,5,"support/calibration draw, after averaging matched orders"
8192,L2_raw+TINS,cfg0,far,FPR95,28.80317640385706,27.301368955833414,30.304983851880703,5,"support/calibration draw, after averaging matched orders"
8192,L2_raw+TINS,cfg0,far,AUROC,93.73722904980988,93.25856851280794,94.21588958681183,5,"support/calibration draw, after averaging matched orders"
8192,L2_raw+TINS,cfg0,near,FPR95,53.86400000000001,52.99750790271468,54.73049209728534,5,"support/calibration draw, after averaging matched orders"
8192,L2_raw+TINS,cfg0,near,AUROC,84.07527807407408,83.52324651417491,84.62730963397324,5,"support/calibration draw, after averaging matched orders"
8192,M0_pt,cfg0,far,FPR95,29.007373794668176,28.332985332286544,29.681762257049808,5,"support/calibration draw, after averaging matched orders"
8192,M0_pt,cfg0,far,AUROC,94.8557006155333,94.7402210099672,94.97118022109939,5,"support/calibration draw, after averaging matched orders"
8192,M0_pt,cfg0,near,FPR95,36.42666666666667,35.707334562814964,37.145998770518375,5,"support/calibration draw, after averaging matched orders"
8192,M0_pt,cfg0,near,AUROC,89.85299270370369,89.63970522052853,90.06628018687886,5,"support/calibration draw, after averaging matched orders"
8192,M0_pt+TINS,cfg0,far,FPR95,21.281905842314234,20.86438311765819,21.69942856697028,5,"support/calibration draw, after averaging matched orders"
8192,M0_pt+TINS,cfg0,far,AUROC,96.21198126089789,96.13225719084151,96.29170533095426,5,"support/calibration draw, after averaging matched orders"
8192,M0_pt+TINS,cfg0,near,FPR95,36.980000000000004,36.39245394913022,37.56754605086979,5,"support/calibration draw, after averaging matched orders"
8192,M0_pt+TINS,cfg0,near,AUROC,89.73393118518518,89.48063131219894,89.98723105817143,5,"support/calibration draw, after averaging matched orders"
8192,M1_pt,cfg0,far,FPR95,28.91661939875213,28.079398747441985,29.753840050062273,5,"support/calibration draw, after averaging matched orders"
8192,M1_pt,cfg0,far,AUROC,94.84287830087604,94.76779048857394,94.91796611317814,5,"support/calibration draw, after averaging matched orders"
8192,M1_pt,cfg0,near,FPR95,36.58933333333333,36.08726142934874,37.091405237317915,5,"support/calibration draw, after averaging matched orders"
8192,M1_pt,cfg0,near,AUROC,89.84622059259259,89.60531512257849,90.08712606260669,5,"support/calibration draw, after averaging matched orders"
8192,M1_pt+TINS,cfg0,far,FPR95,21.236528644356216,20.929804981002373,21.54325230771006,5,"support/calibration draw, after averaging matched orders"
8192,M1_pt+TINS,cfg0,far,AUROC,96.20879813449297,96.15489565773196,96.26270061125398,5,"support/calibration draw, after averaging matched orders"
8192,M1_pt+TINS,cfg0,near,FPR95,37.14266666666667,36.63567160576755,37.64966172756579,5,"support/calibration draw, after averaging matched orders"
8192,M1_pt+TINS,cfg0,near,AUROC,89.72106429629629,89.47097925709026,89.97114933550232,5,"support/calibration draw, after averaging matched orders"
8192,MahaPP_type,cfg2,far,FPR95,15.46228020419739,14.725968239333856,16.198592169060923,5,"support/calibration draw, after averaging matched orders"
8192,MahaPP_type,cfg2,far,AUROC,96.92140385706182,96.84497152637795,96.99783618774569,5,"support/calibration draw, after averaging matched orders"
8192,MahaPP_type,cfg2,near,FPR95,60.164,57.94900227906913,62.378997720930876,5,"support/calibration draw, after averaging matched orders"
8192,MahaPP_type,cfg2,near,AUROC,82.13736155555556,81.7565416920632,82.51818141904792,5,"support/calibration draw, after averaging matched orders"
8192,MahaPP_type+TINS,cfg2,far,FPR95,13.526186424654943,12.870191583042732,14.182181266267154,5,"support/calibration draw, after averaging matched orders"
8192,MahaPP_type+TINS,cfg2,far,AUROC,97.41188084283944,97.34510133044738,97.4786603552315,5,"support/calibration draw, after averaging matched orders"
8192,MahaPP_type+TINS,cfg2,near,FPR95,60.65733333333334,58.86447103294193,62.45019563372475,5,"support/calibration draw, after averaging matched orders"
8192,MahaPP_type+TINS,cfg2,near,AUROC,81.9213662962963,81.51363365601438,82.32909893657822,5,"support/calibration draw, after averaging matched orders"
8192,OODD_type,cfg2,far,FPR95,31.053129135942516,30.189659004604895,31.916599267280137,5,"support/calibration draw, after averaging matched orders"
8192,OODD_type,cfg2,far,AUROC,93.7889764920905,93.60658653591359,93.9713664482674,5,"support/calibration draw, after averaging matched orders"
8192,OODD_type,cfg2,near,FPR95,36.62,35.818723094910816,37.42127690508918,5,"support/calibration draw, after averaging matched orders"
8192,OODD_type,cfg2,near,AUROC,89.54836248148148,89.33436341339414,89.76236154956881,5,"support/calibration draw, after averaging matched orders"
8192,OODD_type+TINS,cfg2,far,FPR95,22.930610701455855,22.07165225682678,23.78956914608493,5,"support/calibration draw, after averaging matched orders"
8192,OODD_type+TINS,cfg2,far,AUROC,95.42204869645596,95.292163578086,95.55193381482592,5,"support/calibration draw, after averaging matched orders"
8192,OODD_type+TINS,cfg2,near,FPR95,37.31066666666667,36.542113316398826,38.079220016934514,5,"support/calibration draw, after averaging matched orders"
8192,OODD_type+TINS,cfg2,near,AUROC,89.42784844444445,89.17861595810929,89.67708093077961,5,"support/calibration draw, after averaging matched orders"
8192,REPRISE_L0_M0,cfg0,far,FPR95,16.082435242957082,14.699959425951922,17.46491105996224,5,"support/calibration draw, after averaging matched orders"
8192,REPRISE_L0_M0,cfg0,far,AUROC,96.82351337156783,96.64407121461743,97.00295552851823,5,"support/calibration draw, after averaging matched orders"
8192,REPRISE_L0_M0,cfg0,near,FPR95,32.00266666666667,31.13000857798671,32.87532475534663,5,"support/calibration draw, after averaging matched orders"
8192,REPRISE_L0_M0,cfg0,near,AUROC,92.43894211111112,92.1405414915171,92.73734273070514,5,"support/calibration draw, after averaging matched orders"
8192,REPRISE_L0_M0+TINS,cfg0,far,FPR95,14.41860465116279,13.144096274930881,15.693113027394698,5,"support/calibration draw, after averaging matched orders"
8192,REPRISE_L0_M0+TINS,cfg0,far,AUROC,97.19811033381652,97.02669418236945,97.36952648526358,5,"support/calibration draw, after averaging matched orders"
8192,REPRISE_L0_M0+TINS,cfg0,near,FPR95,32.385333333333335,31.61189636484592,33.15877030182075,5,"support/calibration draw, after averaging matched orders"
8192,REPRISE_L0_M0+TINS,cfg0,near,AUROC,92.34469703703704,92.03896488259186,92.65042919148222,5,"support/calibration draw, after averaging matched orders"
8192,REPRISE_L1_M0,cfg0,far,FPR95,16.543770088863678,15.035152185939404,18.05238799178795,5,"support/calibration draw, after averaging matched orders"
8192,REPRISE_L1_M0,cfg0,far,AUROC,96.71726213735005,96.51989883451358,96.91462544018651,5,"support/calibration draw, after averaging matched orders"
8192,REPRISE_L1_M0,cfg0,near,FPR95,30.556,29.659961635544192,31.45203836445581,5,"support/calibration draw, after averaging matched orders"
8192,REPRISE_L1_M0,cfg0,near,AUROC,92.75830685185187,92.46787525776952,93.04873844593422,5,"support/calibration draw, after averaging matched orders"
8192,REPRISE_L1_M0+TINS,cfg0,far,FPR95,14.823217999621857,13.31095123926232,16.335484759981394,5,"support/calibration draw, after averaging matched orders"
8192,REPRISE_L1_M0+TINS,cfg0,far,AUROC,97.11842482300793,96.9311276513743,97.30572199464156,5,"support/calibration draw, after averaging matched orders"
8192,REPRISE_L1_M0+TINS,cfg0,near,FPR95,30.909333333333336,29.97977737440396,31.838889292262714,5,"support/calibration draw, after averaging matched orders"
8192,REPRISE_L1_M0+TINS,cfg0,near,AUROC,92.6756545185185,92.37731555542558,92.97399348161142,5,"support/calibration draw, after averaging matched orders"
8192,REPRISE_L1_M1,cfg0,far,FPR95,16.66477595008508,15.239508375568176,18.09004352460198,5,"support/calibration draw, after averaging matched orders"
8192,REPRISE_L1_M1,cfg0,far,AUROC,96.71265109976682,96.51317393748151,96.91212826205212,5,"support/calibration draw, after averaging matched orders"
8192,REPRISE_L1_M1,cfg0,near,FPR95,30.562666666666665,29.65975313420227,31.46558019913106,5,"support/calibration draw, after averaging matched orders"
8192,REPRISE_L1_M1,cfg0,near,AUROC,92.75016237037036,92.45927561784183,93.0410491228989,5,"support/calibration draw, after averaging matched orders"
8192,REPRISE_L1_M1+TINS,cfg0,far,FPR95,14.876158063906221,13.399535021186104,16.352781106626338,5,"support/calibration draw, after averaging matched orders"
8192,REPRISE_L1_M1+TINS,cfg0,far,AUROC,97.11407449423334,96.92432631561837,97.3038226728483,5,"support/calibration draw, after averaging matched orders"
8192,REPRISE_L1_M1+TINS,cfg0,near,FPR95,30.930666666666667,30.07664009536067,31.784693237972665,5,"support/calibration draw, after averaging matched orders"
8192,REPRISE_L1_M1+TINS,cfg0,near,AUROC,92.66682133333333,92.37089509143382,92.96274757523284,5,"support/calibration draw, after averaging matched orders"
8192,REPRISE_L2_M0,cfg0,far,FPR95,16.067309510304405,14.660843142482266,17.473775878126542,5,"support/calibration draw, after averaging matched orders"
8192,REPRISE_L2_M0,cfg0,far,AUROC,96.82317377786181,96.643357274677,97.00299028104662,5,"support/calibration draw, after averaging matched orders"
8192,REPRISE_L2_M0,cfg0,near,FPR95,32.032,31.212639735466954,32.85136026453304,5,"support/calibration draw, after averaging matched orders"
8192,REPRISE_L2_M0,cfg0,near,AUROC,92.42273403703705,92.12452838661473,92.72093968745936,5,"support/calibration draw, after averaging matched orders"
8192,REPRISE_L2_M0+TINS,cfg0,far,FPR95,14.445074683304972,13.153448820571445,15.736700546038499,5,"support/calibration draw, after averaging matched orders"
8192,REPRISE_L2_M0+TINS,cfg0,far,AUROC,97.19806117518542,97.02601566870418,97.37010668166666,5,"support/calibration draw, after averaging matched orders"
8192,REPRISE_L2_M0+TINS,cfg0,near,FPR95,32.412,31.66128885594656,33.16271114405344,5,"support/calibration draw, after averaging matched orders"
8192,REPRISE_L2_M0+TINS,cfg0,near,AUROC,92.32854125925925,92.02277807519434,92.63430444332417,5,"support/calibration draw, after averaging matched orders"
8192,REPRISE_L2_M1,cfg0,far,FPR95,16.063528077141235,14.71935600180041,17.40770015248206,5,"support/calibration draw, after averaging matched orders"
8192,REPRISE_L2_M1,cfg0,far,AUROC,96.81845833070733,96.63305996534535,97.0038566960693,5,"support/calibration draw, after averaging matched orders"
8192,REPRISE_L2_M1,cfg0,near,FPR95,32.12266666666667,31.252642981965806,32.99269035136753,5,"support/calibration draw, after averaging matched orders"
8192,REPRISE_L2_M1,cfg0,near,AUROC,92.41043185185185,92.11430117184764,92.70656253185606,5,"support/calibration draw, after averaging matched orders"
8192,REPRISE_L2_M1+TINS,cfg0,far,FPR95,14.463981849120817,13.156241842985049,15.771721855256585,5,"support/calibration draw, after averaging matched orders"
8192,REPRISE_L2_M1+TINS,cfg0,far,AUROC,97.19310434654734,97.01607474705001,97.37013394604467,5,"support/calibration draw, after averaging matched orders"
8192,REPRISE_L2_M1+TINS,cfg0,near,FPR95,32.53333333333333,31.855137715395642,33.21152895127102,5,"support/calibration draw, after averaging matched orders"
8192,REPRISE_L2_M1+TINS,cfg0,near,AUROC,92.31524607407407,92.0150893880737,92.61540276007443,5,"support/calibration draw, after averaging matched orders"
8192,class_L2_cdf,cfg0,far,FPR95,42.62431461523918,40.72326676379951,44.52536246667885,5,"support/calibration draw, after averaging matched orders"
8192,class_L2_cdf,cfg0,far,AUROC,90.99361221402911,90.76062610169052,91.22659832636771,5,"support/calibration draw, after averaging matched orders"
8192,class_L2_cdf,cfg0,near,FPR95,61.31866666666667,60.03121018068117,62.606123152652174,5,"support/calibration draw, after averaging matched orders"
8192,class_L2_cdf,cfg0,near,AUROC,81.91966599999999,81.65321572298167,82.18611627701831,5,"support/calibration draw, after averaging matched orders"
8192,class_L2_cdf+TINS,cfg0,far,FPR95,27.589336358479862,26.667250711839856,28.51142200511987,5,"support/calibration draw, after averaging matched orders"
8192,class_L2_cdf+TINS,cfg0,far,AUROC,93.91383164219238,93.71258765037847,94.11507563400629,5,"support/calibration draw, after averaging matched orders"
8192,class_L2_cdf+TINS,cfg0,near,FPR95,61.032,59.618557029502554,62.44544297049744,5,"support/calibration draw, after averaging matched orders"
8192,class_L2_cdf+TINS,cfg0,near,AUROC,81.93291955555556,81.66104812210295,82.20479098900816,5,"support/calibration draw, after averaging matched orders"
8192,class_L2_norm,cfg0,far,FPR95,43.32766118358858,41.491201517005486,45.16412085017168,5,"support/calibration draw, after averaging matched orders"
8192,class_L2_norm,cfg0,far,AUROC,90.99020818890361,90.80153475791714,91.17888161989008,5,"support/calibration draw, after averaging matched orders"
8192,class_L2_norm,cfg0,near,FPR95,60.957333333333324,59.61033803453415,62.304328632132496,5,"support/calibration draw, after averaging matched orders"
8192,class_L2_norm,cfg0,near,AUROC,82.2593925925926,81.98623340908219,82.53255177610302,5,"support/calibration draw, after averaging matched orders"
8192,class_L2_norm+TINS,cfg0,far,FPR95,24.775950085082247,24.180048435457696,25.371851734706798,5,"support/calibration draw, after averaging matched orders"
8192,class_L2_norm+TINS,cfg0,far,AUROC,94.50117287451944,94.29530898103818,94.7070367680007,5,"support/calibration draw, after averaging matched orders"
8192,class_L2_norm+TINS,cfg0,near,FPR95,61.52133333333334,60.4410555255385,62.601611141128174,5,"support/calibration draw, after averaging matched orders"
8192,class_L2_norm+TINS,cfg0,near,AUROC,82.1220405925926,81.85364930633858,82.39043187884661,5,"support/calibration draw, after averaging matched orders"
8192,class_L2_plp,cfg0,far,FPR95,41.769710720363015,40.341372256603904,43.19804918412213,5,"support/calibration draw, after averaging matched orders"
8192,class_L2_plp,cfg0,far,AUROC,91.23484412092182,91.01170585884589,91.45798238299776,5,"support/calibration draw, after averaging matched orders"
8192,class_L2_plp,cfg0,near,FPR95,60.94666666666667,59.61712595441181,62.276207378921534,5,"support/calibration draw, after averaging matched orders"
8192,class_L2_plp,cfg0,near,AUROC,82.36225344444445,82.0923104364098,82.63219645247909,5,"support/calibration draw, after averaging matched orders"
8192,class_L2_plp+TINS,cfg0,far,FPR95,25.88769143505389,25.127985815717285,26.647397054390492,5,"support/calibration draw, after averaging matched orders"
8192,class_L2_plp+TINS,cfg0,far,AUROC,94.28874771538412,94.09187696890602,94.48561846186222,5,"support/calibration draw, after averaging matched orders"
8192,class_L2_plp+TINS,cfg0,near,FPR95,60.729333333333344,59.450779776217985,62.0078868904487,5,"support/calibration draw, after averaging matched orders"
8192,class_L2_plp+TINS,cfg0,near,AUROC,82.34387370370371,82.06909818397943,82.61864922342798,5,"support/calibration draw, after averaging matched orders"
8192,class_L2_raw,cfg0,far,FPR95,44.034789185101154,42.114386682954404,45.955191687247904,5,"support/calibration draw, after averaging matched orders"
8192,class_L2_raw,cfg0,far,AUROC,90.7954446335161,90.60870368570654,90.98218558132565,5,"support/calibration draw, after averaging matched orders"
8192,class_L2_raw,cfg0,near,FPR95,61.21600000000001,59.85051329767954,62.581486702320476,5,"support/calibration draw, after averaging matched orders"
8192,class_L2_raw,cfg0,near,AUROC,81.99025940740741,81.72255311997051,82.2579656948443,5,"support/calibration draw, after averaging matched orders"
8192,class_L2_raw+TINS,cfg0,far,FPR95,25.278880695783705,24.710336107248835,25.847425284318575,5,"support/calibration draw, after averaging matched orders"
8192,class_L2_raw+TINS,cfg0,far,AUROC,94.36076553013592,94.15385712005224,94.5676739402196,5,"support/calibration draw, after averaging matched orders"
8192,class_L2_raw+TINS,cfg0,near,FPR95,61.68533333333333,60.50084112324773,62.86982554341893,5,"support/calibration draw, after averaging matched orders"
8192,class_L2_raw+TINS,cfg0,near,AUROC,81.85952511111111,81.59426989834813,82.12478032387409,5,"support/calibration draw, after averaging matched orders"
8192,static,cfg0,far,FPR95,15.723199092456039,15.165518479410839,16.28087970550124,5,"support/calibration draw, after averaging matched orders"
8192,static,cfg0,far,AUROC,96.94025682233567,96.85157721197997,97.02893643269137,5,"support/calibration draw, after averaging matched orders"
8192,static,cfg0,near,FPR95,63.172000000000004,61.71257198966955,64.63142801033047,5,"support/calibration draw, after averaging matched orders"
8192,static,cfg0,near,AUROC,82.10280988888888,81.80863591849814,82.39698385927963,5,"support/calibration draw, after averaging matched orders"
8192,static+TINS,cfg0,far,FPR95,13.57534505577614,13.14024023742061,14.01044987413167,5,"support/calibration draw, after averaging matched orders"
8192,static+TINS,cfg0,far,AUROC,97.47643746980106,97.41379987048391,97.5390750691182,5,"support/calibration draw, after averaging matched orders"
8192,static+TINS,cfg0,near,FPR95,63.925333333333334,62.66619651626787,65.18447015039881,5,"support/calibration draw, after averaging matched orders"
8192,static+TINS,cfg0,near,AUROC,81.89236414814816,81.57013632353575,82.21459197276057,5,"support/calibration draw, after averaging matched orders"
all,AdaNeg_type,cfg1,far,FPR95,43.770088863679334,43.14630681480019,44.39387091255848,5,"support/calibration draw, after averaging matched orders"
all,AdaNeg_type,cfg1,far,AUROC,92.21349982143232,92.06639143223492,92.36060821062972,5,"support/calibration draw, after averaging matched orders"
all,AdaNeg_type,cfg1,near,FPR95,36.44533333333333,35.36415203523344,37.52651463143322,5,"support/calibration draw, after averaging matched orders"
all,AdaNeg_type,cfg1,near,AUROC,88.36553066666667,88.00524244022358,88.72581889310976,5,"support/calibration draw, after averaging matched orders"
all,AdaNeg_type+TINS,cfg1,far,FPR95,27.661183588580077,27.19519140403772,28.127175773122435,5,"support/calibration draw, after averaging matched orders"
all,AdaNeg_type+TINS,cfg1,far,AUROC,94.87710825402829,94.77050857232109,94.98370793573548,5,"support/calibration draw, after averaging matched orders"
all,AdaNeg_type+TINS,cfg1,near,FPR95,36.568,35.52278078044222,37.61321921955778,5,"support/calibration draw, after averaging matched orders"
all,AdaNeg_type+TINS,cfg1,near,AUROC,88.30358496296296,87.88231995662844,88.72484996929748,5,"support/calibration draw, after averaging matched orders"
all,L0_cdf,cfg0,far,FPR95,100.0,100.0,100.0,5,"support/calibration draw, after averaging matched orders"
all,L0_cdf,cfg0,far,AUROC,79.8744222810445,77.53851554230933,82.21032901977968,5,"support/calibration draw, after averaging matched orders"
all,L0_cdf,cfg0,near,FPR95,100.0,100.0,100.0,5,"support/calibration draw, after averaging matched orders"
all,L0_cdf,cfg0,near,AUROC,73.6998006296296,70.79323143465443,76.60636982460478,5,"support/calibration draw, after averaging matched orders"
all,L0_cdf+TINS,cfg0,far,FPR95,34.2106258271885,33.21688006842405,35.204371585952956,5,"support/calibration draw, after averaging matched orders"
all,L0_cdf+TINS,cfg0,far,AUROC,89.01267546900274,88.34225829902454,89.68309263898095,5,"support/calibration draw, after averaging matched orders"
all,L0_cdf+TINS,cfg0,near,FPR95,83.17066666666668,79.7866236199262,86.55470971340715,5,"support/calibration draw, after averaging matched orders"
all,L0_cdf+TINS,cfg0,near,AUROC,74.83799662962964,72.75931193548145,76.91668132377784,5,"support/calibration draw, after averaging matched orders"
all,L0_norm,cfg0,far,FPR95,26.314993382491963,23.470894245540673,29.159092519443252,5,"support/calibration draw, after averaging matched orders"
all,L0_norm,cfg0,far,AUROC,94.76275162286507,94.21633035998562,95.30917288574452,5,"support/calibration draw, after averaging matched orders"
all,L0_norm,cfg0,near,FPR95,41.010666666666665,40.03431899995572,41.98701433337761,5,"support/calibration draw, after averaging matched orders"
all,L0_norm,cfg0,near,AUROC,89.34914214814815,88.86698098025366,89.83130331604264,5,"support/calibration draw, after averaging matched orders"
all,L0_norm+TINS,cfg0,far,FPR95,27.301947438079033,25.82433563306387,28.779559243094194,5,"support/calibration draw, after averaging matched orders"
all,L0_norm+TINS,cfg0,far,AUROC,95.22614398857166,94.84735792866705,95.60493004847628,5,"support/calibration draw, after averaging matched orders"
all,L0_norm+TINS,cfg0,near,FPR95,47.988,47.38780816971855,48.58819183028145,5,"support/calibration draw, after averaging matched orders"
all,L0_norm+TINS,cfg0,near,AUROC,88.04528525925926,87.61373242537097,88.47683809314755,5,"support/calibration draw, after averaging matched orders"
all,L0_plp,cfg0,far,FPR95,21.37266023823029,18.2124264978061,24.532893978654478,5,"support/calibration draw, after averaging matched orders"
all,L0_plp,cfg0,far,AUROC,95.56806821285267,95.01475554504526,96.12138088066007,5,"support/calibration draw, after averaging matched orders"
all,L0_plp,cfg0,near,FPR95,35.79466666666667,34.627320529237124,36.96201280409622,5,"support/calibration draw, after averaging matched orders"
all,L0_plp,cfg0,near,AUROC,91.2201122962963,90.77546892606446,91.66475566652815,5,"support/calibration draw, after averaging matched orders"
all,L0_plp+TINS,cfg0,far,FPR95,18.38910947249007,15.61013066123048,21.168088283749658,5,"support/calibration draw, after averaging matched orders"
all,L0_plp+TINS,cfg0,far,AUROC,96.31833890044325,95.8535957579344,96.7830820429521,5,"support/calibration draw, after averaging matched orders"
all,L0_plp+TINS,cfg0,near,FPR95,36.70399999999999,35.39171263442331,38.01628736557668,5,"support/calibration draw, after averaging matched orders"
all,L0_plp+TINS,cfg0,near,AUROC,91.07151718518517,90.62642632082792,91.51660804954243,5,"support/calibration draw, after averaging matched orders"
all,L0_raw,cfg0,far,FPR95,51.96445452826622,50.261763771000616,53.66714528553182,5,"support/calibration draw, after averaging matched orders"
all,L0_raw,cfg0,far,AUROC,84.25705384340665,83.63084855971637,84.88325912709693,5,"support/calibration draw, after averaging matched orders"
all,L0_raw,cfg0,near,FPR95,50.77733333333334,50.28154457098859,51.27312209567808,5,"support/calibration draw, after averaging matched orders"
all,L0_raw,cfg0,near,AUROC,79.4342914814815,78.9315356104698,79.9370473524932,5,"support/calibration draw, after averaging matched orders"
all,L0_raw+TINS,cfg0,far,FPR95,30.91699754206844,29.84806297344852,31.98593211068836,5,"support/calibration draw, after averaging matched orders"
all,L0_raw+TINS,cfg0,far,AUROC,91.25242536921493,90.70014873842514,91.80470200000472,5,"support/calibration draw, after averaging matched orders"
all,L0_raw+TINS,cfg0,near,FPR95,53.74400000000001,53.356551310665914,54.1314486893341,5,"support/calibration draw, after averaging matched orders"
all,L0_raw+TINS,cfg0,near,AUROC,79.47719177777778,78.97346993282737,79.98091362272818,5,"support/calibration draw, after averaging matched orders"
all,L1_cdf,cfg0,far,FPR95,100.0,100.0,100.0,5,"support/calibration draw, after averaging matched orders"
all,L1_cdf,cfg0,far,AUROC,79.55138810109031,76.98453782846696,82.11823837371367,5,"support/calibration draw, after averaging matched orders"
all,L1_cdf,cfg0,near,FPR95,100.0,100.0,100.0,5,"support/calibration draw, after averaging matched orders"
all,L1_cdf,cfg0,near,AUROC,74.48276507407408,71.1990737661715,77.76645638197667,5,"support/calibration draw, after averaging matched orders"
all,L1_cdf+TINS,cfg0,far,FPR95,34.18793722820949,33.10618954244705,35.269684913971936,5,"support/calibration draw, after averaging matched orders"
all,L1_cdf+TINS,cfg0,far,AUROC,88.97990409865339,88.29904106922093,89.66076712808585,5,"support/calibration draw, after averaging matched orders"
all,L1_cdf+TINS,cfg0,near,FPR95,82.59733333333332,78.90975802539265,86.284908641274,5,"support/calibration draw, after averaging matched orders"
all,L1_cdf+TINS,cfg0,near,AUROC,75.74031670370371,73.38471935083084,78.09591405657659,5,"support/calibration draw, after averaging matched orders"
all,L1_norm,cfg0,far,FPR95,28.806957837020228,26.346663542232598,31.267252131807858,5,"support/calibration draw, after averaging matched orders"
all,L1_norm,cfg0,far,AUROC,94.2150383395307,93.60422098038694,94.82585569867445,5,"support/calibration draw, after averaging matched orders"
all,L1_norm,cfg0,near,FPR95,38.2,37.38029275349541,39.019707246504595,5,"support/calibration draw, after averaging matched orders"
all,L1_norm,cfg0,near,AUROC,89.69692448148149,89.23684052459937,90.1570084383636,5,"support/calibration draw, after averaging matched orders"
all,L1_norm+TINS,cfg0,far,FPR95,27.041028549820386,25.500650973688153,28.58140612595262,5,"support/calibration draw, after averaging matched orders"
all,L1_norm+TINS,cfg0,far,AUROC,95.04257830717842,94.60980458396257,95.47535203039426,5,"support/calibration draw, after averaging matched orders"
all,L1_norm+TINS,cfg0,near,FPR95,44.032,43.51302339661085,44.550976603389145,5,"support/calibration draw, after averaging matched orders"
all,L1_norm+TINS,cfg0,near,AUROC,88.6059115925926,88.1798194409315,89.03200374425371,5,"support/calibration draw, after averaging matched orders"
all,L1_plp,cfg0,far,FPR95,21.856683683115897,18.545103803416698,25.168263562815095,5,"support/calibration draw, after averaging matched orders"
all,L1_plp,cfg0,far,AUROC,95.38240877292493,94.77297539855337,95.9918421472965,5,"support/calibration draw, after averaging matched orders"
all,L1_plp,cfg0,near,FPR95,32.22933333333334,31.204618193765647,33.254048472901026,5,"support/calibration draw, after averaging matched orders"
all,L1_plp,cfg0,near,AUROC,91.92165255555555,91.52293578651992,92.32036932459118,5,"support/calibration draw, after averaging matched orders"
all,L1_plp+TINS,cfg0,far,FPR95,18.623558328606542,15.766235158458368,21.480881498754716,5,"support/calibration draw, after averaging matched orders"
all,L1_plp+TINS,cfg0,far,AUROC,96.1916243356232,95.67977117423021,96.7034774970162,5,"support/calibration draw, after averaging matched orders"
all,L1_plp+TINS,cfg0,near,FPR95,32.983999999999995,31.845520573909948,34.122479426090045,5,"support/calibration draw, after averaging matched orders"
all,L1_plp+TINS,cfg0,near,AUROC,91.80258414814814,91.39895846789662,92.20620982839966,5,"support/calibration draw, after averaging matched orders"
all,L1_raw,cfg0,far,FPR95,50.459444129325014,48.731785946761576,52.18710231188845,5,"support/calibration draw, after averaging matched orders"
all,L1_raw,cfg0,far,AUROC,84.46809793911893,83.79195340690146,85.14424247133641,5,"support/calibration draw, after averaging matched orders"
all,L1_raw,cfg0,near,FPR95,47.06533333333333,46.37456430582325,47.75610236084341,5,"support/calibration draw, after averaging matched orders"
all,L1_raw,cfg0,near,AUROC,80.96253662962962,80.45482903392497,81.47024422533428,5,"support/calibration draw, after averaging matched orders"
all,L1_raw+TINS,cfg0,far,FPR95,30.51994705993572,29.36001593381611,31.67987818605533,5,"support/calibration draw, after averaging matched orders"
all,L1_raw+TINS,cfg0,far,AUROC,91.2533892145123,90.65555883940957,91.85121958961503,5,"support/calibration draw, after averaging matched orders"
all,L1_raw+TINS,cfg0,near,FPR95,49.717333333333336,49.34999286917396,50.08467379749271,5,"support/calibration draw, after averaging matched orders"
all,L1_raw+TINS,cfg0,near,AUROC,80.98063677777778,80.4756446695412,81.48562888601435,5,"support/calibration draw, after averaging matched orders"
all,L2_cdf,cfg0,far,FPR95,100.0,100.0,100.0,5,"support/calibration draw, after averaging matched orders"
all,L2_cdf,cfg0,far,AUROC,79.94598779437406,77.66663968100886,82.22533590773926,5,"support/calibration draw, after averaging matched orders"
all,L2_cdf,cfg0,near,FPR95,100.0,100.0,100.0,5,"support/calibration draw, after averaging matched orders"
all,L2_cdf,cfg0,near,AUROC,73.74428162962963,70.89790275241019,76.59066050684906,5,"support/calibration draw, after averaging matched orders"
all,L2_cdf+TINS,cfg0,far,FPR95,34.20306296086217,33.237531291740495,35.16859462998384,5,"support/calibration draw, after averaging matched orders"
all,L2_cdf+TINS,cfg0,far,AUROC,89.0223261065944,88.34576256156586,89.69888965162295,5,"support/calibration draw, after averaging matched orders"
all,L2_cdf+TINS,cfg0,near,FPR95,83.124,79.7622122090971,86.48578779090289,5,"support/calibration draw, after averaging matched orders"
all,L2_cdf+TINS,cfg0,near,AUROC,74.86493966666666,72.81898802217522,76.9108913111581,5,"support/calibration draw, after averaging matched orders"
all,L2_norm,cfg0,far,FPR95,26.3112119493288,23.432433561008686,29.189990337648915,5,"support/calibration draw, after averaging matched orders"
all,L2_norm,cfg0,far,AUROC,94.76452910653138,94.21885249756224,95.31020571550053,5,"support/calibration draw, after averaging matched orders"
all,L2_norm,cfg0,near,FPR95,41.05866666666667,40.06493200924018,42.052401324093154,5,"support/calibration draw, after averaging matched orders"
all,L2_norm,cfg0,near,AUROC,89.33797551851852,88.8561344791428,89.81981655789424,5,"support/calibration draw, after averaging matched orders"
all,L2_norm+TINS,cfg0,far,FPR95,27.301947438079033,25.811338043419717,28.79255683273835,5,"support/calibration draw, after averaging matched orders"
all,L2_norm+TINS,cfg0,far,AUROC,95.22820592004369,94.84964483333562,95.60676700675177,5,"support/calibration draw, after averaging matched orders"
all,L2_norm+TINS,cfg0,near,FPR95,48.005333333333326,47.39380348461318,48.61686318205347,5,"support/calibration draw, after averaging matched orders"
all,L2_norm+TINS,cfg0,near,AUROC,88.037367,87.60618824142905,88.46854575857095,5,"support/calibration draw, after averaging matched orders"
all,L2_plp,cfg0,far,FPR95,21.36131593874078,18.23158338589503,24.491048491586533,5,"support/calibration draw, after averaging matched orders"
all,L2_plp,cfg0,far,AUROC,95.56922932291339,95.01634435491255,96.12211429091423,5,"support/calibration draw, after averaging matched orders"
all,L2_plp,cfg0,near,FPR95,35.86,34.671326924044216,37.04867307595578,5,"support/calibration draw, after averaging matched orders"
all,L2_plp,cfg0,near,AUROC,91.2073754074074,90.76288912225924,91.65186169255556,5,"support/calibration draw, after averaging matched orders"
all,L2_plp+TINS,cfg0,far,FPR95,18.411798071469086,15.596916504007217,21.226679638930953,5,"support/calibration draw, after averaging matched orders"
all,L2_plp+TINS,cfg0,far,AUROC,96.31938992878301,95.85501164531215,96.78376821225388,5,"support/calibration draw, after averaging matched orders"
all,L2_plp+TINS,cfg0,near,FPR95,36.742666666666665,35.43666015238293,38.0486731809504,5,"support/calibration draw, after averaging matched orders"
all,L2_plp+TINS,cfg0,near,AUROC,91.05890014814814,90.61393814122403,91.50386215507226,5,"support/calibration draw, after averaging matched orders"
all,L2_raw,cfg0,far,FPR95,51.94554736245037,50.252757847002464,53.638336877898276,5,"support/calibration draw, after averaging matched orders"
all,L2_raw,cfg0,far,AUROC,84.27606751958993,83.65012590787062,84.90200913130924,5,"support/calibration draw, after averaging matched orders"
all,L2_raw,cfg0,near,FPR95,50.796,50.325454667053165,51.26654533294683,5,"support/calibration draw, after averaging matched orders"
all,L2_raw,cfg0,near,AUROC,79.43782588888888,78.93537775667681,79.94027402110095,5,"support/calibration draw, after averaging matched orders"
all,L2_raw+TINS,cfg0,far,FPR95,30.89430894308943,29.841400664314847,31.947217221864015,5,"support/calibration draw, after averaging matched orders"
all,L2_raw+TINS,cfg0,far,AUROC,91.26009180479402,90.70808417223991,91.81209943734812,5,"support/calibration draw, after averaging matched orders"
all,L2_raw+TINS,cfg0,near,FPR95,53.741333333333344,53.36252292127977,54.12014374538692,5,"support/calibration draw, after averaging matched orders"
all,L2_raw+TINS,cfg0,near,AUROC,79.48173737037038,78.97863704639865,79.98483769434212,5,"support/calibration draw, after averaging matched orders"
all,M0_pt,cfg0,far,FPR95,29.007373794668176,28.332985332286544,29.681762257049808,5,"support/calibration draw, after averaging matched orders"
all,M0_pt,cfg0,far,AUROC,94.85569651898068,94.74021487041936,94.97117816754199,5,"support/calibration draw, after averaging matched orders"
all,M0_pt,cfg0,near,FPR95,36.42666666666667,35.707334562814964,37.145998770518375,5,"support/calibration draw, after averaging matched orders"
all,M0_pt,cfg0,near,AUROC,89.85298825925925,89.63971528326321,90.06626123525528,5,"support/calibration draw, after averaging matched orders"
all,M0_pt+TINS,cfg0,far,FPR95,21.281905842314234,20.86438311765819,21.69942856697028,5,"support/calibration draw, after averaging matched orders"
all,M0_pt+TINS,cfg0,far,AUROC,96.21198084073863,96.1322553556023,96.29170632587497,5,"support/calibration draw, after averaging matched orders"
all,M0_pt+TINS,cfg0,near,FPR95,36.980000000000004,36.39245394913022,37.56754605086979,5,"support/calibration draw, after averaging matched orders"
all,M0_pt+TINS,cfg0,near,AUROC,89.73392925925927,89.48063999114972,89.98721852736882,5,"support/calibration draw, after averaging matched orders"
all,M1_pt,cfg0,far,FPR95,28.91661939875213,28.079398747441985,29.753840050062273,5,"support/calibration draw, after averaging matched orders"
all,M1_pt,cfg0,far,AUROC,94.8428717884078,94.76777913552262,94.917964441293,5,"support/calibration draw, after averaging matched orders"
all,M1_pt,cfg0,near,FPR95,36.58933333333333,36.08726142934874,37.091405237317915,5,"support/calibration draw, after averaging matched orders"
all,M1_pt,cfg0,near,AUROC,89.84622144444442,89.60530343161442,90.08713945727443,5,"support/calibration draw, after averaging matched orders"
all,M1_pt+TINS,cfg0,far,FPR95,21.236528644356216,20.929804981002373,21.54325230771006,5,"support/calibration draw, after averaging matched orders"
all,M1_pt+TINS,cfg0,far,AUROC,96.20879162202476,96.15489117402628,96.26269207002325,5,"support/calibration draw, after averaging matched orders"
all,M1_pt+TINS,cfg0,near,FPR95,37.14266666666667,36.63567160576755,37.64966172756579,5,"support/calibration draw, after averaging matched orders"
all,M1_pt+TINS,cfg0,near,AUROC,89.72106407407406,89.47097487150032,89.97115327664781,5,"support/calibration draw, after averaging matched orders"
all,MahaPP_type,cfg2,far,FPR95,15.46228020419739,14.725968239333856,16.198592169060923,5,"support/calibration draw, after averaging matched orders"
all,MahaPP_type,cfg2,far,AUROC,96.92140385706182,96.84497152637795,96.99783618774569,5,"support/calibration draw, after averaging matched orders"
all,MahaPP_type,cfg2,near,FPR95,60.164,57.94900227906913,62.378997720930876,5,"support/calibration draw, after averaging matched orders"
all,MahaPP_type,cfg2,near,AUROC,82.13736155555556,81.7565416920632,82.51818141904792,5,"support/calibration draw, after averaging matched orders"
all,MahaPP_type+TINS,cfg2,far,FPR95,13.526186424654943,12.870191583042732,14.182181266267154,5,"support/calibration draw, after averaging matched orders"
all,MahaPP_type+TINS,cfg2,far,AUROC,97.41188084283944,97.34510133044738,97.4786603552315,5,"support/calibration draw, after averaging matched orders"
all,MahaPP_type+TINS,cfg2,near,FPR95,60.65733333333334,58.86447103294193,62.45019563372475,5,"support/calibration draw, after averaging matched orders"
all,MahaPP_type+TINS,cfg2,near,AUROC,81.9213662962963,81.51363365601438,82.32909893657822,5,"support/calibration draw, after averaging matched orders"
all,OODD_type,cfg2,far,FPR95,31.053129135942516,30.189659004604895,31.916599267280137,5,"support/calibration draw, after averaging matched orders"
all,OODD_type,cfg2,far,AUROC,93.7889764920905,93.60658653591359,93.9713664482674,5,"support/calibration draw, after averaging matched orders"
all,OODD_type,cfg2,near,FPR95,36.62,35.818723094910816,37.42127690508918,5,"support/calibration draw, after averaging matched orders"
all,OODD_type,cfg2,near,AUROC,89.54836248148148,89.33436341339414,89.76236154956881,5,"support/calibration draw, after averaging matched orders"
all,OODD_type+TINS,cfg2,far,FPR95,22.930610701455855,22.07165225682678,23.78956914608493,5,"support/calibration draw, after averaging matched orders"
all,OODD_type+TINS,cfg2,far,AUROC,95.42204869645596,95.292163578086,95.55193381482592,5,"support/calibration draw, after averaging matched orders"
all,OODD_type+TINS,cfg2,near,FPR95,37.31066666666667,36.542113316398826,38.079220016934514,5,"support/calibration draw, after averaging matched orders"
all,OODD_type+TINS,cfg2,near,AUROC,89.42784844444445,89.17861595810929,89.67708093077961,5,"support/calibration draw, after averaging matched orders"
all,REPRISE_L0_M0,cfg0,far,FPR95,16.025713745509545,14.604415285625775,17.447012205393314,5,"support/calibration draw, after averaging matched orders"
all,REPRISE_L0_M0,cfg0,far,AUROC,96.82201665931387,96.63844584042229,97.00558747820546,5,"support/calibration draw, after averaging matched orders"
all,REPRISE_L0_M0,cfg0,near,FPR95,29.214666666666666,28.424034414249274,30.00529891908406,5,"support/calibration draw, after averaging matched orders"
all,REPRISE_L0_M0,cfg0,near,AUROC,93.1346774074074,92.86845030291703,93.40090451189776,5,"support/calibration draw, after averaging matched orders"
all,REPRISE_L0_M0+TINS,cfg0,far,FPR95,14.471544715447155,13.246088391545511,15.6970010393488,5,"support/calibration draw, after averaging matched orders"
all,REPRISE_L0_M0+TINS,cfg0,far,AUROC,97.19984202012563,97.0259852007043,97.37369883954696,5,"support/calibration draw, after averaging matched orders"
all,REPRISE_L0_M0+TINS,cfg0,near,FPR95,29.653333333333336,28.855763533705726,30.450903132960946,5,"support/calibration draw, after averaging matched orders"
all,REPRISE_L0_M0+TINS,cfg0,near,AUROC,93.0455388888889,92.77231952508505,93.31875825269275,5,"support/calibration draw, after averaging matched orders"
all,REPRISE_L1_M0,cfg0,far,FPR95,16.66855738324825,15.413659338587186,17.92345542790931,5,"support/calibration draw, after averaging matched orders"
all,REPRISE_L1_M0,cfg0,far,AUROC,96.69543864624691,96.49392261515989,96.89695467733394,5,"support/calibration draw, after averaging matched orders"
all,REPRISE_L1_M0,cfg0,near,FPR95,28.106666666666673,27.32545923502644,28.887874098306906,5,"support/calibration draw, after averaging matched orders"
all,REPRISE_L1_M0,cfg0,near,AUROC,93.3951215925926,93.14104131143554,93.64920187374966,5,"support/calibration draw, after averaging matched orders"
all,REPRISE_L1_M0+TINS,cfg0,far,FPR95,14.906409529211572,13.439222352645139,16.373596705778006,5,"support/calibration draw, after averaging matched orders"
all,REPRISE_L1_M0+TINS,cfg0,far,AUROC,97.1081903741518,96.91823521883231,97.2981455294713,5,"support/calibration draw, after averaging matched orders"
all,REPRISE_L1_M0+TINS,cfg0,near,FPR95,28.46933333333333,27.582364494355506,29.356302172311157,5,"support/calibration draw, after averaging matched orders"
all,REPRISE_L1_M0+TINS,cfg0,near,AUROC,93.31787511111112,93.05652711133854,93.5792231108837,5,"support/calibration draw, after averaging matched orders"
all,REPRISE_L1_M1,cfg0,far,FPR95,16.706371714879943,15.588024968547652,17.824718461212232,5,"support/calibration draw, after averaging matched orders"
all,REPRISE_L1_M1,cfg0,far,AUROC,96.68962626835571,96.48445960893915,96.89479292777227,5,"support/calibration draw, after averaging matched orders"
all,REPRISE_L1_M1,cfg0,near,FPR95,28.161333333333335,27.285759164439707,29.036907502226963,5,"support/calibration draw, after averaging matched orders"
all,REPRISE_L1_M1,cfg0,near,AUROC,93.38985255555555,93.1324265966861,93.647278514425,5,"support/calibration draw, after averaging matched orders"
all,REPRISE_L1_M1+TINS,cfg0,far,FPR95,14.985819625638118,13.669196255806861,16.302442995469374,5,"support/calibration draw, after averaging matched orders"
all,REPRISE_L1_M1+TINS,cfg0,far,AUROC,97.10336106384321,96.9089192565429,97.29780287114352,5,"support/calibration draw, after averaging matched orders"
all,REPRISE_L1_M1+TINS,cfg0,near,FPR95,28.505333333333333,27.555058744794064,29.455607921872602,5,"support/calibration draw, after averaging matched orders"
all,REPRISE_L1_M1+TINS,cfg0,near,AUROC,93.31188511111111,93.04919350023019,93.57457672199203,5,"support/calibration draw, after averaging matched orders"
all,REPRISE_L2_M0,cfg0,far,FPR95,16.006806579693706,14.5660587397631,17.44755441962431,5,"support/calibration draw, after averaging matched orders"
all,REPRISE_L2_M0,cfg0,far,AUROC,96.82233923657066,96.63873620639484,97.00594226674647,5,"support/calibration draw, after averaging matched orders"
all,REPRISE_L2_M0,cfg0,near,FPR95,29.226666666666667,28.43336094026195,30.019972393071384,5,"support/calibration draw, after averaging matched orders"
all,REPRISE_L2_M0,cfg0,near,AUROC,93.12854266666668,92.86245479069493,93.39463054263842,5,"support/calibration draw, after averaging matched orders"
all,REPRISE_L2_M0+TINS,cfg0,far,FPR95,14.433730383815467,13.197304483658469,15.670156283972466,5,"support/calibration draw, after averaging matched orders"
all,REPRISE_L2_M0+TINS,cfg0,far,AUROC,97.2000073527867,97.02614559005504,97.37386911551836,5,"support/calibration draw, after averaging matched orders"
all,REPRISE_L2_M0+TINS,cfg0,near,FPR95,29.666666666666668,28.867166169952064,30.46616716338127,5,"support/calibration draw, after averaging matched orders"
all,REPRISE_L2_M0+TINS,cfg0,near,AUROC,93.03941466666667,92.76634571319363,93.31248362013972,5,"support/calibration draw, after averaging matched orders"
all,REPRISE_L2_M1,cfg0,far,FPR95,16.044620911325392,14.780206563304983,17.3090352593458,5,"support/calibration draw, after averaging matched orders"
all,REPRISE_L2_M1,cfg0,far,AUROC,96.81623516312683,96.62552959551647,97.0069407307372,5,"support/calibration draw, after averaging matched orders"
all,REPRISE_L2_M1,cfg0,near,FPR95,29.290666666666663,28.457885339337956,30.12344799399537,5,"support/calibration draw, after averaging matched orders"
all,REPRISE_L2_M1,cfg0,near,AUROC,93.11951503703702,92.850732805009,93.38829726906503,5,"support/calibration draw, after averaging matched orders"
all,REPRISE_L2_M1+TINS,cfg0,far,FPR95,14.532047646057856,13.268396326498717,15.795698965616996,5,"support/calibration draw, after averaging matched orders"
all,REPRISE_L2_M1+TINS,cfg0,far,AUROC,97.19457259301275,97.01320224861823,97.37594293740727,5,"support/calibration draw, after averaging matched orders"
all,REPRISE_L2_M1+TINS,cfg0,near,FPR95,29.741333333333337,28.95631097090122,30.526355695765453,5,"support/calibration draw, after averaging matched orders"
all,REPRISE_L2_M1+TINS,cfg0,near,AUROC,93.029258,92.75614180119344,93.30237419880656,5,"support/calibration draw, after averaging matched orders"
all,TINS,cfg0,far,FPR95,35.60219323123464,34.775172468687195,36.42921399378208,5,"support/calibration draw, after averaging matched orders"
all,TINS,cfg0,far,AUROC,90.8597551522027,90.58623687389262,91.13327343051277,5,"support/calibration draw, after averaging matched orders"
all,TINS,cfg0,near,FPR95,90.45733333333332,90.00497817496182,90.90968849170483,5,"support/calibration draw, after averaging matched orders"
all,TINS,cfg0,near,AUROC,63.43485392592593,62.47418035521508,64.39552749663677,5,"support/calibration draw, after averaging matched orders"
all,class_L2_cdf,cfg0,far,FPR95,43.07808659481944,41.43418901980669,44.72198416983219,5,"support/calibration draw, after averaging matched orders"
all,class_L2_cdf,cfg0,far,AUROC,90.98108516627804,90.7465819537026,91.21558837885347,5,"support/calibration draw, after averaging matched orders"
all,class_L2_cdf,cfg0,near,FPR95,57.072,56.13151021280917,58.01248978719084,5,"support/calibration draw, after averaging matched orders"
all,class_L2_cdf,cfg0,near,AUROC,83.10320155555556,82.87802726820178,83.32837584290934,5,"support/calibration draw, after averaging matched orders"
all,class_L2_cdf+TINS,cfg0,far,FPR95,28.9204008319153,28.092447614318072,29.748354049512525,5,"support/calibration draw, after averaging matched orders"
all,class_L2_cdf+TINS,cfg0,far,AUROC,93.74912879981514,93.54633839233102,93.95191920729926,5,"support/calibration draw, after averaging matched orders"
all,class_L2_cdf+TINS,cfg0,near,FPR95,57.062666666666665,56.11877332816623,58.0065600051671,5,"support/calibration draw, after averaging matched orders"
all,class_L2_cdf+TINS,cfg0,near,AUROC,83.09863574074073,82.86056706017281,83.33670442130865,5,"support/calibration draw, after averaging matched orders"
all,class_L2_norm,cfg0,far,FPR95,41.376441671393465,39.49089489566398,43.26198844712295,5,"support/calibration draw, after averaging matched orders"
all,class_L2_norm,cfg0,far,AUROC,91.44298039957144,91.25559668192805,91.63036411721482,5,"support/calibration draw, after averaging matched orders"
all,class_L2_norm,cfg0,near,FPR95,55.73866666666667,54.76502824648258,56.712305086850755,5,"support/calibration draw, after averaging matched orders"
all,class_L2_norm,cfg0,near,AUROC,84.19839922222222,83.96174967645969,84.43504876798475,5,"support/calibration draw, after averaging matched orders"
all,class_L2_norm+TINS,cfg0,far,FPR95,24.518812629986765,23.97065123615491,25.06697402381862,5,"support/calibration draw, after averaging matched orders"
all,class_L2_norm+TINS,cfg0,far,AUROC,94.63841284846957,94.43704743256747,94.83977826437167,5,"support/calibration draw, after averaging matched orders"
all,class_L2_norm+TINS,cfg0,near,FPR95,56.79066666666667,56.0400422390624,57.54129109427093,5,"support/calibration draw, after averaging matched orders"
all,class_L2_norm+TINS,cfg0,near,AUROC,83.97673048148148,83.72856034545313,84.22490061750983,5,"support/calibration draw, after averaging matched orders"
all,class_L2_plp,cfg0,far,FPR95,39.51219512195122,38.14618235366848,40.878207890233966,5,"support/calibration draw, after averaging matched orders"
all,class_L2_plp,cfg0,far,AUROC,91.77039127329257,91.5557067758759,91.98507577070924,5,"support/calibration draw, after averaging matched orders"
all,class_L2_plp,cfg0,near,FPR95,55.488,54.39529805604674,56.58070194395326,5,"support/calibration draw, after averaging matched orders"
all,class_L2_plp,cfg0,near,AUROC,84.63084492592593,84.3832499532978,84.87843989855405,5,"support/calibration draw, after averaging matched orders"
all,class_L2_plp+TINS,cfg0,far,FPR95,25.044431839667233,24.17191357303931,25.916950106295157,5,"support/calibration draw, after averaging matched orders"
all,class_L2_plp+TINS,cfg0,far,AUROC,94.52193126194827,94.3265006106001,94.71736191329643,5,"support/calibration draw, after averaging matched orders"
all,class_L2_plp+TINS,cfg0,near,FPR95,55.48266666666666,54.611442750610486,56.35389058272283,5,"support/calibration draw, after averaging matched orders"
all,class_L2_plp+TINS,cfg0,near,AUROC,84.54897125925926,84.28598054572508,84.81196197279344,5,"support/calibration draw, after averaging matched orders"
all,class_L2_raw,cfg0,far,FPR95,44.012100586122145,42.178358921279205,45.845842250965084,5,"support/calibration draw, after averaging matched orders"
all,class_L2_raw,cfg0,far,AUROC,90.8146772126636,90.62799298010776,91.00136144521943,5,"support/calibration draw, after averaging matched orders"
all,class_L2_raw,cfg0,near,FPR95,56.76133333333333,55.86968754693462,57.652979119732045,5,"support/calibration draw, after averaging matched orders"
all,class_L2_raw,cfg0,near,AUROC,83.17176892592593,82.95443002276299,83.38910782908887,5,"support/calibration draw, after averaging matched orders"
all,class_L2_raw+TINS,cfg0,far,FPR95,25.895254301380227,25.408834813407392,26.381673789353062,5,"support/calibration draw, after averaging matched orders"
all,class_L2_raw+TINS,cfg0,far,AUROC,94.26312283355391,94.05813891629296,94.46810675081485,5,"support/calibration draw, after averaging matched orders"
all,class_L2_raw+TINS,cfg0,near,FPR95,57.82933333333333,57.1940024467724,58.46466421989426,5,"support/calibration draw, after averaging matched orders"
all,class_L2_raw+TINS,cfg0,near,AUROC,82.99173003703704,82.76060998922307,83.22285008485102,5,"support/calibration draw, after averaging matched orders"
all,static,cfg0,far,FPR95,15.723199092456039,15.165518479410839,16.28087970550124,5,"support/calibration draw, after averaging matched orders"
all,static,cfg0,far,AUROC,96.94025682233567,96.85157721197997,97.02893643269137,5,"support/calibration draw, after averaging matched orders"
all,static,cfg0,near,FPR95,63.172000000000004,61.71257198966955,64.63142801033047,5,"support/calibration draw, after averaging matched orders"
all,static,cfg0,near,AUROC,82.10280988888888,81.80863591849814,82.39698385927963,5,"support/calibration draw, after averaging matched orders"
all,static+TINS,cfg0,far,FPR95,13.57534505577614,13.14024023742061,14.01044987413167,5,"support/calibration draw, after averaging matched orders"
all,static+TINS,cfg0,far,AUROC,97.47643746980106,97.41379987048391,97.5390750691182,5,"support/calibration draw, after averaging matched orders"
all,static+TINS,cfg0,near,FPR95,63.925333333333334,62.66619651626787,65.18447015039881,5,"support/calibration draw, after averaging matched orders"
all,static+TINS,cfg0,near,AUROC,81.89236414814816,81.57013632353575,82.21459197276057,5,"support/calibration draw, after averaging matched orders"
