stage,name,state,stage_estimated_gpu_seconds,remaining_gpu_seconds
tuning,draw0_near_seed123,BUDGET_NOT_ADMITTED,21814.642429327967,3182.210111707449
tuning,draw0_far_seed123,BUDGET_NOT_ADMITTED,21814.642429327967,3182.210111707449
tuning,draw0_near_seed124,BUDGET_NOT_ADMITTED,21814.642429327967,3182.210111707449
tuning,draw0_far_seed124,BUDGET_NOT_ADMITTED,21814.642429327967,3182.210111707449
tuning,draw0_near_seed125,BUDGET_NOT_ADMITTED,21814.642429327967,3182.210111707449
tuning,draw0_far_seed125,BUDGET_NOT_ADMITTED,21814.642429327967,3182.210111707449
tuning,draw1_near_seed123,BUDGET_NOT_ADMITTED,21814.642429327967,3182.210111707449
tuning,draw1_far_seed123,BUDGET_NOT_ADMITTED,21814.642429327967,3182.210111707449
tuning,draw1_near_seed124,BUDGET_NOT_ADMITTED,21814.642429327967,3182.210111707449
tuning,draw1_far_seed124,BUDGET_NOT_ADMITTED,21814.642429327967,3182.210111707449
tuning,draw1_near_seed125,BUDGET_NOT_ADMITTED,21814.642429327967,3182.210111707449
tuning,draw1_far_seed125,BUDGET_NOT_ADMITTED,21814.642429327967,3182.210111707449
tuning,draw2_near_seed123,BUDGET_NOT_ADMITTED,21814.642429327967,3182.210111707449
tuning,draw2_far_seed123,BUDGET_NOT_ADMITTED,21814.642429327967,3182.210111707449
tuning,draw2_near_seed124,BUDGET_NOT_ADMITTED,21814.642429327967,3182.210111707449
tuning,draw2_far_seed124,BUDGET_NOT_ADMITTED,21814.642429327967,3182.210111707449
tuning,draw2_near_seed125,BUDGET_NOT_ADMITTED,21814.642429327967,3182.210111707449
tuning,draw2_far_seed125,BUDGET_NOT_ADMITTED,21814.642429327967,3182.210111707449
tuning,draw3_near_seed123,BUDGET_NOT_ADMITTED,21814.642429327967,3182.210111707449
tuning,draw3_far_seed123,BUDGET_NOT_ADMITTED,21814.642429327967,3182.210111707449
tuning,draw3_near_seed124,BUDGET_NOT_ADMITTED,21814.642429327967,3182.210111707449
tuning,draw3_far_seed124,BUDGET_NOT_ADMITTED,21814.642429327967,3182.210111707449
tuning,draw3_near_seed125,BUDGET_NOT_ADMITTED,21814.642429327967,3182.210111707449
tuning,draw3_far_seed125,BUDGET_NOT_ADMITTED,21814.642429327967,3182.210111707449
tuning,draw4_near_seed123,BUDGET_NOT_ADMITTED,21814.642429327967,3182.210111707449
tuning,draw4_far_seed123,BUDGET_NOT_ADMITTED,21814.642429327967,3182.210111707449
tuning,draw4_near_seed124,BUDGET_NOT_ADMITTED,21814.642429327967,3182.210111707449
tuning,draw4_far_seed124,BUDGET_NOT_ADMITTED,21814.642429327967,3182.210111707449
tuning,draw4_near_seed125,BUDGET_NOT_ADMITTED,21814.642429327967,3182.210111707449
tuning,draw4_far_seed125,BUDGET_NOT_ADMITTED,21814.642429327967,3182.210111707449
