part,stream,views,readout,base,AUROC,FPR95
fourood,sun_seed123,L14xD3L+D3L,T,none,99.47894699999999,1.5699999999999998
fourood,sun_seed123,L14xD3L+D3L,T,TINS,99.6477164,0.95
fourood,sun_seed123,L14xD3L+D3L,T,TANL,99.5792776,1.17
fourood,sun_seed123,L14xD3L+D3L,Tlp,none,98.99749299999998,3.02
fourood,sun_seed123,L14xD3L+D3L,Tlp,TINS,99.5345902,1.31
fourood,sun_seed123,L14xD3L+D3L,Tlp,TANL,99.3747065,1.8399999999999999
fourood,sun_seed123,L14xD3L+D3L,Tq0.05,none,99.5161712,1.23
fourood,sun_seed123,L14xD3L+D3L,Tq0.05,TINS,99.66149920000001,0.73
fourood,sun_seed123,L14xD3L+D3L,Tq0.05,TANL,99.6016529,0.8999999999999999
fourood,sun_seed123,L14xD3L+D3L,Tq0.2,none,99.41314689999999,1.8900000000000001
fourood,sun_seed123,L14xD3L+D3L,Tq0.2,TINS,99.61922279999999,1.11
fourood,sun_seed123,L14xD3L+D3L,Tq0.2,TANL,99.5355249,1.4000000000000001
fourood,sun_seed123,L14xD3L+D3L,Tnn,none,99.48080439999998,1.59
fourood,sun_seed123,L14xD3L+D3L,Tnn,TINS,99.6319916,1.08
fourood,sun_seed123,L14xD3L+D3L,Tnn,TANL,99.56065610000002,1.37
fourood,sun_seed123,L14xD3L+D3L,Tk20,none,99.59329340000001,1.0699999999999998
fourood,sun_seed123,L14xD3L+D3L,Tk20,TINS,99.6887906,0.7000000000000001
fourood,sun_seed123,L14xD3L+D3L,Tk20,TANL,99.6465717,0.8699999999999999
fourood,sun_seed123,L14xD3L+D3L,Tlp20,none,99.26266640000001,1.97
fourood,sun_seed123,L14xD3L+D3L,Tlp20,TINS,99.59223820000001,0.98
fourood,sun_seed123,L14xD3L+D3L,Tlp20,TANL,99.4862701,1.23
fourood,sun_seed123,L14+D3L,T,none,99.51347390000001,1.5599999999999998
fourood,sun_seed123,L14+D3L,T,TINS,99.6576156,0.97
fourood,sun_seed123,L14+D3L,T,TANL,99.5987956,1.16
fourood,sun_seed123,L14+D3L,Tlp,none,99.07858979999999,2.88
fourood,sun_seed123,L14+D3L,Tlp,TINS,99.5536276,1.26
fourood,sun_seed123,L14+D3L,Tlp,TANL,99.4118005,1.68
fourood,sun_seed123,L14+D3L,Tq0.05,none,99.55273100000002,1.22
fourood,sun_seed123,L14+D3L,Tq0.05,TINS,99.6723958,0.75
fourood,sun_seed123,L14+D3L,Tq0.05,TANL,99.6231745,0.95
fourood,sun_seed123,L14+D3L,Tq0.2,none,99.45095660000001,1.8800000000000001
fourood,sun_seed123,L14+D3L,Tq0.2,TINS,99.6311022,1.0699999999999998
fourood,sun_seed123,L14+D3L,Tq0.2,TANL,99.5578808,1.37
fourood,sun_seed123,L14+D3L,Tnn,none,99.5087761,1.6
fourood,sun_seed123,L14+D3L,Tnn,TINS,99.64415059999999,1.0999999999999999
fourood,sun_seed123,L14+D3L,Tnn,TANL,99.58231000000002,1.4000000000000001
fourood,sun_seed123,L14+D3L,Tk20,none,99.5771789,1.13
fourood,sun_seed123,L14+D3L,Tk20,TINS,99.6810156,0.77
fourood,sun_seed123,L14+D3L,Tk20,TANL,99.636388,0.8699999999999999
fourood,sun_seed123,L14+D3L,Tlp20,none,99.27631930000001,2.07
fourood,sun_seed123,L14+D3L,Tlp20,TINS,99.59673579999999,1.01
fourood,sun_seed123,L14+D3L,Tlp20,TANL,99.4941751,1.27
fourood,sun_seed123,L14+D3L,SL,none,98.8293519,4.66
fourood,sun_seed123,L14+D3L,SL,TINS,99.30946659999998,2.65
fourood,sun_seed123,L14+D3L,SL,TANL,99.16142179999999,3.2800000000000002
fourood,sun_seed123,L14+D3L,static,none,92.1847601,36.33
fourood,sun_seed123,L14+D3L,static,TINS,98.3070774,6.800000000000001
fourood,sun_seed123,L14+D3L,static,TANL,96.8723944,12.29
fourood,sun_seed123,D3L,T,none,99.4849528,1.58
fourood,sun_seed123,D3L,T,TINS,99.6769586,0.76
fourood,sun_seed123,D3L,T,TANL,99.6192204,0.9900000000000001
fourood,sun_seed123,D3L,Tlp,none,98.98707430000002,2.7199999999999998
fourood,sun_seed123,D3L,Tlp,TINS,99.570237,0.96
fourood,sun_seed123,D3L,Tlp,TANL,99.448876,1.47
fourood,sun_seed123,D3L,Tq0.05,none,99.5205242,1.21
fourood,sun_seed123,D3L,Tq0.05,TINS,99.6861096,0.63
fourood,sun_seed123,D3L,Tq0.05,TANL,99.6369619,0.77
fourood,sun_seed123,D3L,Tq0.2,none,99.42297010000001,1.72
fourood,sun_seed123,D3L,Tq0.2,TINS,99.65889759999999,0.8
fourood,sun_seed123,D3L,Tq0.2,TANL,99.5859139,1.05
fourood,sun_seed123,D3L,Tnn,none,99.49055690000002,1.6400000000000001
fourood,sun_seed123,D3L,Tnn,TINS,99.67894299999999,0.8699999999999999
fourood,sun_seed123,D3L,Tnn,TANL,99.608896,1.15
fourood,sun_seed123,D3L,Tk20,none,99.572218,1.0999999999999999
fourood,sun_seed123,D3L,Tk20,TINS,99.69122800000001,0.59
fourood,sun_seed123,D3L,Tk20,TANL,99.6528858,0.7799999999999999
fourood,sun_seed123,D3L,Tlp20,none,99.22553900000001,1.95
fourood,sun_seed123,D3L,Tlp20,TINS,99.59129379999999,0.8099999999999999
fourood,sun_seed123,D3L,Tlp20,TANL,99.50828529999998,0.9900000000000001
fourood,sun_seed123,D3L,SL,none,98.8116773,4.58
fourood,sun_seed123,D3L,SL,TINS,99.40718079999999,2.07
fourood,sun_seed123,D3L,SL,TANL,99.29405379999999,2.71
fourood,sun_seed123,D3L,static,none,91.4173417,38.940000000000005
fourood,sun_seed123,D3L,static,TINS,98.83181599999999,4.89
fourood,sun_seed123,D3L,static,TANL,97.7808055,7.26
fourood,sun_seed123,L14,T,none,99.1575737,3.2
fourood,sun_seed123,L14,T,TINS,99.5905862,1.47
fourood,sun_seed123,L14,T,TANL,99.4587135,2.0
fourood,sun_seed123,L14,Tlp,none,98.48754609999999,4.3999999999999995
fourood,sun_seed123,L14,Tlp,TINS,99.50564759999999,1.3599999999999999
fourood,sun_seed123,L14,Tlp,TANL,99.2974195,2.27
fourood,sun_seed123,L14,Tq0.05,none,99.23354399999997,2.46
fourood,sun_seed123,L14,Tq0.05,TINS,99.6090152,1.0999999999999999
fourood,sun_seed123,L14,Tq0.05,TANL,99.4937727,1.47
fourood,sun_seed123,L14,Tq0.2,none,99.06075510000001,3.5700000000000003
fourood,sun_seed123,L14,Tq0.2,TINS,99.5668322,1.53
fourood,sun_seed123,L14,Tq0.2,TANL,99.4153234,2.23
fourood,sun_seed123,L14,Tnn,none,99.1424359,3.3099999999999996
fourood,sun_seed123,L14,Tnn,TINS,99.5628016,1.78
fourood,sun_seed123,L14,Tnn,TANL,99.4155163,2.25
fourood,sun_seed123,L14,Tk20,none,99.317761,2.18
fourood,sun_seed123,L14,Tk20,TINS,99.6219006,0.98
fourood,sun_seed123,L14,Tk20,TANL,99.52295819999999,1.44
fourood,sun_seed123,L14,Tlp20,none,98.8607259,3.58
fourood,sun_seed123,L14,Tlp20,TINS,99.5440612,1.2
fourood,sun_seed123,L14,Tlp20,TANL,99.3914222,1.71
fourood,sun_seed123,L14,SL,none,98.1800695,7.03
fourood,sun_seed123,L14,SL,TINS,99.27600679999999,2.79
fourood,sun_seed123,L14,SL,TANL,99.0069986,4.09
fourood,sun_seed123,L14,static,none,91.5806075,38.66
fourood,sun_seed123,L14,static,TINS,98.80197699999998,4.83
fourood,sun_seed123,L14,static,TANL,97.8583824,7.2700000000000005
fourood,sun_seed123,L14xD3L,T,none,99.32112830000001,2.17
fourood,sun_seed123,L14xD3L,T,TINS,99.629988,0.9400000000000001
fourood,sun_seed123,L14xD3L,T,TANL,99.5276524,1.38
fourood,sun_seed123,L14xD3L,Tlp,none,98.75034339999999,3.6900000000000004
fourood,sun_seed123,L14xD3L,Tlp,TINS,99.54899259999999,1.11
fourood,sun_seed123,L14xD3L,Tlp,TANL,99.3717395,1.73
fourood,sun_seed123,L14xD3L,Tq0.05,none,99.36794649999999,1.81
fourood,sun_seed123,L14xD3L,Tq0.05,TINS,99.639807,0.8099999999999999
fourood,sun_seed123,L14xD3L,Tq0.05,TANL,99.5471746,1.03
fourood,sun_seed123,L14xD3L,Tq0.2,none,99.2348858,2.58
fourood,sun_seed123,L14xD3L,Tq0.2,TINS,99.60984839999999,1.08
fourood,sun_seed123,L14xD3L,Tq0.2,TANL,99.4885448,1.6
fourood,sun_seed123,L14xD3L,Tnn,none,99.3640664,2.27
fourood,sun_seed123,L14xD3L,Tnn,TINS,99.6327622,1.08
fourood,sun_seed123,L14xD3L,Tnn,TANL,99.5305188,1.51
fourood,sun_seed123,L14xD3L,Tk20,none,99.50842109999999,1.37
fourood,sun_seed123,L14xD3L,Tk20,TINS,99.66960800000001,0.76
fourood,sun_seed123,L14xD3L,Tk20,TANL,99.60789030000001,1.0
fourood,sun_seed123,L14xD3L,Tlp20,none,99.1435308,2.5100000000000002
fourood,sun_seed123,L14xD3L,Tlp20,TINS,99.58345820000001,0.9299999999999999
fourood,sun_seed123,L14xD3L,Tlp20,TANL,99.470567,1.41
fourood,sun_seed123,D3B+D3L,T,none,99.60271970000001,1.0
fourood,sun_seed123,D3B+D3L,T,TINS,99.69570159999999,0.6799999999999999
fourood,sun_seed123,D3B+D3L,T,TANL,99.66299590000001,0.84
fourood,sun_seed123,D3B+D3L,Tlp,none,99.2073086,2.21
fourood,sun_seed123,D3B+D3L,Tlp,TINS,99.584277,0.9900000000000001
fourood,sun_seed123,D3B+D3L,Tlp,TANL,99.47903149999999,1.37
fourood,sun_seed123,D3B+D3L,Tq0.05,none,99.6197207,0.9199999999999999
fourood,sun_seed123,D3B+D3L,Tq0.05,TINS,99.7020388,0.5700000000000001
fourood,sun_seed123,D3B+D3L,Tq0.05,TANL,99.6729091,0.72
fourood,sun_seed123,D3B+D3L,Tq0.2,none,99.56475370000001,1.26
fourood,sun_seed123,D3B+D3L,Tq0.2,TINS,99.67722940000002,0.8099999999999999
fourood,sun_seed123,D3B+D3L,Tq0.2,TANL,99.6364083,0.9299999999999999
fourood,sun_seed123,D3B+D3L,Tnn,none,99.6199853,1.09
fourood,sun_seed123,D3B+D3L,Tnn,TINS,99.70074799999999,0.79
fourood,sun_seed123,D3B+D3L,Tnn,TANL,99.66668979999999,0.9199999999999999
fourood,sun_seed123,D3B+D3L,Tk20,none,99.62922170000002,0.96
fourood,sun_seed123,D3B+D3L,Tk20,TINS,99.70086020000001,0.63
fourood,sun_seed123,D3B+D3L,Tk20,TANL,99.6744109,0.75
fourood,sun_seed123,D3B+D3L,Tlp20,none,99.3349831,1.53
fourood,sun_seed123,D3B+D3L,Tlp20,TINS,99.6059164,0.83
fourood,sun_seed123,D3B+D3L,Tlp20,TANL,99.5256798,1.06
fourood,sun_seed123,D3B+D3L,SL,none,99.007001,3.85
fourood,sun_seed123,D3B+D3L,SL,TINS,99.3842608,2.42
fourood,sun_seed123,D3B+D3L,SL,TANL,99.27753489999999,2.7
fourood,sun_seed123,D3B+D3L,static,none,91.21065520000002,38.33
fourood,sun_seed123,D3B+D3L,static,TINS,98.21242340000002,7.37
fourood,sun_seed123,D3B+D3L,static,TANL,96.5593902,14.219999999999999
fourood,sun_seed123,L14+D3B+D3L,T,none,99.59521530000002,1.16
fourood,sun_seed123,L14+D3B+D3L,T,TINS,99.67885360000001,0.86
fourood,sun_seed123,L14+D3B+D3L,T,TANL,99.6425235,0.8999999999999999
fourood,sun_seed123,L14+D3B+D3L,Tlp,none,99.22108060000001,2.3
fourood,sun_seed123,L14+D3B+D3L,Tlp,TINS,99.55338319999998,1.29
fourood,sun_seed123,L14+D3B+D3L,Tlp,TANL,99.43748410000002,1.5699999999999998
fourood,sun_seed123,L14+D3B+D3L,Tq0.05,none,99.6143593,1.01
fourood,sun_seed123,L14+D3B+D3L,Tq0.05,TINS,99.68706780000001,0.7000000000000001
fourood,sun_seed123,L14+D3B+D3L,Tq0.05,TANL,99.6555285,0.86
fourood,sun_seed123,L14+D3B+D3L,Tq0.2,none,99.5526062,1.37
fourood,sun_seed123,L14+D3B+D3L,Tq0.2,TINS,99.65508120000001,0.96
fourood,sun_seed123,L14+D3B+D3L,Tq0.2,TANL,99.6101029,1.1199999999999999
fourood,sun_seed123,L14+D3B+D3L,Tnn,none,99.60856360000001,1.23
fourood,sun_seed123,L14+D3B+D3L,Tnn,TINS,99.67835059999999,0.91
fourood,sun_seed123,L14+D3B+D3L,Tnn,TANL,99.64451100000001,1.04
fourood,sun_seed123,L14+D3B+D3L,Tk20,none,99.62239399999999,1.01
fourood,sun_seed123,L14+D3B+D3L,Tk20,TINS,99.6890388,0.75
fourood,sun_seed123,L14+D3B+D3L,Tk20,TANL,99.6591163,0.8500000000000001
fourood,sun_seed123,L14+D3B+D3L,Tlp20,none,99.35187979999999,1.68
fourood,sun_seed123,L14+D3B+D3L,Tlp20,TINS,99.5918738,0.98
fourood,sun_seed123,L14+D3B+D3L,Tlp20,TANL,99.5043034,1.17
fourood,sun_seed123,L14+D3B+D3L,SL,none,98.9945708,3.9600000000000004
fourood,sun_seed123,L14+D3B+D3L,SL,TINS,99.31494040000001,2.71
fourood,sun_seed123,L14+D3B+D3L,SL,TANL,99.202835,3.1
fourood,sun_seed123,L14+D3B+D3L,static,none,91.9377099,36.54
fourood,sun_seed123,L14+D3B+D3L,static,TINS,97.73699,8.790000000000001
fourood,sun_seed123,L14+D3B+D3L,static,TANL,95.9702724,18.05
fourood,sun_seed123,B14+L14+D3L,T,none,99.5495011,1.43
fourood,sun_seed123,B14+L14+D3L,T,TINS,99.65216720000001,1.03
fourood,sun_seed123,B14+L14+D3L,T,TANL,99.60564590000001,1.17
fourood,sun_seed123,B14+L14+D3L,Tlp,none,99.14063139999999,2.53
fourood,sun_seed123,B14+L14+D3L,Tlp,TINS,99.526158,1.46
fourood,sun_seed123,B14+L14+D3L,Tlp,TANL,99.38863380000001,1.8800000000000001
fourood,sun_seed123,B14+L14+D3L,Tq0.05,none,99.5800845,1.2
fourood,sun_seed123,B14+L14+D3L,Tq0.05,TINS,99.66654439999999,0.8200000000000001
fourood,sun_seed123,B14+L14+D3L,Tq0.05,TANL,99.6271794,0.9400000000000001
fourood,sun_seed123,B14+L14+D3L,Tq0.2,none,99.49295740000001,1.68
fourood,sun_seed123,B14+L14+D3L,Tq0.2,TINS,99.62213360000001,1.25
fourood,sun_seed123,B14+L14+D3L,Tq0.2,TANL,99.5636618,1.38
fourood,sun_seed123,B14+L14+D3L,Tnn,none,99.5523484,1.48
fourood,sun_seed123,B14+L14+D3L,Tnn,TINS,99.6400466,1.2
fourood,sun_seed123,B14+L14+D3L,Tnn,TANL,99.5964448,1.26
fourood,sun_seed123,B14+L14+D3L,Tk20,none,99.59033399999998,1.11
fourood,sun_seed123,B14+L14+D3L,Tk20,TINS,99.669613,0.83
fourood,sun_seed123,B14+L14+D3L,Tk20,TANL,99.63249819999999,0.9400000000000001
fourood,sun_seed123,B14+L14+D3L,Tlp20,none,99.30823290000001,1.9800000000000002
fourood,sun_seed123,B14+L14+D3L,Tlp20,TINS,99.57759779999999,1.11
fourood,sun_seed123,B14+L14+D3L,Tlp20,TANL,99.4786393,1.39
fourood,sun_seed123,B14+L14+D3L,SL,none,98.87271790000001,4.51
fourood,sun_seed123,B14+L14+D3L,SL,TINS,99.24889200000001,3.0300000000000002
fourood,sun_seed123,B14+L14+D3L,SL,TANL,99.10788919999999,3.58
fourood,sun_seed123,B14+L14+D3L,static,none,92.1208206,35.870000000000005
fourood,sun_seed123,B14+L14+D3L,static,TINS,97.73533940000002,8.82
fourood,sun_seed123,B14+L14+D3L,static,TANL,96.0197719,17.62
fourood,sun_seed123,B14+L14+D3B+D3L,T,none,99.5946991,1.23
fourood,sun_seed123,B14+L14+D3B+D3L,T,TINS,99.666251,0.9199999999999999
fourood,sun_seed123,B14+L14+D3B+D3L,T,TANL,99.63263200000002,1.04
fourood,sun_seed123,B14+L14+D3B+D3L,Tlp,none,99.22515790000001,2.31
fourood,sun_seed123,B14+L14+D3B+D3L,Tlp,TINS,99.5207508,1.4200000000000002
fourood,sun_seed123,B14+L14+D3B+D3L,Tlp,TANL,99.4057304,1.76
fourood,sun_seed123,B14+L14+D3B+D3L,Tq0.05,none,99.6146124,1.06
fourood,sun_seed123,B14+L14+D3B+D3L,Tq0.05,TINS,99.6764366,0.79
fourood,sun_seed123,B14+L14+D3B+D3L,Tq0.05,TANL,99.6474451,0.8699999999999999
fourood,sun_seed123,B14+L14+D3B+D3L,Tq0.2,none,99.55148229999999,1.39
fourood,sun_seed123,B14+L14+D3B+D3L,Tq0.2,TINS,99.6393336,1.0999999999999999
fourood,sun_seed123,B14+L14+D3B+D3L,Tq0.2,TANL,99.59792480000002,1.21
fourood,sun_seed123,B14+L14+D3B+D3L,Tnn,none,99.6073346,1.25
fourood,sun_seed123,B14+L14+D3B+D3L,Tnn,TINS,99.66409780000001,1.05
fourood,sun_seed123,B14+L14+D3B+D3L,Tnn,TANL,99.6350174,1.1199999999999999
fourood,sun_seed123,B14+L14+D3B+D3L,Tk20,none,99.61759049999999,1.01
fourood,sun_seed123,B14+L14+D3B+D3L,Tk20,TINS,99.6754742,0.79
fourood,sun_seed123,B14+L14+D3B+D3L,Tk20,TANL,99.6478057,0.8699999999999999
fourood,sun_seed123,B14+L14+D3B+D3L,Tlp20,none,99.3530137,1.73
fourood,sun_seed123,B14+L14+D3B+D3L,Tlp20,TINS,99.56857640000001,1.08
fourood,sun_seed123,B14+L14+D3B+D3L,Tlp20,TANL,99.4827255,1.3299999999999998
fourood,sun_seed123,B14+L14+D3B+D3L,SL,none,98.979142,3.9899999999999998
fourood,sun_seed123,B14+L14+D3B+D3L,SL,TINS,99.25538619999999,2.9499999999999997
fourood,sun_seed123,B14+L14+D3B+D3L,SL,TANL,99.1476586,3.36
fourood,sun_seed123,B14+L14+D3B+D3L,static,none,91.9418045,36.01
fourood,sun_seed123,B14+L14+D3B+D3L,static,TINS,97.20904859999999,10.97
fourood,sun_seed123,B14+L14+D3B+D3L,static,TANL,95.34163219999998,21.89
fourood,sun_seed123,B14+L14,T,none,99.4218478,2.0500000000000003
fourood,sun_seed123,B14+L14,T,TINS,99.61243659999998,1.29
fourood,sun_seed123,B14+L14,T,TANL,99.5337366,1.54
fourood,sun_seed123,B14+L14,Tlp,none,98.88934289999999,3.37
fourood,sun_seed123,B14+L14,Tlp,TINS,99.5047308,1.52
fourood,sun_seed123,B14+L14,Tlp,TANL,99.3220623,2.1
fourood,sun_seed123,B14+L14,Tq0.05,none,99.4624311,1.6400000000000001
fourood,sun_seed123,B14+L14,Tq0.05,TINS,99.6272852,1.0
fourood,sun_seed123,B14+L14,Tq0.05,TANL,99.55844,1.25
fourood,sun_seed123,B14+L14,Tq0.2,none,99.3477762,2.4299999999999997
fourood,sun_seed123,B14+L14,Tq0.2,TINS,99.5822452,1.46
fourood,sun_seed123,B14+L14,Tq0.2,TANL,99.4872692,1.78
fourood,sun_seed123,B14+L14,Tnn,none,99.4271332,2.06
fourood,sun_seed123,B14+L14,Tnn,TINS,99.591401,1.46
fourood,sun_seed123,B14+L14,Tnn,TANL,99.5167849,1.76
fourood,sun_seed123,B14+L14,Tk20,none,99.48196219999998,1.63
fourood,sun_seed123,B14+L14,Tk20,TINS,99.6306694,1.04
fourood,sun_seed123,B14+L14,Tk20,TANL,99.5672424,1.24
fourood,sun_seed123,B14+L14,Tlp20,none,99.12368980000001,2.75
fourood,sun_seed123,B14+L14,Tlp20,TINS,99.55157100000001,1.25
fourood,sun_seed123,B14+L14,Tlp20,TANL,99.4210826,1.69
fourood,sun_seed123,B14+L14,SL,none,98.568045,5.67
fourood,sun_seed123,B14+L14,SL,TINS,99.20600660000001,3.34
fourood,sun_seed123,B14+L14,SL,TANL,98.98437700000001,4.130000000000001
fourood,sun_seed123,B14+L14,static,none,91.6070747,37.7
fourood,sun_seed123,B14+L14,static,TINS,98.2100114,7.21
fourood,sun_seed123,B14+L14,static,TANL,96.68556219999999,13.819999999999999
